time_s,time_min,current_a,voltage_v,power_w,soc_percent,soh_percent,temperature_c,fan_status,protection_active,cycle_count,warnings
0,0.0,2.0,15.617102407225277,31.234204814450553,79.9888888888889,99.99999722222222,25.00042352942353,0,0,5.555555555555556e-05,Normal
1,0.016666666666666666,2.0,15.616647749648578,31.233295499297157,79.97777777746914,99.99999444444444,25.000846161972984,0,0,0.00011111111111111112,Normal
2,0.03333333333333333,2.0,15.61619307772152,31.23238615544304,79.96666666574075,99.99999166666666,25.001267899547628,0,0,0.0001666666666666667,Normal
3,0.05,2.0,15.61573839143722,31.23147678287444,79.9555555537037,99.99998888888888,25.001688744042703,0,0,0.00022222222222222223,Normal
4,0.06666666666666667,2.0,15.615283690788807,31.230567381577615,79.94444444135803,99.9999861111111,25.002108697349435,0,0,0.0002777777777777778,Normal
5,0.08333333333333333,2.0,15.614828975769399,31.229657951538798,79.93333332870371,99.99998333333332,25.002527761355047,0,0,0.0003333333333333333,Normal
6,0.1,2.0,15.614374246372126,31.228748492744252,79.92222221574075,99.99998055555554,25.002945937942766,0,0,0.00038888888888888887,Normal
7,0.11666666666666667,2.0,15.613919502590116,31.227839005180233,79.91111110246914,99.99997777777776,25.003363228991827,0,0,0.0004444444444444444,Normal
8,0.13333333333333333,2.0,15.613464744416499,31.226929488832997,79.8999999888889,99.99997499999998,25.00377963637749,0,0,0.0005,Normal
9,0.15,2.0,15.613009971844404,31.226019943688808,79.888888875,99.9999722222222,25.004195161971044,0,0,0.0005555555555555556,Normal
10,0.16666666666666666,2.0,15.612555184866968,31.225110369733937,79.87777776080247,99.99996944444442,25.00460980763981,0,0,0.0006111111111111111,Normal
11,0.18333333333333332,2.0,15.61210038347733,31.22420076695466,79.8666666462963,99.99996666666664,25.00502357524716,0,0,0.0006666666666666666,Normal
12,0.2,2.0,15.611645567668615,31.22329113533723,79.85555553148149,99.99996388888886,25.00543646665252,0,0,0.0007222222222222222,Normal
13,0.21666666666666667,2.0,15.611190737433974,31.222381474867948,79.84444441635803,99.99996111111108,25.00584848371137,0,0,0.0007777777777777777,Normal
14,0.23333333333333334,2.0,15.61073589276654,31.22147178553308,79.83333330092593,99.9999583333333,25.006259628275277,0,0,0.0008333333333333333,Normal
15,0.25,2.0,15.61028103365946,31.22056206731892,79.82222218518518,99.99995555555552,25.00666990219187,0,0,0.0008888888888888888,Normal
16,0.26666666666666666,2.0,15.609826160105873,31.219652320211747,79.81111106913579,99.99995277777774,25.007079307304874,0,0,0.0009444444444444444,Normal
17,0.2833333333333333,2.0,15.609371272098928,31.218742544197855,79.79999995277777,99.99994999999996,25.00748784545411,0,0,0.001,Normal
18,0.3,2.0,15.608916369631773,31.217832739263546,79.7888888361111,99.99994722222218,25.007895518475504,0,0,0.0010555555555555557,Normal
19,0.31666666666666665,2.0,15.608461452697554,31.21692290539511,79.77777771913578,99.9999444444444,25.008302328201086,0,0,0.0011111111111111113,Normal
20,0.3333333333333333,2.0,15.608006521289429,31.216013042578858,79.76666660185182,99.99994166666661,25.008708276459014,0,0,0.001166666666666667,Normal
21,0.35,2.0,15.607551575400544,31.215103150801088,79.75555548425923,99.99993888888883,25.00911336507357,0,0,0.0012222222222222226,Normal
22,0.36666666666666664,2.0,15.607096615024053,31.214193230048107,79.744444366358,99.99993611111105,25.00951759586518,0,0,0.0012777777777777783,Normal
23,0.38333333333333336,2.0,15.606641640153118,31.213283280306236,79.73333324814811,99.99993333333327,25.009920970650406,0,0,0.001333333333333334,Normal
24,0.4,2.0,15.606186650780895,31.21237330156179,79.72222212962959,99.9999305555555,25.01032349124197,0,0,0.0013888888888888896,Normal
25,0.4166666666666667,2.0,15.605731646900542,31.211463293801085,79.71111101080243,99.99992777777771,25.01072515944875,0,0,0.0014444444444444452,Normal
26,0.43333333333333335,2.0,15.60527662850522,31.21055325701044,79.69999989166662,99.99992499999993,25.0111259770758,0,0,0.001500000000000001,Normal
27,0.45,2.0,15.604821595588094,31.209643191176188,79.68888877222217,99.99992222222215,25.011525945924344,0,0,0.0015555555555555566,Normal
28,0.4666666666666667,2.0,15.604366548142334,31.208733096284668,79.67777765246908,99.99991944444437,25.011925067791797,0,0,0.0016111111111111122,Normal
29,0.48333333333333334,2.0,15.603911486161099,31.207822972322198,79.66666653240733,99.99991666666659,25.012323344471767,0,0,0.0016666666666666679,Normal
30,0.5,2.0,15.603456409637559,31.206912819275118,79.65555541203696,99.99991388888881,25.012720777754062,0,0,0.0017222222222222235,Normal
31,0.5166666666666667,2.0,15.603001318564889,31.206002637129778,79.64444429135794,99.99991111111103,25.0131173694247,0,0,0.0017777777777777792,Normal
32,0.5333333333333333,2.0,15.602546212936257,31.205092425872515,79.63333317037028,99.99990833333325,25.01351312126592,0,0,0.0018333333333333348,Normal
33,0.55,2.0,15.60209109274484,31.20418218548968,79.62222204907397,99.99990555555547,25.01390803505618,0,0,0.0018888888888888905,Normal
34,0.5666666666666667,2.0,15.601635957983811,31.203271915967623,79.61111092746901,99.99990277777769,25.014302112570178,0,0,0.0019444444444444461,Normal
35,0.5833333333333334,2.0,15.601180808646353,31.202361617292706,79.59999980555543,99.99989999999991,25.01469535557885,0,0,0.0020000000000000018,Normal
36,0.6,2.0,15.600725644725637,31.201451289451274,79.5888886833332,99.99989722222213,25.01508776584939,0,0,0.0020555555555555574,Normal
37,0.6166666666666667,2.0,15.600270466214852,31.200540932429703,79.57777756080232,99.99989444444435,25.015479345145238,0,0,0.002111111111111113,Normal
38,0.6333333333333333,2.0,15.599815273107174,31.199630546214348,79.5666664379628,99.99989166666657,25.015870095226106,0,0,0.0021666666666666687,Normal
39,0.65,2.0,15.599360065395793,31.198720130791585,79.55555531481464,99.99988888888879,25.01626001784798,0,0,0.0022222222222222244,Normal
40,0.6666666666666666,2.0,15.59890484307389,31.19780968614778,79.54444419135784,99.99988611111101,25.016649114763126,0,0,0.00227777777777778,Normal
41,0.6833333333333333,2.0,15.598449606134661,31.196899212269322,79.5333330675924,99.99988333333323,25.017037387720098,0,0,0.0023333333333333357,Normal
42,0.7,2.0,15.597994354571291,31.195988709142583,79.5222219435183,99.99988055555545,25.01742483846375,0,0,0.0023888888888888913,Normal
43,0.7166666666666667,2.0,15.59753908837697,31.19507817675394,79.51111081913557,99.99987777777767,25.01781146873524,0,0,0.002444444444444447,Normal
44,0.7333333333333333,2.0,15.597083807544895,31.19416761508979,79.4999996944442,99.99987499999989,25.018197280272034,0,0,0.0025000000000000027,Normal
45,0.75,2.0,15.596628512068259,31.193257024136518,79.48888856944419,99.99987222222211,25.01858227480793,0,0,0.0025555555555555583,Normal
46,0.7666666666666667,2.0,15.596173201940262,31.192346403880524,79.47777744413553,99.99986944444433,25.01896645407304,0,0,0.002611111111111114,Normal
47,0.7833333333333333,2.0,15.595717877154103,31.191435754308205,79.46666631851822,99.99986666666655,25.019349819793828,0,0,0.0026666666666666696,Normal
48,0.8,2.0,15.595262537702977,31.190525075405954,79.45555519259227,99.99986388888877,25.01973237369309,0,0,0.0027222222222222253,Normal
49,0.8166666666666667,2.0,15.594807183580093,31.189614367160186,79.44444406635769,99.99986111111099,25.020114117489975,0,0,0.002777777777777781,Normal
50,0.8333333333333334,2.0,15.594351814778651,31.188703629557303,79.43333293981446,99.99985833333321,25.020495052899996,0,0,0.0028333333333333366,Normal
51,0.85,2.0,15.59389643129186,31.18779286258372,79.42222181296259,99.99985555555543,25.02087518163503,0,0,0.0028888888888888922,Normal
52,0.8666666666666667,2.0,15.593441033112924,31.18688206622585,79.41111068580207,99.99985277777765,25.021254505403334,0,0,0.002944444444444448,Normal
53,0.8833333333333333,2.0,15.592985620235059,31.185971240470117,79.39999955833291,99.99984999999987,25.021633025909537,0,0,0.0030000000000000035,Normal
54,0.9,2.0,15.59253019265147,31.18506038530294,79.3888884305551,99.99984722222209,25.02201074485467,0,0,0.003055555555555559,Normal
55,0.9166666666666666,2.0,15.592074750355373,31.184149500710745,79.37777730246866,99.9998444444443,25.022387663936154,0,0,0.003111111111111115,Normal
56,0.9333333333333333,2.0,15.591619293339981,31.183238586679963,79.36666617407357,99.99984166666653,25.022763784847818,0,0,0.0031666666666666705,Normal
57,0.95,2.0,15.591163821598515,31.18232764319703,79.35555504536984,99.99983888888875,25.023139109279906,0,0,0.003222222222222226,Normal
58,0.9666666666666667,2.0,15.590708335124189,31.181416670248378,79.34444391635746,99.99983611111097,25.023513638919077,0,0,0.003277777777777782,Normal
59,0.9833333333333333,2.0,15.590252833910228,31.180505667820455,79.33333278703644,99.99983333333319,25.023887375448425,0,0,0.0033333333333333375,Normal
60,1.0,2.0,15.589797317949849,31.179594635899697,79.32222165740679,99.9998305555554,25.024260320547477,0,0,0.003388888888888893,Normal
61,1.0166666666666666,2.0,15.589341787236279,31.178683574472558,79.31111052746849,99.99982777777763,25.0246324758922,0,0,0.0034444444444444488,Normal
62,1.0333333333333334,2.0,15.588886241762744,31.177772483525487,79.29999939722154,99.99982499999984,25.025003843155016,0,0,0.0035000000000000044,Normal
63,1.05,2.0,15.58843068152247,31.17686136304494,79.28888826666595,99.99982222222206,25.025374424004806,0,0,0.00355555555555556,Normal
64,1.0666666666666667,2.0,15.587975106508685,31.17595021301737,79.27777713580171,99.99981944444428,25.025744220106912,0,0,0.0036111111111111157,Normal
65,1.0833333333333333,2.0,15.587519516714623,31.175039033429247,79.26666600462883,99.9998166666665,25.026113233123155,0,0,0.0036666666666666714,Normal
66,1.1,2.0,15.587063912133518,31.174127824267035,79.25555487314732,99.99981388888872,25.026481464711836,0,0,0.003722222222222227,Normal
67,1.1166666666666667,2.0,15.586608292758601,31.173216585517203,79.24444374135716,99.99981111111094,25.02684891652774,0,0,0.0037777777777777827,Normal
68,1.1333333333333333,2.0,15.586152658583112,31.172305317166224,79.23333260925835,99.99980833333316,25.027215590222152,0,0,0.0038333333333333383,Normal
69,1.15,2.0,15.585697009600286,31.171394019200573,79.2222214768509,99.99980555555538,25.02758148744286,0,0,0.003888888888888894,Normal
70,1.1666666666666667,2.0,15.585241345803363,31.170482691606725,79.21111034413481,99.9998027777776,25.027946609834157,0,0,0.003944444444444449,Normal
71,1.1833333333333333,2.0,15.584785667185587,31.169571334371174,79.19999921111007,99.99979999999982,25.02831095903686,0,0,0.004000000000000004,Normal
72,1.2,2.0,15.584329973740205,31.16865994748041,79.1888880777767,99.99979722222204,25.028674536688314,0,0,0.00405555555555556,Normal
73,1.2166666666666666,2.0,15.583874265460457,31.167748530920914,79.17777694413468,99.99979444444426,25.029037344422385,0,0,0.004111111111111115,Normal
74,1.2333333333333334,2.0,15.58341854233959,31.16683708467918,79.16666581018401,99.99979166666648,25.02939938386949,0,0,0.00416666666666667,Normal
75,1.25,2.0,15.582962804370856,31.165925608741713,79.1555546759247,99.9997888888887,25.02976065665659,0,0,0.004222222222222225,Normal
76,1.2666666666666666,2.0,15.582507051547509,31.165014103095018,79.14444354135675,99.99978611111092,25.0301211644072,0,0,0.0042777777777777805,Normal
77,1.2833333333333334,2.0,15.582051283862794,31.16410256772559,79.13333240648015,99.99978333333314,25.030480908741396,0,0,0.004333333333333336,Normal
78,1.3,2.0,15.581595501309971,31.163191002619943,79.12222127129492,99.99978055555536,25.030839891275825,0,0,0.004388888888888891,Normal
79,1.3166666666666667,2.0,15.581139703882293,31.162279407764586,79.11111013580104,99.99977777777758,25.031198113623713,0,0,0.004444444444444446,Normal
80,1.3333333333333333,2.0,15.580683891573024,31.161367783146048,79.09999899999852,99.9997749999998,25.03155557739486,0,0,0.004500000000000001,Normal
81,1.35,2.0,15.580228064375417,31.160456128750834,79.08888786388735,99.99977222222202,25.031912284195673,0,0,0.004555555555555557,Normal
82,1.3666666666666667,2.0,15.579772222282738,31.159544444565476,79.07777672746754,99.99976944444424,25.032268235629143,0,0,0.004611111111111112,Normal
83,1.3833333333333333,2.0,15.57931636528825,31.1586327305765,79.06666559073908,99.99976666666646,25.03262343329487,0,0,0.004666666666666667,Normal
84,1.4,2.0,15.578860493385216,31.157720986770432,79.05555445370199,99.99976388888868,25.03297787878907,0,0,0.004722222222222222,Normal
85,1.4166666666666667,2.0,15.578404606566908,31.156809213133815,79.04444331635625,99.9997611111109,25.033331573704576,0,0,0.0047777777777777775,Normal
86,1.4333333333333333,2.0,15.57794870482659,31.15589740965318,79.03333217870187,99.99975833333312,25.03368451963085,0,0,0.004833333333333333,Normal
87,1.45,2.0,15.577492788157535,31.15498557631507,79.02222104073884,99.99975555555534,25.034036718153985,0,0,0.004888888888888888,Normal
88,1.4666666666666666,2.0,15.577036856553015,31.15407371310603,79.01110990246717,99.99975277777756,25.03438817085672,0,0,0.004944444444444443,Normal
89,1.4833333333333334,2.0,15.57658091000631,31.15316182001262,78.99999876388685,99.99974999999978,25.034738879318436,0,0,0.004999999999999998,Normal
90,1.5,2.0,15.576124948510687,31.152249897021374,78.98888762499789,99.999747222222,25.035088845115173,0,0,0.005055555555555554,Normal
91,1.5166666666666666,2.0,15.57566897205943,31.15133794411886,78.97777648580029,99.99974444444422,25.035438069819634,0,0,0.005111111111111109,Normal
92,1.5333333333333334,2.0,15.57521298064582,31.15042596129164,78.96666534629405,99.99974166666644,25.03578655500119,0,0,0.005166666666666664,Normal
93,1.55,2.0,15.574756974263133,31.149513948526266,78.95555420647916,99.99973888888866,25.036134302225896,0,0,0.005222222222222219,Normal
94,1.5666666666666667,2.0,15.574300952904657,31.148601905809315,78.94444306635563,99.99973611111088,25.036481313056477,0,0,0.0052777777777777745,Normal
95,1.5833333333333333,2.0,15.57384491656368,31.14768983312736,78.93333192592345,99.9997333333331,25.036827589052358,0,0,0.00533333333333333,Normal
96,1.6,2.0,15.57338886523348,31.14677773046696,78.92222078518263,99.99973055555532,25.03717313176966,0,0,0.005388888888888885,Normal
97,1.6166666666666667,2.0,15.572932798907356,31.145865597814712,78.91110964413316,99.99972777777754,25.037517942761205,0,0,0.00544444444444444,Normal
98,1.6333333333333333,2.0,15.572476717578594,31.144953435157188,78.89999850277506,99.99972499999976,25.037862023576533,0,0,0.005499999999999995,Normal
99,1.65,2.0,15.572020621240487,31.144041242480974,78.88888736110832,99.99972222222198,25.0382053757619,0,0,0.0055555555555555506,Normal
100,1.6666666666666667,2.0,15.571564509886331,31.143129019772662,78.87777621913293,99.9997194444442,25.03854800086029,0,0,0.005611111111111106,Normal
101,1.6833333333333333,2.0,15.571108383509419,31.142216767018837,78.86666507684889,99.99971666666642,25.03888990041141,0,0,0.005666666666666661,Normal
102,1.7,2.0,15.570652242103055,31.14130448420611,78.8555539342562,99.99971388888864,25.039231075951715,0,0,0.005722222222222216,Normal
103,1.7166666666666666,2.0,15.570196085660534,31.140392171321068,78.84444279135488,99.99971111111086,25.039571529014406,0,0,0.0057777777777777714,Normal
104,1.7333333333333334,2.0,15.569739914175159,31.139479828350318,78.8333316481449,99.99970833333307,25.039911261129433,0,0,0.005833333333333327,Normal
105,1.75,2.0,15.569283727640233,31.138567455280466,78.82222050462629,99.9997055555553,25.04025027382351,0,0,0.005888888888888882,Normal
106,1.7666666666666666,2.0,15.568827526049066,31.137655052098133,78.81110936079904,99.99970277777751,25.04058856862012,0,0,0.005944444444444437,Normal
107,1.7833333333333334,2.0,15.56837130939496,31.13674261878992,78.79999821666314,99.99969999999973,25.040926147039514,0,0,0.005999999999999992,Normal
108,1.8,2.0,15.567915077671229,31.135830155342457,78.7888870722186,99.99969722222195,25.041263010598723,0,0,0.0060555555555555475,Normal
109,1.8166666666666667,2.0,15.567458830871177,31.134917661742353,78.77777592746541,99.99969444444417,25.041599160811572,0,0,0.006111111111111103,Normal
110,1.8333333333333333,2.0,15.567002568988123,31.134005137976246,78.76666478240358,99.9996916666664,25.041934599188675,0,0,0.006166666666666658,Normal
111,1.85,2.0,15.566546292015383,31.133092584030766,78.7555536370331,99.99968888888861,25.042269327237452,0,0,0.006222222222222213,Normal
112,1.8666666666666667,2.0,15.566089999946266,31.132179999892532,78.74444249135398,99.99968611111083,25.042603346462126,0,0,0.006277777777777768,Normal
113,1.8833333333333333,2.0,15.565633692774094,31.13126738554819,78.73333134536621,99.99968333333305,25.042936658363736,0,0,0.006333333333333324,Normal
114,1.9,2.0,15.56517737049219,31.13035474098438,78.7222201990698,99.99968055555527,25.04326926444014,0,0,0.006388888888888879,Normal
115,1.9166666666666667,2.0,15.564721033093875,31.12944206618775,78.71110905246475,99.99967777777749,25.043601166186033,0,0,0.006444444444444434,Normal
116,1.9333333333333333,2.0,15.564264680572471,31.128529361144942,78.69999790555106,99.99967499999971,25.04393236509293,0,0,0.006499999999999989,Normal
117,1.95,2.0,15.563808312921305,31.12761662584261,78.68888675832872,99.99967222222193,25.044262862649205,0,0,0.0065555555555555445,Normal
118,1.9666666666666666,2.0,15.563351930133702,31.126703860267405,78.67777561079774,99.99966944444415,25.044592660340065,0,0,0.0066111111111111,Normal
119,1.9833333333333334,2.0,15.562895532202994,31.125791064405988,78.66666446295811,99.99966666666637,25.04492175964758,0,0,0.006666666666666655,Normal
120,2.0,6.0,15.2015250175236,91.2091501051416,78.63333101851329,99.99965833333304,25.048638408944797,0,0,0.0068333333333333215,Normal
121,2.0166666666666666,6.0,15.2001555663163,91.2009333978978,78.59999757129067,99.99964999999972,25.05234718800821,0,0,0.006999999999999988,Normal
122,2.033333333333333,6.0,15.198785978401284,91.19271587040771,78.56666412129026,99.99964166666639,25.056048113504193,0,0,0.0071666666666666545,Normal
123,2.05,6.0,15.197416253598899,91.18449752159339,78.53333066851205,99.99963333333307,25.059741202063833,0,0,0.007333333333333321,Normal
124,2.066666666666667,6.0,15.196046391729634,91.1762783503778,78.49999721295605,99.99962499999974,25.06342647028299,0,0,0.007499999999999988,Normal
125,2.0833333333333335,6.0,15.194676392614134,91.1680583556848,78.46666375462225,99.99961666666641,25.067103934722393,0,0,0.007666666666666654,Normal
126,2.1,6.0,15.193306256073189,91.15983753643914,78.43333029351065,99.99960833333309,25.070773611907686,0,0,0.00783333333333332,Normal
127,2.1166666666666667,6.0,15.191935981927744,91.15161589156646,78.39999682962124,99.99959999999976,25.07443551832953,0,0,0.007999999999999988,Normal
128,2.1333333333333333,6.0,15.190565569998892,91.14339341999334,78.36666336295404,99.99959166666643,25.078089670443656,0,0,0.008166666666666655,Normal
129,2.15,6.0,15.189195020107878,91.13517012064727,78.33332989350905,99.9995833333331,25.08173608467095,0,0,0.008333333333333323,Normal
130,2.1666666666666665,6.0,15.187824332076099,91.1269459924566,78.29999642128624,99.99957499999978,25.08537477739753,0,0,0.00849999999999999,Normal
131,2.183333333333333,6.0,15.1864535057251,91.1187210343506,78.26666294628563,99.99956666666645,25.089005764974804,0,0,0.008666666666666658,Normal
132,2.2,6.0,15.18508254087658,91.11049524525949,78.23332946850724,99.99955833333313,25.092629063719563,0,0,0.008833333333333325,Normal
133,2.216666666666667,6.0,15.18371143735239,91.10226862411434,78.19999598795103,99.9995499999998,25.09624468991404,0,0,0.008999999999999992,Normal
134,2.2333333333333334,6.0,15.18234019497453,91.09404116984719,78.16666250461702,99.99954166666647,25.099852659805986,0,0,0.00916666666666666,Normal
135,2.25,6.0,15.180968813565158,91.08581288139095,78.13332901850521,99.99953333333315,25.10345298960875,0,0,0.009333333333333327,Normal
136,2.2666666666666666,6.0,15.179597292946578,91.07758375767946,78.0999955296156,99.99952499999982,25.107045695501345,0,0,0.009499999999999995,Normal
137,2.283333333333333,6.0,15.17822563294125,91.06935379764751,78.06666203794818,99.9995166666665,25.11063079362852,0,0,0.009666666666666662,Normal
138,2.3,6.0,15.176853833371784,91.06112300023071,78.03332854350296,99.99950833333317,25.114208300100834,0,0,0.00983333333333333,Normal
139,2.316666666666667,6.0,15.175481894060946,91.05289136436568,77.99999504627993,99.99949999999984,25.117778230994737,0,0,0.009999999999999997,Normal
140,2.3333333333333335,6.0,15.174109814831652,91.04465888898991,77.9666615462791,99.99949166666651,25.121340602352632,0,0,0.010166666666666664,Normal
141,2.35,6.0,15.17273759550697,91.03642557304181,77.93332804350045,99.99948333333319,25.124895430182942,0,0,0.010333333333333332,Normal
142,2.3666666666666667,6.0,15.17136523591013,91.02819141546078,77.89999453794401,99.99947499999986,25.1284427304602,0,0,0.010499999999999999,Normal
143,2.3833333333333333,6.0,15.169992735864508,91.01995641518704,77.86666102960976,99.99946666666654,25.13198251912511,0,0,0.010666666666666666,Normal
144,2.4,6.0,15.16862009519363,91.01172057116177,77.8333275184977,99.99945833333321,25.135514812084608,0,0,0.010833333333333334,Normal
145,2.4166666666666665,6.0,15.167247313721187,91.00348388232712,77.79999400460783,99.99944999999988,25.139039625211957,0,0,0.011000000000000001,Normal
146,2.433333333333333,6.0,15.16587439127102,90.99524634762612,77.76666048794014,99.99944166666656,25.142556974346803,0,0,0.011166666666666668,Normal
147,2.45,6.0,15.164501327667118,90.98700796600271,77.73332696849467,99.99943333333323,25.146066875295244,0,0,0.011333333333333336,Normal
148,2.466666666666667,6.0,15.16312812273363,90.97876873640178,77.69999344627138,99.9994249999999,25.149569343829913,0,0,0.011500000000000003,Normal
149,2.4833333333333334,6.0,15.161754776294861,90.97052865776917,77.66665992127028,99.99941666666658,25.153064395690038,0,0,0.01166666666666667,Normal
150,2.5,6.0,15.160381288175271,90.96228772905162,77.63332639349137,99.99940833333325,25.156552046581517,0,0,0.011833333333333338,Normal
151,2.5166666666666666,6.0,15.159007658199473,90.95404594919684,77.59999286293466,99.99939999999992,25.16003231217699,0,0,0.012000000000000005,Normal
152,2.533333333333333,6.0,15.157633886192233,90.9458033171534,77.56665932960013,99.9993916666666,25.16350520811591,0,0,0.012166666666666673,Normal
153,2.55,6.0,15.156259971978477,90.93755983187086,77.53332579348778,99.99938333333327,25.166970750004605,0,0,0.01233333333333334,Normal
154,2.566666666666667,6.0,15.154885915383286,90.92931549229971,77.49999225459761,99.99937499999994,25.17042895341636,0,0,0.012500000000000008,Normal
155,2.5833333333333335,6.0,15.153511716231895,90.92107029739137,77.46665871292964,99.99936666666662,25.173879833891476,0,0,0.012666666666666675,Normal
156,2.6,6.0,15.152137374349696,90.91282424609818,77.43332516848386,99.99935833333329,25.177323406937354,0,0,0.012833333333333342,Normal
157,2.6166666666666667,6.0,15.150762889562237,90.90457733737342,77.39999162126027,99.99934999999996,25.180759688028544,0,0,0.01300000000000001,Normal
158,2.6333333333333333,6.0,15.149388261695226,90.89632957017136,77.36665807125887,99.99934166666664,25.18418869260684,0,0,0.013166666666666677,Normal
159,2.65,6.0,15.14801349057452,90.88808094344712,77.33332451847964,99.99933333333331,25.187610436081318,0,0,0.013333333333333345,Normal
160,2.6666666666666665,6.0,15.146638576026143,90.87983145615686,77.2999909629226,99.99932499999998,25.19102493382844,0,0,0.013500000000000012,Normal
161,2.683333333333333,6.0,15.145263517876268,90.87158110725761,77.26665740458776,99.99931666666666,25.194432201192097,0,0,0.01366666666666668,Normal
162,2.7,6.0,15.143888315951227,90.86332989570735,77.23332384347509,99.99930833333333,25.19783225348369,0,0,0.013833333333333347,Normal
163,2.716666666666667,6.0,15.14251297007751,90.85507782046506,77.19999027958461,99.9993,25.201225105982193,0,0,0.014000000000000014,Normal
164,2.7333333333333334,6.0,15.141137480081767,90.8468248804906,77.1666567129163,99.99929166666668,25.20461077393423,0,0,0.014166666666666682,Normal
165,2.75,6.0,15.139761845790801,90.8385710747448,77.1333231434702,99.99928333333335,25.207989272554133,0,0,0.014333333333333349,Normal
166,2.7666666666666666,6.0,15.138386067031577,90.83031640218947,77.09998957124625,99.99927500000003,25.21136061702402,0,0,0.014500000000000016,Normal
167,2.783333333333333,6.0,15.137010143631219,90.82206086178732,77.0666559962445,99.9992666666667,25.214724822493853,0,0,0.014666666666666684,Normal
168,2.8,6.0,15.135634075417007,90.81380445250204,77.03332241846493,99.99925833333337,25.21808190408151,0,0,0.014833333333333351,Normal
169,2.816666666666667,6.0,15.134257862216382,90.8055471732983,76.99998883790755,99.99925000000005,25.221431876872867,0,0,0.015000000000000019,Normal
170,2.8333333333333335,6.0,15.132881503856934,90.7972890231416,76.96665525457234,99.99924166666672,25.224774755921842,0,0,0.015166666666666686,Normal
171,2.85,6.0,15.13150500016643,90.78903000099858,76.93332166845931,99.9992333333334,25.228110556250478,0,0,0.015333333333333353,Normal
172,2.8666666666666667,6.0,15.130128350972779,90.78077010583667,76.89998807956846,99.99922500000007,25.231439292849007,0,0,0.01550000000000002,Normal
173,2.8833333333333333,6.0,15.128751556104056,90.77250933662434,76.8666544878998,99.99921666666674,25.234760980675915,0,0,0.015666666666666686,Normal
174,2.9,6.0,15.127374615388502,90.76424769233101,76.8333208934533,99.99920833333341,25.238075634658014,0,0,0.015833333333333352,Normal
175,2.9166666666666665,6.0,15.125997528654505,90.75598517192702,76.79998729622899,99.99920000000009,25.241383269690502,0,0,0.016000000000000018,Normal
176,2.933333333333333,6.0,15.124620295730624,90.74772177438375,76.76665369622685,99.99919166666676,25.24468390063704,0,0,0.016166666666666683,Normal
177,2.95,6.0,15.123242916445571,90.73945749867343,76.73332009344689,99.99918333333343,25.247977542329807,0,0,0.01633333333333335,Normal
178,2.966666666666667,6.0,15.121865390628225,90.73119234376935,76.69998648788912,99.99917500000011,25.25126420956958,0,0,0.016500000000000015,Normal
179,2.9833333333333334,6.0,15.120487718107617,90.7229263086457,76.66665287955352,99.99916666666678,25.254543917125787,0,0,0.01666666666666668,Normal
180,3.0,6.0,15.119109898712948,90.71465939227768,76.6333192684401,99.99915833333345,25.257816679736578,0,0,0.016833333333333346,Normal
181,3.0166666666666666,6.0,15.117731932273568,90.7063915936414,76.59998565454886,99.99915000000013,25.2610825121089,0,0,0.01700000000000001,Normal
182,3.033333333333333,6.0,15.116353818618999,90.698122911714,76.56665203787979,99.9991416666668,25.264341428918552,0,0,0.017166666666666677,Normal
183,3.05,6.0,15.11497555757892,90.68985334547352,76.53331841843288,99.99913333333348,25.267593444810252,0,0,0.017333333333333343,Normal
184,3.066666666666667,6.0,15.113597148983173,90.68158289389903,76.49998479620815,99.99912500000015,25.270838574397715,0,0,0.01750000000000001,Normal
185,3.0833333333333335,6.0,15.112218592661758,90.67331155597054,76.4666511712056,99.99911666666682,25.274076832263695,0,0,0.017666666666666674,Normal
186,3.1,6.0,15.110839888444838,90.66503933066903,76.43331754342522,99.9991083333335,25.277308232960078,0,0,0.01783333333333334,Normal
187,3.1166666666666667,6.0,15.109461036162745,90.65676621697648,76.39998391286701,99.99910000000017,25.28053279100793,0,0,0.018000000000000006,Normal
188,3.1333333333333333,6.0,15.108082035645962,90.64849221387577,76.36665027953099,99.99909166666684,25.28375052089756,0,0,0.01816666666666667,Normal
189,3.15,6.0,15.106702886725138,90.64021732035083,76.33331664341712,99.99908333333352,25.2869614370886,0,0,0.018333333333333337,Normal
190,3.1666666666666665,6.0,15.10532358923109,90.63194153538655,76.29998300452543,99.99907500000019,25.29016555401006,0,0,0.018500000000000003,Normal
191,3.183333333333333,6.0,15.103944142994793,90.62366485796876,76.26664936285592,99.99906666666686,25.29336288606039,0,0,0.018666666666666668,Normal
192,3.2,6.0,15.102564547847386,90.61538728708432,76.23331571840856,99.99905833333354,25.296553447607558,0,0,0.018833333333333334,Normal
193,3.216666666666667,6.0,15.10118480362017,90.60710882172101,76.19998207118338,99.99905000000021,25.299737252989093,0,0,0.019,Normal
194,3.2333333333333334,6.0,15.09980491014461,90.59882946086765,76.16664842118038,99.99904166666688,25.302914316512176,0,0,0.019166666666666665,Normal
195,3.25,6.0,15.098424867252334,90.590549203514,76.13331476839954,99.99903333333356,25.30608465245368,0,0,0.01933333333333333,Normal
196,3.2666666666666666,6.0,15.097044674775134,90.5822680486508,76.09998111284088,99.99902500000023,25.30924827506025,0,0,0.019499999999999997,Normal
197,3.283333333333333,6.0,15.095664332544972,90.57398599526984,76.06664745450438,99.9990166666669,25.312405198548355,0,0,0.019666666666666662,Normal
198,3.3,6.0,15.094283840393958,90.56570304236375,76.03331379339004,99.99900833333358,25.31555543710437,0,0,0.019833333333333328,Normal
199,3.316666666666667,6.0,15.092903198154382,90.55741918892629,75.99998012949787,99.99900000000025,25.318699004884618,0,0,0.019999999999999993,Normal
200,3.3333333333333335,6.0,15.091522405658692,90.54913443395215,75.96664646282787,99.99899166666692,25.32183591601545,0,0,0.02016666666666666,Normal
201,3.35,6.0,15.090141462739501,90.540848776437,75.93331279338004,99.9989833333336,25.324966184593297,0,0,0.020333333333333325,Normal
202,3.3666666666666667,6.0,15.088760369229586,90.53256221537751,75.89997912115437,99.99897500000027,25.328089824684746,0,0,0.02049999999999999,Normal
203,3.3833333333333333,6.0,15.087379124961892,90.52427474977135,75.86664544615087,99.99896666666695,25.33120685032659,0,0,0.020666666666666656,Normal
204,3.4,6.0,15.085997729769526,90.51598637861716,75.83331176836953,99.99895833333362,25.3343172755259,0,0,0.020833333333333322,Normal
205,3.4166666666666665,6.0,15.08461618348576,90.50769710091456,75.79997808781036,99.99895000000029,25.33742111426008,0,0,0.020999999999999987,Normal
206,3.433333333333333,6.0,15.083234485944036,90.49940691566422,75.76664440447335,99.99894166666697,25.340518380476944,0,0,0.021166666666666653,Normal
207,3.45,6.0,15.081852636977954,90.49111582186772,75.73331071835851,99.99893333333364,25.34360908809476,0,0,0.02133333333333332,Normal
208,3.466666666666667,6.0,15.080470636421287,90.48282381852772,75.69997702946583,99.99892500000031,25.34669325100232,0,0,0.021499999999999984,Normal
209,3.4833333333333334,6.0,15.07908848410797,90.47453090464782,75.6666433377953,99.99891666666699,25.349770883059023,0,0,0.02166666666666665,Normal
210,3.5,6.0,15.077706179872107,90.46623707923264,75.63330964334695,99.99890833333366,25.3528419980949,0,0,0.021833333333333316,Normal
211,3.5166666666666666,6.0,15.076323723547967,90.4579423412878,75.59997594612075,99.99890000000033,25.355906609910697,0,0,0.02199999999999998,Normal
212,3.533333333333333,6.0,15.074941114969985,90.4496466898199,75.56664224611671,99.998891666667,25.358964732277943,0,0,0.022166666666666647,Normal
213,3.55,6.0,15.073558353972764,90.44135012383659,75.53330854333484,99.99888333333368,25.362016378939003,0,0,0.022333333333333313,Normal
214,3.566666666666667,6.0,15.07217544039107,90.43305264234642,75.49997483777513,99.99887500000035,25.36506156360713,0,0,0.02249999999999998,Normal
215,3.5833333333333335,6.0,15.070792374059844,90.42475424435906,75.46664112943758,99.99886666666703,25.368100299966553,0,0,0.022666666666666644,Normal
216,3.6,6.0,15.069409154814185,90.41645492888512,75.43330741832219,99.9988583333337,25.371132601672507,0,0,0.02283333333333331,Normal
217,3.6166666666666667,6.0,15.068025782489368,90.4081546949362,75.39997370442896,99.99885000000037,25.37415848235132,0,0,0.022999999999999975,Normal
218,3.6333333333333333,6.0,15.06664225692083,90.39985354152498,75.36663998775788,99.99884166666705,25.37717795560046,0,0,0.02316666666666664,Normal
219,3.65,6.0,15.065258577944176,90.39155146766505,75.33330626830896,99.99883333333372,25.3801910349886,0,0,0.023333333333333307,Normal
220,3.6666666666666665,6.0,15.063874745395184,90.38324847237111,75.2999725460822,99.9988250000004,25.38319773405568,0,0,0.023499999999999972,Normal
221,3.683333333333333,6.0,15.062490759109794,90.37494455465877,75.2666388210776,99.99881666666707,25.386198066312975,0,0,0.023666666666666638,Normal
222,3.7,6.0,15.061106618924121,90.36663971354473,75.23330509329516,99.99880833333374,25.389192045243135,0,0,0.023833333333333304,Normal
223,3.716666666666667,6.0,15.059722324674441,90.35833394804665,75.19997136273487,99.99880000000041,25.392179684300267,0,0,0.02399999999999997,Normal
224,3.7333333333333334,6.0,15.058337876197205,90.35002725718323,75.16663762939673,99.99879166666709,25.395160996909983,0,0,0.024166666666666635,Normal
225,3.75,6.0,15.056953273329027,90.34171963997416,75.13330389328075,99.99878333333376,25.398135996469467,0,0,0.0243333333333333,Normal
226,3.7666666666666666,6.0,15.055568515906698,90.33341109544018,75.09997015438694,99.99877500000044,25.40110469634753,0,0,0.024499999999999966,Normal
227,3.783333333333333,6.0,15.054183603767171,90.32510162260303,75.06663641271527,99.99876666666711,25.40406710988468,0,0,0.024666666666666632,Normal
228,3.8,6.0,15.052798536747572,90.31679122048543,75.03330266826575,99.99875833333378,25.40702325039316,0,0,0.024833333333333298,Normal
229,3.816666666666667,6.0,15.051413314685197,90.30847988811118,74.99996892103839,99.99875000000046,25.40997313115703,0,0,0.024999999999999963,Normal
230,3.8333333333333335,6.0,15.05002793741751,90.30016762450506,74.96663517103318,99.99874166666713,25.41291676543223,0,0,0.02516666666666663,Normal
231,3.85,6.0,15.048642404782148,90.29185442869289,74.93330141825012,99.9987333333338,25.415854166446607,0,0,0.025333333333333295,Normal
232,3.8666666666666667,6.0,15.047256716616912,90.28354029970147,74.89996766268922,99.99872500000048,25.418785347400014,0,0,0.02549999999999996,Normal
233,3.8833333333333333,6.0,15.045870872759778,90.27522523655867,74.86663390435046,99.99871666666715,25.421710321464342,0,0,0.025666666666666626,Normal
234,3.9,6.0,15.044484873048894,90.26690923829337,74.83330014323387,99.99870833333382,25.424629101783594,0,0,0.02583333333333329,Normal
235,3.9166666666666665,6.0,15.043098717322573,90.25859230393544,74.79996637933942,99.9987000000005,25.427541701473935,0,0,0.025999999999999957,Normal
236,3.933333333333333,6.0,15.04171240541931,90.25027443251585,74.76663261266712,99.99869166666717,25.430448133623756,0,0,0.026166666666666623,Normal
237,3.95,6.0,15.040325937177753,90.24195562306652,74.73329884321697,99.99868333333384,25.43334841129373,0,0,0.02633333333333329,Normal
238,3.966666666666667,6.0,15.03893931243674,90.23363587462045,74.69996507098897,99.99867500000052,25.436242547516873,0,0,0.026499999999999954,Normal
239,3.9833333333333334,6.0,15.03755253103527,90.22531518621162,74.66663129598311,99.99866666666719,25.4391305552986,0,0,0.02666666666666662,Normal
240,4.0,9.0,14.76546843113629,132.8892158802266,74.61663062930755,99.9986541666672,25.44677721778297,0,0,0.02691666666666662,Normal
241,4.016666666666667,9.0,14.763387577847407,132.87048820062665,74.56662995638183,99.9986416666672,25.454407688407077,0,0,0.02716666666666662,Normal
242,4.033333333333333,9.0,14.761306370627425,132.85175733564682,74.51662927720594,99.9986291666672,25.46202200145957,0,0,0.02741666666666662,Normal
243,4.05,9.0,14.75922480893602,132.8330232804242,74.46662859177988,99.9986166666672,25.46962019115648,0,0,0.02766666666666662,Normal
244,4.066666666666666,9.0,14.757142892233743,132.8142860301037,74.41662790010365,99.9986041666672,25.477202291641383,0,0,0.02791666666666662,Normal
245,4.083333333333333,9.0,14.755060619982016,132.79554557983815,74.36662720217724,99.99859166666721,25.484768336985553,0,0,0.02816666666666662,Normal
246,4.1,9.0,14.752977991643144,132.7768019247883,74.31662649800066,99.99857916666721,25.49231836118811,0,0,0.02841666666666662,Normal
247,4.116666666666666,9.0,14.750895006680302,132.75805506012273,74.2666257875739,99.99856666666722,25.499852398176184,0,0,0.02866666666666662,Normal
248,4.133333333333334,9.0,14.74881166455755,132.73930498101794,74.21662507089697,99.99855416666722,25.507370481805047,0,0,0.028916666666666622,Normal
249,4.15,9.0,14.746727964739822,132.7205516826584,74.16662434796984,99.99854166666722,25.514872645858283,0,0,0.029166666666666622,Normal
250,4.166666666666667,9.0,14.744643906692941,132.70179516023646,74.11662361879254,99.99852916666723,25.522358924047936,0,0,0.029416666666666622,Normal
251,4.183333333333334,9.0,14.742559489883607,132.68303540895246,74.06662288336506,99.99851666666723,25.52982935001466,0,0,0.029666666666666622,Normal
252,4.2,9.0,14.74047471377941,132.66427242401468,74.01662214168739,99.99850416666723,25.537283957327862,0,0,0.029916666666666623,Normal
253,4.216666666666667,9.0,14.738389577848817,132.64550620063935,73.96662139375954,99.99849166666723,25.544722779485873,0,0,0.030166666666666623,Normal
254,4.233333333333333,9.0,14.73630408156119,132.62673673405072,73.9166206395815,99.99847916666724,25.55214584991608,0,0,0.030416666666666623,Normal
255,4.25,9.0,14.734218224386776,132.607964019481,73.86661987915326,99.99846666666724,25.55955320197508,0,0,0.030666666666666623,Normal
256,4.266666666666667,9.0,14.732132005796707,132.58918805217036,73.81661911247484,99.99845416666724,25.56694486894884,0,0,0.030916666666666624,Normal
257,4.283333333333333,9.0,14.730045425263013,132.57040882736712,73.76661833954623,99.99844166666725,25.57432088405283,0,0,0.031166666666666624,Normal
258,4.3,9.0,14.727958482258616,132.55162634032754,73.71661756036742,99.99842916666725,25.58168128043219,0,0,0.03141666666666662,Normal
259,4.316666666666666,9.0,14.725871176257321,132.5328405863159,73.66661677493842,99.99841666666725,25.589026091161863,0,0,0.03166666666666662,Normal
260,4.333333333333333,9.0,14.723783506733843,132.5140515606046,73.61661598325922,99.99840416666726,25.596355349246753,0,0,0.03191666666666662,Normal
261,4.35,9.0,14.72169547316378,132.49525925847402,73.56661518532982,99.99839166666726,25.603669087621878,0,0,0.03216666666666662,Normal
262,4.366666666666666,9.0,14.719607075023633,132.4764636752127,73.51661438115022,99.99837916666726,25.610967339152502,0,0,0.03241666666666662,Normal
263,4.383333333333334,9.0,14.717518311790801,132.4576648061172,73.46661357072041,99.99836666666727,25.6182501366343,0,0,0.03266666666666662,Normal
264,4.4,9.0,14.715429182943584,132.43886264649225,73.4166127540404,99.99835416666727,25.625517512793483,0,0,0.03291666666666662,Normal
265,4.416666666666667,9.0,14.713339687961183,132.42005719165064,73.36661193111019,99.99834166666727,25.63276950028698,0,0,0.03316666666666662,Normal
266,4.433333333333334,9.0,14.711249826323694,132.40124843691325,73.31661110192977,99.99832916666728,25.64000613170255,0,0,0.03341666666666662,Normal
267,4.45,9.0,14.709159597512128,132.38243637760917,73.26661026649914,99.99831666666728,25.647227439558943,0,0,0.03366666666666662,Normal
268,4.466666666666667,9.0,14.707069001008392,132.36362100907553,73.2166094248183,99.99830416666728,25.654433456306055,0,0,0.03391666666666662,Normal
269,4.483333333333333,9.0,14.70497803629531,132.3448023266578,73.16660857688726,99.99829166666728,25.661624214325055,0,0,0.03416666666666662,Normal
270,4.5,9.0,14.702886702856597,132.32598032570937,73.116607722706,99.99827916666729,25.668799745928542,0,0,0.03441666666666662,Normal
271,4.516666666666667,9.0,14.700795000176894,132.30715500159204,73.06660686227453,99.99826666666729,25.675960083360692,0,0,0.03466666666666662,Normal
272,4.533333333333333,9.0,14.69870292774174,132.28832634967566,73.01660599559284,99.9982541666673,25.6831052587974,0,0,0.034916666666666624,Normal
273,4.55,9.0,14.696610485037592,132.26949436533832,72.96660512266094,99.9982416666673,25.69023530434642,0,0,0.035166666666666624,Normal
274,4.566666666666666,9.0,14.694517671551816,132.25065904396635,72.91660424347882,99.9982291666673,25.69735025204751,0,0,0.035416666666666624,Normal
275,4.583333333333333,9.0,14.692424486772694,132.23182038095425,72.86660335804648,99.9982166666673,25.704450133872587,0,0,0.035666666666666624,Normal
276,4.6,9.0,14.690330930189418,132.21297837170476,72.8166024663639,99.9982041666673,25.71153498172586,0,0,0.035916666666666625,Normal
277,4.616666666666666,9.0,14.688237001292109,132.194133011629,72.76660156843111,99.99819166666731,25.71860482744397,0,0,0.036166666666666625,Normal
278,4.633333333333334,9.0,14.686142699571793,132.17528429614615,72.71660066424809,99.99817916666731,25.725659702796147,0,0,0.036416666666666625,Normal
279,4.65,9.0,14.684048024520417,132.15643222068374,72.66659975381485,99.99816666666732,25.732699639484345,0,0,0.036666666666666625,Normal
280,4.666666666666667,9.0,14.681952975630852,132.13757678067768,72.61659883713138,99.99815416666732,25.739724669143378,0,0,0.036916666666666625,Normal
281,4.683333333333334,9.0,14.67985755239689,132.118717971572,72.56659791419767,99.99814166666732,25.746734823341075,0,0,0.037166666666666626,Normal
282,4.7,9.0,14.677761754313243,132.09985578881918,72.51659698501373,99.99812916666733,25.75373013357841,0,0,0.037416666666666626,Normal
283,4.716666666666667,9.0,14.67566558087555,132.08099022787997,72.46659604957956,99.99811666666733,25.76071063128966,0,0,0.037666666666666626,Normal
284,4.733333333333333,9.0,14.673569031580373,132.06212128422337,72.41659510789516,99.99810416666733,25.767676347842514,0,0,0.037916666666666626,Normal
285,4.75,9.0,14.671472105925199,132.04324895332678,72.36659415996053,99.99809166666734,25.774627314538257,0,0,0.03816666666666663,Normal
286,4.766666666666667,9.0,14.66937480340845,132.02437323067605,72.31659320577565,99.99807916666734,25.781563562611883,0,0,0.03841666666666663,Normal
287,4.783333333333333,9.0,14.667277123529464,132.0054941117652,72.26659224534053,99.99806666666734,25.788485123232235,0,0,0.03866666666666663,Normal
288,4.8,9.0,14.665179065788523,131.98661159209672,72.21659127865517,99.99805416666734,25.795392027502153,0,0,0.03891666666666663,Normal
289,4.816666666666666,9.0,14.66308062968683,131.96772566718147,72.16659030571958,99.99804166666735,25.80228430645862,0,0,0.03916666666666663,Normal
290,4.833333333333333,9.0,14.660981814726526,131.94883633253875,72.11658932653374,99.99802916666735,25.809161991072884,0,0,0.03941666666666663,Normal
291,4.85,9.0,14.658882620410687,131.92994358369617,72.06658834109766,99.99801666666735,25.81602511225061,0,0,0.03966666666666663,Normal
292,4.866666666666666,9.0,14.656783046243318,131.91104741618986,72.01658734941132,99.99800416666736,25.82287370083202,0,0,0.03991666666666663,Normal
293,4.883333333333334,9.0,14.65468309172936,131.89214782556425,71.96658635147475,99.99799166666736,25.82970778759202,0,0,0.04016666666666663,Normal
294,4.9,9.0,14.652582756374702,131.87324480737232,71.9165853472879,99.99797916666736,25.836527403240357,0,0,0.04041666666666663,Normal
295,4.916666666666667,9.0,14.650482039686166,131.8543383571755,71.86658433685082,99.99796666666737,25.84333257842173,0,0,0.04066666666666663,Normal
296,4.933333333333334,9.0,14.648380941171506,131.83542847054355,71.81658332016349,99.99795416666737,25.850123343715953,0,0,0.04091666666666663,Normal
297,4.95,9.0,14.646279460339427,131.81651514305483,71.7665822972259,99.99794166666737,25.856899729638084,0,0,0.04116666666666663,Normal
298,4.966666666666667,9.0,14.644177596699572,131.79759837029616,71.71658126803804,99.99792916666738,25.863661766638558,0,0,0.04141666666666663,Normal
299,4.983333333333333,9.0,14.642075349762534,131.7786781478628,71.66658023259993,99.99791666666738,25.870409485103323,0,0,0.04166666666666663,Normal
300,5.0,9.0,14.63997271903984,131.75975447135855,71.61657919091157,99.99790416666738,25.877142915353986,0,0,0.04191666666666663,Normal
301,5.016666666666667,9.0,14.637869704043968,131.7408273363957,71.56657814297293,99.99789166666739,25.88386208764794,0,0,0.04216666666666663,Normal
302,5.033333333333333,9.0,14.635766304288348,131.72189673859512,71.51657708878403,99.99787916666739,25.89056703217851,0,0,0.04241666666666663,Normal
303,5.05,9.0,14.633662519287352,131.70296267358617,71.46657602834487,99.99786666666739,25.897257779075073,0,0,0.04266666666666663,Normal
304,5.066666666666666,9.0,14.631558348556306,131.68402513700676,71.41657496165546,99.9978541666674,25.90393435840321,0,0,0.04291666666666663,Normal
305,5.083333333333333,9.0,14.62945379161148,131.66508412450332,71.36657388871576,99.9978416666674,25.910596800164825,0,0,0.04316666666666663,Normal
306,5.1,9.0,14.627348847970104,131.64613963173093,71.31657280952581,99.9978291666674,25.917245134298298,0,0,0.04341666666666663,Normal
307,5.116666666666666,9.0,14.625243517150357,131.62719165435323,71.26657172408558,99.9978166666674,25.923879390678607,0,0,0.04366666666666663,Normal
308,5.133333333333334,9.0,14.623137798671376,131.60824018804237,71.21657063239508,99.99780416666741,25.930499599117464,0,0,0.04391666666666663,Normal
309,5.15,9.0,14.621031692053242,131.58928522847918,71.1665695344543,99.99779166666741,25.93710578936345,0,0,0.04416666666666663,Normal
310,5.166666666666667,9.0,14.618925196817008,131.57032677135308,71.11656843026324,99.99777916666741,25.94369799110215,0,0,0.04441666666666663,Normal
311,5.183333333333334,9.0,14.616818312484677,131.5513648123621,71.06656731982191,99.99776666666742,25.950276233956288,0,0,0.04466666666666663,Normal
312,5.2,9.0,14.61471103857921,131.5323993472129,71.01656620313031,99.99775416666742,25.95684054748585,0,0,0.04491666666666663,Normal
313,5.216666666666667,9.0,14.612603374624534,131.5134303716208,70.96656508018843,99.99774166666742,25.96339096118823,0,0,0.04516666666666663,Normal
314,5.233333333333333,9.0,14.610495320145533,131.4944578813098,70.91656395099626,99.99772916666743,25.96992750449836,0,0,0.04541666666666663,Normal
315,5.25,9.0,14.608386874668053,131.47548187201247,70.8665628155538,99.99771666666743,25.976450206788837,0,0,0.04566666666666663,Normal
316,5.266666666666667,9.0,14.60627803771891,131.4565023394702,70.81656167386107,99.99770416666743,25.98295909737005,0,0,0.04591666666666663,Normal
317,5.283333333333333,9.0,14.604168808825875,131.43751927943288,70.76656052591805,99.99769166666744,25.989454205490325,0,0,0.046166666666666634,Normal
318,5.3,9.0,14.60205918751769,131.41853268765922,70.71655937172474,99.99767916666744,25.99593556033605,0,0,0.046416666666666634,Normal
319,5.316666666666666,9.0,14.599949173324068,131.39954255991663,70.66655821128114,99.99766666666744,26.00240319103181,0,0,0.046666666666666634,Normal
320,5.333333333333333,9.0,14.597838765775688,131.3805488919812,70.61655704458725,99.99765416666744,26.008857126640507,0,0,0.046916666666666634,Normal
321,5.35,9.0,14.595727964404196,131.36155167963776,70.56655587164308,99.99764166666745,26.015297396163504,0,0,0.047166666666666635,Normal
322,5.366666666666666,9.0,14.59361676874221,131.3425509186799,70.5165546924486,99.99762916666745,26.021724028540746,0,0,0.047416666666666635,Normal
323,5.383333333333334,9.0,14.59150517832332,131.3235466049099,70.46655350700382,99.99761666666745,26.028137052650894,0,0,0.047666666666666635,Normal
324,5.4,9.0,14.58939319268209,131.30453873413882,70.41655231530875,99.99760416666746,26.034536497311457,0,0,0.047916666666666635,Normal
325,5.416666666666667,9.0,14.587280811354063,131.28552730218655,70.36655111736339,99.99759166666746,26.040922391278915,0,0,0.048166666666666635,Normal
326,5.433333333333334,9.0,14.585168033875744,131.2665123048817,70.31654991316772,99.99757916666746,26.047294763248853,0,0,0.048416666666666636,Normal
327,5.45,9.0,14.583054859784626,131.24749373806165,70.26654870272175,99.99756666666747,26.05365364185609,0,0,0.048666666666666636,Normal
328,5.466666666666667,9.0,14.580941288619178,131.2284715975726,70.21654748602548,99.99755416666747,26.05999905567481,0,0,0.048916666666666636,Normal
329,5.483333333333333,9.0,14.578827319918844,131.2094458792696,70.1665462630789,99.99754166666747,26.066331033218674,0,0,0.049166666666666636,Normal
330,5.5,9.0,14.57671295322405,131.19041657901644,70.11654503388202,99.99752916666748,26.072649602940974,0,0,0.04941666666666664,Normal
331,5.516666666666667,9.0,14.574598188076205,131.17138369268585,70.06654379843482,99.99751666666748,26.078954793234747,0,0,0.04966666666666664,Normal
332,5.533333333333333,9.0,14.572483024017696,131.15234721615926,70.01654255673732,99.99750416666748,26.085246632432895,0,0,0.04991666666666664,Normal
333,5.55,9.0,14.570367460591898,131.13330714532708,69.9665413087895,99.99749166666749,26.09152514880833,0,0,0.05016666666666664,Normal
334,5.566666666666666,9.0,14.56825149734317,131.11426347608852,69.91654005459138,99.99747916666749,26.09779037057409,0,0,0.05041666666666664,Normal
335,5.583333333333333,9.0,14.566135133816845,131.0952162043516,69.86653879414294,99.99746666666749,26.104042325883462,0,0,0.05066666666666664,Normal
336,5.6,9.0,14.56401836955926,131.07616532603333,69.81653752744418,99.9974541666675,26.11028104283012,0,0,0.05091666666666664,Normal
337,5.616666666666666,9.0,14.561901204117733,131.0571108370596,69.76653625449511,99.9974416666675,26.116506549448246,0,0,0.05116666666666664,Normal
338,5.633333333333334,9.0,14.559783637040567,131.0380527333651,69.71653497529572,99.9974291666675,26.12271887371265,0,0,0.05141666666666664,Normal
339,5.65,9.0,14.55766566787706,131.01899101089356,69.666533689846,99.9974166666675,26.128918043538906,0,0,0.05166666666666664,Normal
340,5.666666666666667,9.0,14.5555472961775,130.9999256655975,69.61653239814596,99.99740416666751,26.13510408678347,0,0,0.05191666666666664,Normal
341,5.683333333333334,9.0,14.553428521493162,130.98085669343845,69.5665311001956,99.99739166666751,26.141277031243813,0,0,0.05216666666666664,Normal
342,5.7,9.0,14.551309343376325,130.9617840903869,69.51652979599493,99.99737916666751,26.147436904658534,0,0,0.05241666666666664,Normal
343,5.716666666666667,9.0,14.549189761380253,130.94270785242227,69.46652848554392,99.99736666666752,26.153583734707492,0,0,0.05266666666666664,Normal
344,5.733333333333333,9.0,14.547069775059208,130.92362797553287,69.41652716884258,99.99735416666752,26.159717549011937,0,0,0.05291666666666664,Normal
345,5.75,9.0,14.54494938396845,130.90454445571606,69.3665258458909,99.99734166666752,26.165838375134616,0,0,0.05316666666666664,Normal
346,5.766666666666667,9.0,14.542828587664241,130.88545728897816,69.3165245166889,99.99732916666753,26.17194624057992,0,0,0.05341666666666664,Normal
347,5.783333333333333,9.0,14.540707385703834,130.86636647133452,69.26652318123656,99.99731666666753,26.178041172793986,0,0,0.05366666666666664,Normal
348,5.8,9.0,14.538585777645487,130.8472719988094,69.2165218395339,99.99730416666753,26.184123199164834,0,0,0.05391666666666664,Normal
349,5.816666666666666,9.0,14.536463763048456,130.8281738674361,69.1665204915809,99.99729166666754,26.190192347022485,0,0,0.05416666666666664,Normal
350,5.833333333333333,9.0,14.534341341472999,130.809072073257,69.11651913737755,99.99727916666754,26.196248643639084,0,0,0.05441666666666664,Normal
351,5.85,9.0,14.532218512480386,130.78996661232347,69.06651777692387,99.99726666666754,26.202292116229025,0,0,0.05466666666666664,Normal
352,5.866666666666666,9.0,14.530095275632874,130.77085748069587,69.01651641021985,99.99725416666755,26.20832279194907,0,0,0.05491666666666664,Normal
353,5.883333333333334,9.0,14.527971630493743,130.7517446744437,68.96651503726548,99.99724166666755,26.21434069789847,0,0,0.05516666666666664,Normal
354,5.9,9.0,14.52584757662727,130.73262818964542,68.91651365806077,99.99722916666755,26.2203458611191,0,0,0.05541666666666664,Normal
355,5.916666666666667,9.0,14.523723113598741,130.71350802238868,68.8665122726057,99.99721666666755,26.226338308595555,0,0,0.05566666666666664,Normal
356,5.933333333333334,9.0,14.521598240974456,130.6943841687701,68.8165108809003,99.99720416666756,26.232318067255292,0,0,0.05591666666666664,Normal
357,5.95,9.0,14.519472958321712,130.6752566248954,68.76650948294454,99.99719166666756,26.23828516396875,0,0,0.05616666666666664,Normal
358,5.966666666666667,9.0,14.517347265208834,130.6561253868795,68.71650807873844,99.99717916666756,26.244239625549465,0,0,0.05641666666666664,Normal
359,5.983333333333333,9.0,14.51522116120514,130.63699045084627,68.66650666828198,99.99716666666757,26.250181478754183,0,0,0.05666666666666664,Normal
360,6.0,-3.0,15.59596048577983,-46.787881457339495,68.68317380718425,99.9971625000009,26.24848700383888,0,0,0.056749999999999974,Normal
361,6.016666666666667,-3.0,15.5966691647272,-46.790007494181594,68.699840946781,99.99715833333423,26.246796117263102,0,0,0.056833333333333305,Normal
362,6.033333333333333,-3.0,15.597377798063132,-46.79213339418939,68.71650808707223,99.99715416666756,26.245108811428015,0,0,0.056916666666666636,Normal
363,6.05,-3.0,15.598086385803546,-46.794259157410636,68.73317522805795,99.99715000000089,26.243425078750874,0,0,0.05699999999999997,Normal
364,6.066666666666666,-3.0,15.598794927964372,-46.79638478389312,68.74984236973815,99.99714583333422,26.24174491166499,0,0,0.0570833333333333,Normal
365,6.083333333333333,-3.0,15.599503424561547,-46.79851027368464,68.76650951211283,99.99714166666755,26.2400683026197,0,0,0.05716666666666663,Normal
366,6.1,-3.0,15.600211875611018,-46.800635626833056,68.783176655182,99.99713750000087,26.23839524408033,0,0,0.05724999999999996,Normal
367,6.116666666666666,-3.0,15.60092028112876,-46.80276084338628,68.79984379894566,99.9971333333342,26.23672572852816,0,0,0.05733333333333329,Normal
368,6.133333333333334,-3.0,15.60162864113074,-46.80488592339222,68.8165109434038,99.99712916666753,26.235059748460394,0,0,0.05741666666666662,Normal
369,6.15,-3.0,15.602336955632953,-46.807010866898864,68.83317808855642,99.99712500000086,26.233397296390123,0,0,0.057499999999999954,Normal
370,6.166666666666667,-3.0,15.603045224651398,-46.809135673954195,68.84984523440353,99.9971208333342,26.231738364846297,0,0,0.057583333333333285,Normal
371,6.183333333333334,-3.0,15.60375344820209,-46.81126034460627,68.86651238094512,99.99711666666752,26.23008294637368,0,0,0.057666666666666616,Normal
372,6.2,-3.0,15.604461626301058,-46.81338487890317,68.8831795281812,99.99711250000085,26.228431033532832,0,0,0.05774999999999995,Normal
373,6.216666666666667,-3.0,15.605169758964339,-46.81550927689302,68.89984667611176,99.99710833333418,26.226782618900057,0,0,0.05783333333333328,Normal
374,6.233333333333333,-3.0,15.605877846207987,-46.81763353862396,68.91651382473681,99.99710416666751,26.225137695067385,0,0,0.05791666666666661,Normal
375,6.25,-3.0,15.606585888048064,-46.81975766414419,68.93318097405634,99.99710000000084,26.223496254642537,0,0,0.05799999999999994,Normal
376,6.266666666666667,-3.0,15.607293884500647,-46.82188165350194,68.94984812407036,99.99709583333417,26.221858290248882,0,0,0.05808333333333327,Normal
377,6.283333333333333,-3.0,15.608001835581828,-46.82400550674548,68.96651527477886,99.9970916666675,26.220223794525413,0,0,0.0581666666666666,Normal
378,6.3,-3.0,15.608709741307704,-46.82612922392311,68.98318242618184,99.99708750000083,26.21859276012671,0,0,0.058249999999999934,Normal
379,6.316666666666666,-3.0,15.609417601694394,-46.82825280508318,68.99984957827931,99.99708333333416,26.216965179722912,0,0,0.058333333333333265,Normal
380,6.333333333333333,-3.0,15.610125416758022,-46.830376250274064,69.01651673107126,99.99707916666749,26.215341045999676,0,0,0.058416666666666596,Normal
381,6.35,-3.0,15.610833186514725,-46.832499559544175,69.0331838845577,99.99707500000082,26.213720351658147,0,0,0.05849999999999993,Normal
382,6.366666666666666,-3.0,15.61154091098066,-46.83462273294198,69.04985103873862,99.99707083333415,26.212103089414928,0,0,0.05858333333333326,Normal
383,6.383333333333334,-3.0,15.612248590171985,-46.836745770515954,69.06651819361403,99.99706666666748,26.21048925200205,0,0,0.05866666666666659,Normal
384,6.4,-3.0,15.612956224104881,-46.838868672314646,69.08318534918392,99.99706250000081,26.208878832166928,0,0,0.05874999999999992,Normal
385,6.416666666666667,-3.0,15.613663812795533,-46.840991438386595,69.0998525054483,99.99705833333414,26.20727182267234,0,0,0.05883333333333325,Normal
386,6.433333333333334,-3.0,15.614371356260143,-46.84311406878043,69.11651966240716,99.99705416666747,26.205668216296388,0,0,0.05891666666666658,Normal
387,6.45,-3.0,15.615078854514927,-46.84523656354478,69.13318682006052,99.9970500000008,26.204068005832465,0,0,0.058999999999999914,Normal
388,6.466666666666667,-3.0,15.61578630757611,-46.84735892272833,69.14985397840836,99.99704583333413,26.20247118408923,0,0,0.059083333333333245,Normal
389,6.483333333333333,-3.0,15.616493715459926,-46.84948114637978,69.16652113745069,99.99704166666746,26.20087774389057,0,0,0.059166666666666576,Normal
390,6.5,-3.0,15.617201078182633,-46.8516032345479,69.1831882971875,99.99703750000079,26.199287678075564,0,0,0.05924999999999991,Normal
391,6.516666666666667,-3.0,15.61790839576049,-46.85372518728147,69.1998554576188,99.99703333333412,26.197700979498464,0,0,0.05933333333333324,Normal
392,6.533333333333333,-3.0,15.618615668209769,-46.855847004629304,69.21652261874458,99.99702916666745,26.196117641028643,0,0,0.05941666666666657,Normal
393,6.55,-3.0,15.619322895546764,-46.85796868664029,69.23318978056484,99.99702500000078,26.194537655550583,0,0,0.0594999999999999,Normal
394,6.566666666666666,-3.0,15.620030077787774,-46.86009023336332,69.24985694307959,99.9970208333341,26.192961015963828,0,0,0.05958333333333323,Normal
395,6.583333333333333,-3.0,15.620737214949111,-46.862211644847335,69.26652410628883,99.99701666666743,26.191387715182962,0,0,0.05966666666666656,Normal
396,6.6,-3.0,15.621444307047097,-46.86433292114129,69.28319127019255,99.99701250000076,26.189817746137575,0,0,0.059749999999999893,Normal
397,6.616666666666666,-3.0,15.622151354098074,-46.866454062294224,69.29985843479075,99.9970083333341,26.188251101772224,0,0,0.059833333333333225,Normal
398,6.633333333333334,-3.0,15.62285835611839,-46.86857506835517,69.31652560008344,99.99700416666742,26.186687775046412,0,0,0.059916666666666556,Normal
399,6.65,-3.0,15.623565313124407,-46.87069593937322,69.33319276607062,99.99700000000075,26.18512775893455,0,0,0.05999999999999989,Normal
400,6.666666666666667,-3.0,15.6242722251325,-46.8728166753975,69.3498599327523,99.99699583333408,26.18357104642592,0,0,0.06008333333333322,Normal
401,6.683333333333334,-3.0,15.624979092159055,-46.87493727647717,69.36652710012845,99.99699166666741,26.182017630524665,0,0,0.06016666666666655,Normal
402,6.7,-3.0,15.625685914220472,-46.87705774266142,69.38319426819909,99.99698750000074,26.18046750424973,0,0,0.06024999999999988,Normal
403,6.716666666666667,-3.0,15.626392691333162,-46.87917807399948,69.39986143696422,99.99698333333407,26.178920660634848,0,0,0.06033333333333321,Normal
404,6.733333333333333,-3.0,15.627099423513547,-46.88129827054064,69.41652860642382,99.9969791666674,26.177377092728502,0,0,0.06041666666666654,Normal
405,6.75,-3.0,15.627806110778065,-46.883418332334195,69.43319577657792,99.99697500000073,26.175836793593902,0,0,0.06049999999999987,Normal
406,6.766666666666667,-3.0,15.628512753143166,-46.885538259429495,69.4498629474265,99.99697083333406,26.174299756308937,0,0,0.060583333333333204,Normal
407,6.783333333333333,-3.0,15.629219350625311,-46.88765805187593,69.46653011896957,99.99696666666739,26.172765973966165,0,0,0.060666666666666536,Normal
408,6.8,-3.0,15.62992590324097,-46.88977770972291,69.48319729120713,99.99696250000072,26.171235439672767,0,0,0.06074999999999987,Normal
409,6.816666666666666,-3.0,15.63063241100663,-46.89189723301989,69.49986446413918,99.99695833333405,26.16970814655052,0,0,0.0608333333333332,Normal
410,6.833333333333333,-3.0,15.631338873938788,-46.89401662181636,69.51653163776571,99.99695416666738,26.168184087735764,0,0,0.06091666666666653,Normal
411,6.85,-3.0,15.632045292053954,-46.896135876161864,69.53319881208672,99.99695000000071,26.166663256379383,0,0,0.06099999999999986,Normal
412,6.866666666666666,-3.0,15.632751665368655,-46.89825499610596,69.54986598710222,99.99694583333404,26.165145645646756,0,0,0.06108333333333319,Normal
413,6.883333333333334,-3.0,15.633457993899418,-46.90037398169825,69.56653316281222,99.99694166666737,26.16363124871774,0,0,0.06116666666666652,Normal
414,6.9,-3.0,15.634164277662796,-46.902492832988386,69.5832003392167,99.9969375000007,26.16212005878663,0,0,0.06124999999999985,Normal
415,6.916666666666667,-3.0,15.634870516675345,-46.90461155002603,69.59986751631567,99.99693333333403,26.16061206906214,0,0,0.061333333333333184,Normal
416,6.933333333333334,-3.0,15.635576710953636,-46.90673013286091,69.61653469410912,99.99692916666736,26.15910727276736,0,0,0.061416666666666515,Normal
417,6.95,-3.0,15.636282860514257,-46.90884858154277,69.63320187259706,99.99692500000069,26.157605663139737,0,0,0.061499999999999846,Normal
418,6.966666666666667,-3.0,15.636988965373801,-46.9109668961214,69.64986905177948,99.99692083333402,26.15610723343103,0,0,0.06158333333333318,Normal
419,6.983333333333333,-3.0,15.637695025548878,-46.91308507664663,69.6665362316564,99.99691666666735,26.154611976907294,0,0,0.06166666666666651,Normal
420,7.0,4.0,15.006734172007288,60.02693668802915,69.64431332422787,99.99691111111179,26.153861086226783,0,0,0.06177777777777762,Normal
421,7.016666666666667,4.0,15.00579266391217,60.02317065564868,69.62209041556468,99.99690555555622,26.153111785761833,0,0,0.06188888888888873,Normal
422,7.033333333333333,4.0,15.00485107622415,60.0194043048966,69.59986750566686,99.99690000000066,26.152364072144927,0,0,0.06199999999999984,Normal
423,7.05,4.0,15.003909408903885,60.01563763561554,69.57764459453439,99.9968944444451,26.15161794201568,0,0,0.06211111111111095,Normal
424,7.066666666666666,4.0,15.002967661912074,60.011870647648294,69.55542168216728,99.99688888888954,26.150873392020824,0,0,0.06222222222222206,Normal
425,7.083333333333333,4.0,15.002025835209453,60.00810334083781,69.53319876856553,99.99688333333398,26.150130418814193,0,0,0.06233333333333317,Normal
426,7.1,4.0,15.001083928756799,60.004335715027196,69.51097585372912,99.99687777777842,26.149389019056706,0,0,0.06244444444444428,Normal
427,7.116666666666666,4.0,15.000141942514922,60.00056777005969,69.48875293765808,99.99687222222286,26.14864918941635,0,0,0.06255555555555539,Normal
428,7.133333333333334,4.0,14.99919987644468,59.99679950577872,69.46653002035238,99.9968666666673,26.147910926568173,0,0,0.06266666666666651,Normal
429,7.15,4.0,14.99825773050696,59.99303092202784,69.44430710181204,99.99686111111174,26.147174227194263,0,0,0.06277777777777763,Normal
430,7.166666666666667,4.0,14.9973155046627,59.9892620186508,69.42208418203707,99.99685555555618,26.146439087983733,0,0,0.06288888888888874,Normal
431,7.183333333333334,4.0,14.99637319887286,59.98549279549144,69.39986126102744,99.99685000000062,26.14570550563271,0,0,0.06299999999999986,Normal
432,7.2,4.0,14.995430813098455,59.98172325239382,69.37763833878317,99.99684444444506,26.14497347684431,0,0,0.06311111111111098,Normal
433,7.216666666666667,4.0,14.994488347300528,59.97795338920211,69.35541541530425,99.9968388888895,26.14424299832864,0,0,0.0632222222222221,Normal
434,7.233333333333333,4.0,14.993545801440172,59.97418320576069,69.33319249059069,99.99683333333394,26.143514066802766,0,0,0.06333333333333321,Normal
435,7.25,4.0,14.992603175478505,59.97041270191402,69.31096956464248,99.99682777777838,26.142786678990714,0,0,0.06344444444444433,Normal
436,7.266666666666667,4.0,14.991660469376697,59.96664187750679,69.28874663745962,99.99682222222282,26.14206083162344,0,0,0.06355555555555545,Normal
437,7.283333333333333,4.0,14.990717683095948,59.96287073238379,69.26652370904212,99.99681666666726,26.141336521438824,0,0,0.06366666666666657,Normal
438,7.3,4.0,14.989774816597503,59.95909926639001,69.24430077938997,99.9968111111117,26.14061374518166,0,0,0.06377777777777768,Normal
439,7.316666666666666,4.0,14.98883186984264,59.95532747937056,69.22207784850318,99.99680555555614,26.13989249960363,0,0,0.0638888888888888,Normal
440,7.333333333333333,4.0,14.987888842792682,59.95155537117073,69.19985491638174,99.99680000000058,26.13917278146329,0,0,0.06399999999999992,Normal
441,7.35,4.0,14.98694573540899,59.94778294163596,69.17763198302565,99.99679444444502,26.138454587526073,0,0,0.06411111111111104,Normal
442,7.366666666666666,4.0,14.98600254765296,59.94401019061184,69.15540904843492,99.99678888888945,26.137737914564255,0,0,0.06422222222222215,Normal
443,7.383333333333334,4.0,14.985059279486034,59.940237117944136,69.13318611260954,99.9967833333339,26.13702275935694,0,0,0.06433333333333327,Normal
444,7.4,4.0,14.984115930869685,59.93646372347874,69.1109631755495,99.99677777777833,26.13630911869007,0,0,0.06444444444444439,Normal
445,7.416666666666667,4.0,14.983172501765429,59.932690007061716,69.08874023725483,99.99677222222277,26.135596989356372,0,0,0.0645555555555555,Normal
446,7.433333333333334,4.0,14.982228992134825,59.9289159685393,69.0665172977255,99.99676666666721,26.13488636815538,0,0,0.06466666666666662,Normal
447,7.45,4.0,14.981285401939468,59.92514160775787,69.04429435696153,99.99676111111165,26.134177251893405,0,0,0.06477777777777774,Normal
448,7.466666666666667,4.0,14.980341731140987,59.92136692456395,69.02207141496291,99.99675555555609,26.133469637383513,0,0,0.06488888888888886,Normal
449,7.483333333333333,4.0,14.97939797970106,59.91759191880424,68.99984847172963,99.99675000000053,26.132763521445526,0,0,0.06499999999999997,Normal
450,7.5,4.0,14.978454147581397,59.91381659032559,68.97762552726172,99.99674444444497,26.132058900905992,0,0,0.06511111111111109,Normal
451,7.516666666666667,4.0,14.97751023474375,59.910040938975,68.95540258155916,99.99673888888941,26.13135577259819,0,0,0.06522222222222221,Normal
452,7.533333333333333,4.0,14.97656624114991,59.90626496459964,68.93317963462194,99.99673333333385,26.1306541333621,0,0,0.06533333333333333,Normal
453,7.55,4.0,14.975622166761706,59.902488667046825,68.91095668645008,99.99672777777829,26.12995398004439,0,0,0.06544444444444444,Normal
454,7.566666666666666,4.0,14.974678011541013,59.89871204616405,68.88873373704357,99.99672222222273,26.129255309498415,0,0,0.06555555555555556,Normal
455,7.583333333333333,4.0,14.973733775449736,59.89493510179894,68.8665107864024,99.99671666666717,26.128558118584184,0,0,0.06566666666666668,Normal
456,7.6,4.0,14.972789458449821,59.891157833799284,68.8442878345266,99.99671111111161,26.127862404168358,0,0,0.0657777777777778,Normal
457,7.616666666666666,4.0,14.971845060503263,59.88738024201305,68.82206488141614,99.99670555555605,26.127168163124235,0,0,0.06588888888888891,Normal
458,7.633333333333334,4.0,14.970900581572083,59.88360232628833,68.79984192707103,99.99670000000049,26.126475392331738,0,0,0.06600000000000003,Normal
459,7.65,4.0,14.969956021618351,59.879824086473405,68.77761897149128,99.99669444444493,26.12578408867739,0,0,0.06611111111111115,Normal
460,7.666666666666667,4.0,14.96901138060417,59.87604552241668,68.75539601467688,99.99668888888937,26.125094249054307,0,0,0.06622222222222227,Normal
461,7.683333333333334,4.0,14.96806665849169,59.87226663396676,68.73317305662782,99.9966833333338,26.124405870362192,0,0,0.06633333333333338,Normal
462,7.7,4.0,14.967121855243093,59.86848742097237,68.71095009734411,99.99667777777825,26.123718949507307,0,0,0.0664444444444445,Normal
463,7.716666666666667,4.0,14.966176970820603,59.86470788328241,68.68872713682576,99.99667222222268,26.123033483402466,0,0,0.06655555555555562,Normal
464,7.733333333333333,4.0,14.965232005186488,59.86092802074595,68.66650417507276,99.99666666666712,26.122349468967027,0,0,0.06666666666666674,Normal
465,7.75,4.0,14.964286958303045,59.85714783321218,68.6442812120851,99.99666111111156,26.12166690312686,0,0,0.06677777777777785,Normal
466,7.766666666666667,4.0,14.963341830132626,59.8533673205305,68.6220582478628,99.996655555556,26.12098578281436,0,0,0.06688888888888897,Normal
467,7.783333333333333,4.0,14.962396620637609,59.849586482550436,68.59983528240583,99.99665000000044,26.1203061049684,0,0,0.06700000000000009,Normal
468,7.8,4.0,14.961451329780415,59.84580531912166,68.57761231571423,99.99664444444488,26.119627866534348,0,0,0.0671111111111112,Normal
469,7.816666666666666,4.0,14.960505957523509,59.842023830094035,68.55538934778798,99.99663888888932,26.11895106446404,0,0,0.06722222222222232,Normal
470,7.833333333333333,4.0,14.95956050382939,59.83824201531756,68.53316637862707,99.99663333333376,26.118275695715763,0,0,0.06733333333333344,Normal
471,7.85,4.0,14.958614968660603,59.83445987464241,68.51094340823151,99.9966277777782,26.117601757254246,0,0,0.06744444444444456,Normal
472,7.866666666666666,4.0,14.957669351979726,59.830677407918905,68.4887204366013,99.99662222222264,26.11692924605065,0,0,0.06755555555555567,Normal
473,7.883333333333334,4.0,14.956723653749382,59.82689461499753,68.46649746373643,99.99661666666708,26.11625815908254,0,0,0.06766666666666679,Normal
474,7.9,4.0,14.955777873932231,59.823111495728924,68.44427448963692,99.99661111111152,26.115588493333895,0,0,0.06777777777777791,Normal
475,7.916666666666667,4.0,14.95483201249097,59.81932804996388,68.42205151430277,99.99660555555596,26.11492024579507,0,0,0.06788888888888903,Normal
476,7.933333333333334,4.0,14.953886069388341,59.815544277553364,68.39982853773395,99.9966000000004,26.114253413462798,0,0,0.06800000000000014,Normal
477,7.95,4.0,14.952940044587127,59.81176017834851,68.37760555993049,99.99659444444484,26.113587993340172,0,0,0.06811111111111126,Normal
478,7.966666666666667,4.0,14.951993938050139,59.807975752200555,68.35538258089237,99.99658888888928,26.112923982436627,0,0,0.06822222222222238,Normal
479,7.983333333333333,4.0,14.951047749740244,59.804190998960976,68.3331596006196,99.99658333333372,26.112261377767936,0,0,0.0683333333333335,Normal
480,8.0,4.0,14.950101479620342,59.80040591848137,68.31093661911217,99.99657777777816,26.11160017635619,0,0,0.06844444444444461,Normal
481,8.016666666666667,4.0,14.949155127653366,59.796620510613465,68.28871363637009,99.9965722222226,26.11094037522979,0,0,0.06855555555555573,Normal
482,8.033333333333333,4.0,14.948208693802298,59.792834775209194,68.26649065239336,99.99656666666704,26.110281971423422,0,0,0.06866666666666685,Normal
483,8.05,4.0,14.947262178030156,59.789048712120625,68.24426766718197,99.99656111111148,26.109624961978056,0,0,0.06877777777777797,Normal
484,8.066666666666666,4.0,14.9463155803,59.7852623212,68.22204468073593,99.99655555555591,26.108969343940927,0,0,0.06888888888888908,Normal
485,8.083333333333334,4.0,14.945368900574925,59.7814756022997,68.19982169305524,99.99655000000035,26.108315114365524,0,0,0.0690000000000002,Normal
486,8.1,4.0,14.944422138818075,59.7776885552723,68.1775987041399,99.9965444444448,26.107662270311575,0,0,0.06911111111111132,Normal
487,8.116666666666667,4.0,14.943475294992624,59.773901179970494,68.1553757139899,99.99653888888923,26.107010808845033,0,0,0.06922222222222243,Normal
488,8.133333333333333,4.0,14.942528369061788,59.770113476247154,68.13315272260525,99.99653333333367,26.106360727038066,0,0,0.06933333333333355,Normal
489,8.15,4.0,14.941581360988831,59.766325443955324,68.11092972998594,99.99652777777811,26.105712021969044,0,0,0.06944444444444467,Normal
490,8.166666666666666,4.0,14.94063427073705,59.7625370829482,68.08870673613198,99.99652222222255,26.10506469072252,0,0,0.06955555555555579,Normal
491,8.183333333333334,4.0,14.939687098269777,59.75874839307911,68.06648374104337,99.99651666666699,26.104418730389227,0,0,0.0696666666666669,Normal
492,8.2,4.0,14.9387398435504,59.7549593742016,68.0442607447201,99.99651111111143,26.10377413806605,0,0,0.06977777777777802,Normal
493,8.216666666666667,4.0,14.937792506542333,59.75117002616933,68.02203774716219,99.99650555555587,26.103130910856027,0,0,0.06988888888888914,Normal
494,8.233333333333333,4.0,14.936845087209033,59.74738034883613,67.99981474836962,99.99650000000031,26.10248904586833,0,0,0.07000000000000026,Normal
495,8.25,4.0,14.935897585514,59.743590342056,67.97759174834239,99.99649444444475,26.101848540218256,0,0,0.07011111111111137,Normal
496,8.266666666666667,4.0,14.934950001420773,59.739800005683094,67.95536874708051,99.99648888888919,26.101209391027204,0,0,0.07022222222222249,Normal
497,8.283333333333333,4.0,14.93400233489293,59.73600933957172,67.93314574458398,99.99648333333363,26.100571595422675,0,0,0.07033333333333361,Normal
498,8.3,4.0,14.93305458589409,59.73221834357636,67.9109227408528,99.99647777777807,26.09993515053825,0,0,0.07044444444444473,Normal
499,8.316666666666666,4.0,14.932106754387915,59.72842701755166,67.88869973588696,99.99647222222251,26.09930005351358,0,0,0.07055555555555584,Normal
500,8.333333333333334,4.0,14.931158840338098,59.72463536135239,67.86647672968647,99.99646666666695,26.098666301494376,0,0,0.07066666666666696,Normal
501,8.35,4.0,14.930210843708384,59.720843374833535,67.84425372225131,99.99646111111139,26.098033891632387,0,0,0.07077777777777808,Normal
502,8.366666666666667,4.0,14.929262764462548,59.71705105785019,67.8220307135815,99.99645555555583,26.0974028210854,0,0,0.0708888888888892,Normal
503,8.383333333333333,4.0,14.928314602564416,59.713258410257666,67.79980770367703,99.99645000000027,26.09677308701722,0,0,0.07100000000000031,Normal
504,8.4,4.0,14.927366357977842,59.70946543191137,67.77758469253791,99.9964444444447,26.096144686597654,0,0,0.07111111111111143,Normal
505,8.416666666666666,4.0,14.926418030666731,59.705672122666925,67.75536168016414,99.99643888888914,26.095517617002507,0,0,0.07122222222222255,Normal
506,8.433333333333334,4.0,14.925469620595022,59.70187848238009,67.73313866655572,99.99643333333358,26.09489187541356,0,0,0.07133333333333366,Normal
507,8.45,4.0,14.924521127726695,59.69808451090678,67.71091565171264,99.99642777777802,26.094267459018564,0,0,0.07144444444444478,Normal
508,8.466666666666667,4.0,14.923572552025774,59.6942902081031,67.6886926356349,99.99642222222246,26.09364436501123,0,0,0.0715555555555559,Normal
509,8.483333333333333,4.0,14.922623893456317,59.69049557382527,67.6664696183225,99.9964166666669,26.093022590591207,0,0,0.07166666666666702,Normal
510,8.5,4.0,14.921675151982429,59.686700607929716,67.64424659977544,99.99641111111134,26.09240213296407,0,0,0.07177777777777813,Normal
511,8.516666666666667,4.0,14.920726327568252,59.68290531027301,67.62202357999374,99.99640555555578,26.091782989341326,0,0,0.07188888888888925,Normal
512,8.533333333333333,4.0,14.919777420177965,59.67910968071186,67.59980055897736,99.99640000000022,26.091165156940367,0,0,0.07200000000000037,Normal
513,8.55,4.0,14.918828429775797,59.67531371910319,67.57757753672634,99.99639444444466,26.090548632984493,0,0,0.07211111111111149,Normal
514,8.566666666666666,4.0,14.917879356326006,59.671517425304025,67.55535451324066,99.9963888888891,26.08993341470288,0,0,0.0722222222222226,Normal
515,8.583333333333334,4.0,14.916930199792901,59.667720799171605,67.53313148852033,99.99638333333354,26.089319499330568,0,0,0.07233333333333372,Normal
516,8.6,4.0,14.915980960140825,59.6639238405633,67.51090846256533,99.99637777777798,26.088706884108454,0,0,0.07244444444444484,Normal
517,8.616666666666667,4.0,14.91503163733416,59.66012654933664,67.48868543537567,99.99637222222242,26.088095566283283,0,0,0.07255555555555596,Normal
518,8.633333333333333,4.0,14.914082231337334,59.656328925349335,67.46646240695136,99.99636666666686,26.087485543107626,0,0,0.07266666666666707,Normal
519,8.65,4.0,14.913132742114815,59.65253096845926,67.4442393772924,99.9963611111113,26.08687681183987,0,0,0.07277777777777819,Normal
520,8.666666666666666,1.0,15.182905185546064,15.182905185546064,67.438683619569,99.99635972222241,26.084681076563324,0,0,0.07280555555555597,Normal
521,8.683333333333334,1.0,15.182667798772936,15.182667798772936,67.43312786176843,99.99635833333352,26.082489991080603,0,0,0.07283333333333375,Normal
522,8.7,1.0,15.182430406794872,15.182430406794872,67.42757210389068,99.99635694444463,26.08030354554508,0,0,0.07286111111111153,Normal
523,8.716666666666667,1.0,15.182193009611323,15.182193009611323,67.42201634593577,99.99635555555574,26.078121730130984,0,0,0.07288888888888931,Normal
524,8.733333333333333,1.0,15.181955607221733,15.181955607221733,67.4164605879037,99.99635416666685,26.075944535033354,0,0,0.07291666666666709,Normal
525,8.75,1.0,15.181718199625548,15.181718199625548,67.41090482979446,99.99635277777796,26.07377195046799,0,0,0.07294444444444487,Normal
526,8.766666666666667,1.0,15.181480786822215,15.181480786822215,67.40534907160806,99.99635138888907,26.07160396667141,0,0,0.07297222222222265,Normal
527,8.783333333333333,1.0,15.181243368811186,15.181243368811186,67.39979331334449,99.99635000000018,26.069440573900813,0,0,0.07300000000000043,Normal
528,8.8,1.0,15.1810059455919,15.1810059455919,67.39423755500376,99.99634861111129,26.067281762434025,0,0,0.0730277777777782,Normal
529,8.816666666666666,1.0,15.180768517163806,15.180768517163806,67.38868179658586,99.9963472222224,26.06512752256946,0,0,0.07305555555555598,Normal
530,8.833333333333334,1.0,15.180531083526356,15.180531083526356,67.3831260380908,99.9963458333335,26.062977844626076,0,0,0.07308333333333376,Normal
531,8.85,1.0,15.180293644678992,15.180293644678992,67.37757027951857,99.99634444444462,26.060832718943338,0,0,0.07311111111111154,Normal
532,8.866666666666667,1.0,15.180056200621163,15.180056200621163,67.37201452086917,99.99634305555573,26.058692135881163,0,0,0.07313888888888932,Normal
533,8.883333333333333,1.0,15.179818751352316,15.179818751352316,67.3664587621426,99.99634166666684,26.056556085819885,0,0,0.0731666666666671,Normal
534,8.9,1.0,15.179581296871904,15.179581296871904,67.36090300333886,99.99634027777795,26.054424559160207,0,0,0.07319444444444488,Normal
535,8.916666666666666,1.0,15.179343837179367,15.179343837179367,67.35534724445796,99.99633888888906,26.05229754632316,0,0,0.07322222222222266,Normal
536,8.933333333333334,1.0,15.179106372274159,15.179106372274159,67.34979148549989,99.99633750000017,26.050175037750066,0,0,0.07325000000000044,Normal
537,8.95,1.0,15.178868902155727,15.178868902155727,67.34423572646466,99.99633611111128,26.048057023902476,0,0,0.07327777777777822,Normal
538,8.966666666666667,1.0,15.178631426823518,15.178631426823518,67.33867996735226,99.99633472222239,26.045943495262154,0,0,0.073305555555556,Normal
539,8.983333333333333,1.0,15.178393946276984,15.178393946276984,67.3331242081627,99.9963333333335,26.04383444233101,0,0,0.07333333333333378,Normal
540,9.0,1.0,15.178156460515568,15.178156460515568,67.32756844889597,99.9963319444446,26.041729855631075,0,0,0.07336111111111156,Normal
541,9.016666666666667,1.0,15.177918969538725,15.177918969538725,67.32201268955208,99.99633055555572,26.039629725704444,0,0,0.07338888888888934,Normal
542,9.033333333333333,1.0,15.177681473345903,15.177681473345903,67.31645693013103,99.99632916666683,26.037534043113247,0,0,0.07341666666666712,Normal
543,9.05,1.0,15.177443971936547,15.177443971936547,67.3109011706328,99.99632777777794,26.035442798439597,0,0,0.0734444444444449,Normal
544,9.066666666666666,1.0,15.177206465310114,15.177206465310114,67.30534541105742,99.99632638888905,26.03335598228555,0,0,0.07347222222222267,Normal
545,9.083333333333334,1.0,15.176968953466044,15.176968953466044,67.29978965140485,99.99632500000016,26.031273585273063,0,0,0.07350000000000045,Normal
546,9.1,1.0,15.176731436403795,15.176731436403795,67.29423389167512,99.99632361111126,26.029195598043955,0,0,0.07352777777777823,Normal
547,9.116666666666667,1.0,15.176493914122812,15.176493914122812,67.28867813186822,99.99632222222237,26.027122011259863,0,0,0.07355555555555601,Normal
548,9.133333333333333,1.0,15.176256386622548,15.176256386622548,67.28312237198416,99.99632083333348,26.025052815602194,0,0,0.07358333333333379,Normal
549,9.15,1.0,15.17601885390245,15.17601885390245,67.27756661202294,99.9963194444446,26.022988001772095,0,0,0.07361111111111157,Normal
550,9.166666666666666,1.0,15.175781315961974,15.175781315961974,67.27201085198455,99.9963180555557,26.020927560490403,0,0,0.07363888888888935,Normal
551,9.183333333333334,1.0,15.175543772800566,15.175543772800566,67.26645509186899,99.99631666666681,26.018871482497598,0,0,0.07366666666666713,Normal
552,9.2,1.0,15.175306224417676,15.175306224417676,67.26089933167627,99.99631527777792,26.01681975855378,0,0,0.07369444444444491,Normal
553,9.216666666666667,1.0,15.17506867081276,15.17506867081276,67.25534357140639,99.99631388888903,26.014772379438607,0,0,0.07372222222222269,Normal
554,9.233333333333333,1.0,15.174831111985263,15.174831111985263,67.24978781105933,99.99631250000014,26.012729335951267,0,0,0.07375000000000047,Normal
555,9.25,1.0,15.174593547934641,15.174593547934641,67.24423205063512,99.99631111111125,26.01069061891043,0,0,0.07377777777777825,Normal
556,9.266666666666667,1.0,15.174355978660342,15.174355978660342,67.23867629013374,99.99630972222236,26.008656219154208,0,0,0.07380555555555603,Normal
557,9.283333333333333,1.0,15.17411840416182,15.17411840416182,67.23312052955518,99.99630833333347,26.006626127540116,0,0,0.0738333333333338,Normal
558,9.3,1.0,15.173880824438523,15.173880824438523,67.22756476889946,99.99630694444458,26.00460033494503,0,0,0.07386111111111159,Normal
559,9.316666666666666,1.0,15.173643239489909,15.173643239489909,67.22200900816657,99.9963055555557,26.002578832265147,0,0,0.07388888888888936,Normal
560,9.333333333333334,1.0,15.173405649315422,15.173405649315422,67.21645324735651,99.9963041666668,26.00056161041594,0,0,0.07391666666666714,Normal
561,9.35,1.0,15.173168053914523,15.173168053914523,67.21089748646929,99.99630277777791,25.998548660332116,0,0,0.07394444444444492,Normal
562,9.366666666666667,1.0,15.17293045328666,15.17293045328666,67.20534172550491,99.99630138888902,25.99653997296759,0,0,0.0739722222222227,Normal
563,9.383333333333333,1.0,15.172692847431282,15.172692847431282,67.19978596446336,99.99630000000013,25.994535539295423,0,0,0.07400000000000048,Normal
564,9.4,1.0,15.172455236347847,15.172455236347847,67.19423020334465,99.99629861111124,25.992535350307797,0,0,0.07402777777777826,Normal
565,9.416666666666666,1.0,15.172217620035806,15.172217620035806,67.18867444214877,99.99629722222235,25.99053939701597,0,0,0.07405555555555604,Normal
566,9.433333333333334,1.0,15.171979998494612,15.171979998494612,67.18311868087572,99.99629583333346,25.988547670450227,0,0,0.07408333333333382,Normal
567,9.45,1.0,15.171742371723715,15.171742371723715,67.17756291952551,99.99629444444457,25.986560161659863,0,0,0.0741111111111116,Normal
568,9.466666666666667,1.0,15.171504739722575,15.171504739722575,67.17200715809813,99.99629305555568,25.984576861713112,0,0,0.07413888888888938,Normal
569,9.483333333333333,1.0,15.171267102490638,15.171267102490638,67.16645139659357,99.99629166666679,25.982597761697132,0,0,0.07416666666666716,Normal
570,9.5,1.0,15.171029460027365,15.171029460027365,67.16089563501185,99.9962902777779,25.98062285271795,0,0,0.07419444444444494,Normal
571,9.516666666666667,1.0,15.170791812332205,15.170791812332205,67.15533987335297,99.99628888888901,25.978652125900428,0,0,0.07422222222222272,Normal
572,9.533333333333333,1.0,15.170554159404611,15.170554159404611,67.14978411161692,99.99628750000012,25.976685572388227,0,0,0.0742500000000005,Normal
573,9.55,1.0,15.17031650124404,15.17031650124404,67.14422834980371,99.99628611111123,25.97472318334376,0,0,0.07427777777777828,Normal
574,9.566666666666666,1.0,15.170078837849942,15.170078837849942,67.13867258791333,99.99628472222234,25.97276494994815,0,0,0.07430555555555605,Normal
575,9.583333333333334,1.0,15.16984116922178,15.16984116922178,67.13311682594579,99.99628333333345,25.9708108634012,0,0,0.07433333333333383,Normal
576,9.6,1.0,15.169603495358999,15.169603495358999,67.12756106390108,99.99628194444456,25.96886091492135,0,0,0.07436111111111161,Normal
577,9.616666666666667,1.0,15.16936581626106,15.16936581626106,67.12200530177921,99.99628055555567,25.966915095745634,0,0,0.07438888888888939,Normal
578,9.633333333333333,1.0,15.169128131927414,15.169128131927414,67.11644953958017,99.99627916666678,25.964973397129643,0,0,0.07441666666666717,Normal
579,9.65,1.0,15.168890442357519,15.168890442357519,67.11089377730396,99.99627777777789,25.96303581034749,0,0,0.07444444444444495,Normal
580,9.666666666666666,1.0,15.16865274755083,15.16865274755083,67.10533801495058,99.996276388889,25.96110232669175,0,0,0.07447222222222273,Normal
581,9.683333333333334,1.0,15.168415047506798,15.168415047506798,67.09978225252003,99.99627500000011,25.95917293747346,0,0,0.07450000000000051,Normal
582,9.7,1.0,15.168177342224883,15.168177342224883,67.09422649001232,99.99627361111122,25.957247634022046,0,0,0.07452777777777829,Normal
583,9.716666666666667,1.0,15.16793963170454,15.16793963170454,67.08867072742744,99.99627222222233,25.955326407685295,0,0,0.07455555555555607,Normal
584,9.733333333333333,1.0,15.167701915945225,15.167701915945225,67.0831149647654,99.99627083333344,25.953409249829313,0,0,0.07458333333333385,Normal
585,9.75,1.0,15.16746419494639,15.16746419494639,67.0775592020262,99.99626944444455,25.951496151838498,0,0,0.07461111111111163,Normal
586,9.766666666666667,1.0,15.167226468707497,15.167226468707497,67.07200343920982,99.99626805555566,25.949587105115487,0,0,0.07463888888888941,Normal
587,9.783333333333333,1.0,15.166988737227998,15.166988737227998,67.06644767631629,99.99626666666677,25.947682101081124,0,0,0.07466666666666719,Normal
588,9.8,1.0,15.166751000507352,15.166751000507352,67.06089191334559,99.99626527777788,25.945781131174424,0,0,0.07469444444444497,Normal
589,9.816666666666666,1.0,15.166513258545018,15.166513258545018,67.05533615029772,99.99626388888899,25.943884186852525,0,0,0.07472222222222275,Normal
590,9.833333333333334,1.0,15.166275511340443,15.166275511340443,67.04978038717267,99.9962625000001,25.94199125959066,0,0,0.07475000000000052,Normal
591,9.85,1.0,15.166037758893095,15.166037758893095,67.04422462397046,99.99626111111121,25.940102340882117,0,0,0.0747777777777783,Normal
592,9.866666666666667,1.0,15.165800001202424,15.165800001202424,67.03866886069109,99.99625972222232,25.93821742223819,0,0,0.07480555555555608,Normal
593,9.883333333333333,1.0,15.165562238267892,15.165562238267892,67.03311309733455,99.99625833333343,25.936336495188154,0,0,0.07483333333333386,Normal
594,9.9,1.0,15.165324470088953,15.165324470088953,67.02755733390084,99.99625694444454,25.934459551279225,0,0,0.07486111111111164,Normal
595,9.916666666666666,1.0,15.165086696665066,15.165086696665066,67.02200157038997,99.99625555555565,25.932586582076517,0,0,0.07488888888888942,Normal
596,9.933333333333334,1.0,15.164848917995686,15.164848917995686,67.01644580680194,99.99625416666676,25.930717579163,0,0,0.0749166666666672,Normal
597,9.95,1.0,15.164611134080276,15.164611134080276,67.01089004313674,99.99625277777787,25.92885253413948,0,0,0.07494444444444498,Normal
598,9.966666666666667,1.0,15.164373344918292,15.164373344918292,67.00533427939438,99.99625138888898,25.926991438624537,0,0,0.07497222222222276,Normal
599,9.983333333333333,1.0,15.164135550509192,15.164135550509192,66.99977851557485,99.99625000000009,25.925134284254508,0,0,0.07500000000000054,Normal
600,10.0,2.0,15.073656568450778,30.147313136901555,66.98866698778144,99.99624722222231,25.923598721664323,0,0,0.0750555555555561,Normal
601,10.016666666666667,2.0,15.0731809403974,30.1463618807948,66.97755545967938,99.99624444444453,25.922066410865504,0,0,0.07511111111111166,Normal
602,10.033333333333333,2.0,15.07270529134473,30.14541058268946,66.96644393126864,99.99624166666675,25.92053734497191,0,0,0.07516666666666721,Normal
603,10.05,2.0,15.072229621288447,30.144459242576893,66.95533240254925,99.99623888888897,25.91901151711197,0,0,0.07522222222222277,Normal
604,10.066666666666666,2.0,15.071753930224219,30.143507860448437,66.94422087352118,99.99623611111119,25.917488920428674,0,0,0.07527777777777833,Normal
605,10.083333333333334,2.0,15.071278218147734,30.142556436295468,66.93310934418444,99.99623333333341,25.91596954807953,0,0,0.07533333333333389,Normal
606,10.1,2.0,15.070802485054667,30.141604970109334,66.92199781453905,99.99623055555563,25.91445339323654,0,0,0.07538888888888945,Normal
607,10.116666666666667,2.0,15.070326730940705,30.14065346188141,66.91088628458499,99.99622777777785,25.912940449086154,0,0,0.07544444444444501,Normal
608,10.133333333333333,2.0,15.069850955801535,30.13970191160307,66.89977475432227,99.99622500000007,25.911430708829265,0,0,0.07550000000000057,Normal
609,10.15,2.0,15.069375159632848,30.138750319265696,66.88866322375088,99.99622222222229,25.909924165681154,0,0,0.07555555555555613,Normal
610,10.166666666666666,2.0,15.068899342430331,30.137798684860662,66.87755169287082,99.9962194444445,25.908420812871476,0,0,0.07561111111111168,Normal
611,10.183333333333334,2.0,15.068423504189681,30.136847008379362,66.8664401616821,99.99621666666673,25.90692064364422,0,0,0.07566666666666724,Normal
612,10.2,2.0,15.067947644906596,30.13589528981319,66.85532863018472,99.99621388888895,25.905423651257678,0,0,0.0757222222222228,Normal
613,10.216666666666667,2.0,15.067471764576778,30.134943529153556,66.84421709837866,99.99621111111117,25.903929828984428,0,0,0.07577777777777836,Normal
614,10.233333333333333,2.0,15.066995863195922,30.133991726391844,66.83310556626395,99.99620833333339,25.902439170111283,0,0,0.07583333333333392,Normal
615,10.25,2.0,15.06651994075974,30.13303988151948,66.82199403384057,99.9962055555556,25.90095166793928,0,0,0.07588888888888948,Normal
616,10.266666666666667,2.0,15.066043997263932,30.132087994527865,66.81088250110852,99.99620277777782,25.899467315783646,0,0,0.07594444444444504,Normal
617,10.283333333333333,2.0,15.065568032704217,30.131136065408434,66.7997709680678,99.99620000000004,25.89798610697375,0,0,0.0760000000000006,Normal
618,10.3,2.0,15.065092047076302,30.130184094152604,66.78865943471843,99.99619722222226,25.8965080348531,0,0,0.07605555555555615,Normal
619,10.316666666666666,2.0,15.0646160403759,30.1292320807518,66.77754790106039,99.99619444444448,25.895033092779293,0,0,0.07611111111111171,Normal
620,10.333333333333334,2.0,15.064140012598735,30.12828002519747,66.76643636709368,99.9961916666667,25.893561274123996,0,0,0.07616666666666727,Normal
621,10.35,2.0,15.06366396374052,30.12732792748104,66.7553248328183,99.99618888888892,25.89209257227291,0,0,0.07622222222222283,Normal
622,10.366666666666667,2.0,15.063187893796984,30.126375787593968,66.74421329823426,99.99618611111114,25.890626980625747,0,0,0.07627777777777839,Normal
623,10.383333333333333,2.0,15.062711802763848,30.125423605527697,66.73310176334155,99.99618333333336,25.889164492596187,0,0,0.07633333333333395,Normal
624,10.4,2.0,15.06223569063684,30.12447138127368,66.72199022814019,99.99618055555558,25.887705101611864,0,0,0.0763888888888895,Normal
625,10.416666666666666,2.0,15.061759557411694,30.123519114823388,66.71087869263015,99.9961777777778,25.886248801114334,0,0,0.07644444444444506,Normal
626,10.433333333333334,2.0,15.06128340308414,30.12256680616828,66.69976715681145,99.99617500000002,25.884795584559033,0,0,0.07650000000000062,Normal
627,10.45,2.0,15.060807227649914,30.121614455299827,66.68865562068407,99.99617222222224,25.883345445415262,0,0,0.07655555555555618,Normal
628,10.466666666666667,2.0,15.060331031104754,30.120662062209508,66.67754408424804,99.99616944444446,25.88189837716615,0,0,0.07661111111111174,Normal
629,10.483333333333333,2.0,15.0598548134444,30.1197096268888,66.66643254750335,99.99616666666668,25.88045437330862,0,0,0.0766666666666673,Normal
630,10.5,2.0,15.059378574664596,30.11875714932919,66.65532101044998,99.9961638888889,25.879013427353378,0,0,0.07672222222222286,Normal
631,10.516666666666667,2.0,15.058902314761092,30.117804629522183,66.64420947308795,99.99616111111112,25.877575532824864,0,0,0.07677777777777842,Normal
632,10.533333333333333,2.0,15.058426033729628,30.116852067459256,66.63309793541725,99.99615833333334,25.876140683261234,0,0,0.07683333333333398,Normal
633,10.55,2.0,15.05794973156596,30.11589946313192,66.6219863974379,99.99615555555556,25.874708872214327,0,0,0.07688888888888953,Normal
634,10.566666666666666,2.0,15.057473408265842,30.114946816531685,66.61087485914986,99.99615277777778,25.873280093249637,0,0,0.07694444444444509,Normal
635,10.583333333333334,2.0,15.05699706382503,30.11399412765006,66.59976332055317,99.99615,25.871854339946285,0,0,0.07700000000000065,Normal
636,10.6,2.0,15.056520698239282,30.113041396478565,66.58865178164781,99.99614722222222,25.870431605896986,0,0,0.07705555555555621,Normal
637,10.616666666666667,2.0,15.056044311504355,30.11208862300871,66.57754024243378,99.99614444444444,25.869011884708026,0,0,0.07711111111111177,Normal
638,10.633333333333333,2.0,15.055567903616021,30.111135807232042,66.5664287029111,99.99614166666666,25.867595169999234,0,0,0.07716666666666733,Normal
639,10.65,2.0,15.055091474570043,30.110182949140086,66.55531716307974,99.99613888888888,25.866181455403943,0,0,0.07722222222222289,Normal
640,10.666666666666666,2.0,15.054615024362185,30.10923004872437,66.54420562293971,99.9961361111111,25.86477073456897,0,0,0.07727777777777844,Normal
641,10.683333333333334,2.0,15.054138552988226,30.108277105976452,66.53309408249103,99.99613333333332,25.86336300115459,0,0,0.077333333333334,Normal
642,10.7,2.0,15.053662060443937,30.107324120887874,66.52198254173368,99.99613055555554,25.861958248834497,0,0,0.07738888888888956,Normal
643,10.716666666666667,2.0,15.053185546725093,30.106371093450186,66.51087100066766,99.99612777777776,25.86055647129579,0,0,0.07744444444444512,Normal
644,10.733333333333333,2.0,15.052709011827478,30.105418023654956,66.49975945929297,99.99612499999998,25.85915766223893,0,0,0.07750000000000068,Normal
645,10.75,2.0,15.052232455746868,30.104464911493736,66.48864791760963,99.9961222222222,25.857761815377717,0,0,0.07755555555555624,Normal
646,10.766666666666667,2.0,15.051755878479051,30.103511756958103,66.4775363756176,99.99611944444442,25.85636892443927,0,0,0.0776111111111118,Normal
647,10.783333333333333,2.0,15.051279280019815,30.10255856003963,66.46642483331692,99.99611666666664,25.854978983163985,0,0,0.07766666666666736,Normal
648,10.8,2.0,15.050802660364948,30.101605320729895,66.45531329070756,99.99611388888886,25.85359198530552,0,0,0.07772222222222291,Normal
649,10.816666666666666,2.0,15.05032601951024,30.10065203902048,66.44420174778955,99.99611111111108,25.852207924630754,0,0,0.07777777777777847,Normal
650,10.833333333333334,2.0,15.049849357451489,30.099698714902978,66.43309020456287,99.9961083333333,25.850826794919772,0,0,0.07783333333333403,Normal
651,10.85,2.0,15.049372674184491,30.098745348368983,66.42197866102752,99.99610555555552,25.849448589965824,0,0,0.07788888888888959,Normal
652,10.866666666666667,2.0,15.048895969705049,30.097791939410097,66.41086711718351,99.99610277777774,25.84807330357531,0,0,0.07794444444444515,Normal
653,10.883333333333333,2.0,15.04841924400896,30.09683848801792,66.39975557303083,99.99609999999996,25.84670092956774,0,0,0.07800000000000071,Normal
654,10.9,2.0,15.047942497092032,30.095884994184065,66.38864402856949,99.99609722222218,25.845331461775714,0,0,0.07805555555555627,Normal
655,10.916666666666666,2.0,15.047465728950073,30.094931457900145,66.37753248379947,99.9960944444444,25.843964894044895,0,0,0.07811111111111183,Normal
656,10.933333333333334,2.0,15.046988939578894,30.093977879157787,66.3664209387208,99.99609166666662,25.842601220233977,0,0,0.07816666666666738,Normal
657,10.95,2.0,15.046512128974308,30.093024257948617,66.35530939333346,99.99608888888883,25.841240434214658,0,0,0.07822222222222294,Normal
658,10.966666666666667,2.0,15.046035297132127,30.092070594264253,66.34419784763745,99.99608611111105,25.839882529871616,0,0,0.0782777777777785,Normal
659,10.983333333333333,2.0,15.045558444048172,30.091116888096344,66.33308630163278,99.99608333333327,25.838527501102476,0,0,0.07833333333333406,Normal
660,11.0,2.0,15.045081569718262,30.090163139436523,66.32197475531943,99.9960805555555,25.837175341817787,0,0,0.07838888888888962,Normal
661,11.016666666666667,2.0,15.044604674138222,30.089209348276444,66.31086320869743,99.99607777777771,25.835826045940998,0,0,0.07844444444444518,Normal
662,11.033333333333333,2.0,15.044127757303876,30.088255514607752,66.29975166176675,99.99607499999993,25.834479607408415,0,0,0.07850000000000074,Normal
663,11.05,2.0,15.043650819211054,30.087301638422108,66.28864011452741,99.99607222222215,25.833136020169196,0,0,0.0785555555555563,Normal
664,11.066666666666666,2.0,15.043173859855587,30.086347719711174,66.2775285669794,99.99606944444437,25.831795278185307,0,0,0.07861111111111185,Normal
665,11.083333333333334,2.0,15.042696879233308,30.085393758466616,66.26641701912273,99.9960666666666,25.830457375431504,0,0,0.07866666666666741,Normal
666,11.1,2.0,15.042219877340052,30.084439754680105,66.25530547095738,99.99606388888881,25.829122305895297,0,0,0.07872222222222297,Normal
667,11.116666666666667,2.0,15.041742854171659,30.083485708343318,66.24419392248338,99.99606111111103,25.82779006357693,0,0,0.07877777777777853,Normal
668,11.133333333333333,2.0,15.04126580972397,30.08253161944794,66.23308237370071,99.99605833333325,25.826460642489355,0,0,0.07883333333333409,Normal
669,11.15,2.0,15.040788743992827,30.081577487985655,66.22197082460937,99.99605555555547,25.825134036658202,0,0,0.07888888888888965,Normal
670,11.166666666666666,2.0,15.040311656974081,30.080623313948163,66.21085927520937,99.99605277777769,25.823810240121748,0,0,0.0789444444444452,Normal
671,11.183333333333334,2.0,15.03983454866358,30.07966909732716,66.1997477255007,99.99604999999991,25.822489246930903,0,0,0.07900000000000076,Normal
672,11.2,2.0,15.03935741905717,30.07871483811434,66.18863617548337,99.99604722222213,25.821171051149168,0,0,0.07905555555555632,Normal
673,11.216666666666667,2.0,15.038880268150713,30.077760536301426,66.17752462515736,99.99604444444435,25.819855646852616,0,0,0.07911111111111188,Normal
674,11.233333333333333,2.0,15.03840309594006,30.07680619188012,66.1664130745227,99.99604166666657,25.81854302812987,0,0,0.07916666666666744,Normal
675,11.25,2.0,15.037925902421076,30.075851804842152,66.15530152357935,99.99603888888879,25.817233189082067,0,0,0.079222222222223,Normal
676,11.266666666666667,2.0,15.037448687589617,30.074897375179233,66.14418997232735,99.99603611111101,25.815926123822834,0,0,0.07927777777777856,Normal
677,11.283333333333333,2.0,15.03697145144155,30.0739429028831,66.13307842076668,99.99603333333323,25.81462182647827,0,0,0.07933333333333412,Normal
678,11.3,2.0,15.036494193972748,30.072988387945497,66.12196686889735,99.99603055555545,25.813320291186905,0,0,0.07938888888888967,Normal
679,11.316666666666666,2.0,15.03601691517907,30.07203383035814,66.11085531671934,99.99602777777767,25.812021512099687,0,0,0.07944444444444523,Normal
680,11.333333333333334,2.0,15.035539615056395,30.07107923011279,66.09974376423267,99.99602499999989,25.810725483379947,0,0,0.07950000000000079,Normal
681,11.35,2.0,15.0350622936006,30.0701245872012,66.08863221143733,99.99602222222211,25.80943219920338,0,0,0.07955555555555635,Normal
682,11.366666666666667,2.0,15.034584950807556,30.069169901615112,66.07752065833333,99.99601944444433,25.808141653758007,0,0,0.07961111111111191,Normal
683,11.383333333333333,2.0,15.034107586673153,30.068215173346307,66.06640910492067,99.99601666666655,25.806853841244166,0,0,0.07966666666666747,Normal
684,11.4,2.0,15.033630201193263,30.067260402386527,66.05529755119933,99.99601388888877,25.80556875587447,0,0,0.07972222222222303,Normal
685,11.416666666666666,2.0,15.033152794363778,30.066305588727555,66.04418599716934,99.99601111111099,25.804286391873795,0,0,0.07977777777777859,Normal
686,11.433333333333334,2.0,15.032675366180584,30.065350732361168,66.03307444283067,99.99600833333321,25.803006743479237,0,0,0.07983333333333414,Normal
687,11.45,2.0,15.032197916639573,30.064395833279146,66.02196288818334,99.99600555555543,25.801729804940106,0,0,0.0798888888888897,Normal
688,11.466666666666667,2.0,15.031720445736637,30.063440891473274,66.01085133322734,99.99600277777765,25.80045557051788,0,0,0.07994444444444526,Normal
689,11.483333333333333,2.0,15.031242953467672,30.062485906935343,65.99973977796267,99.99599999999987,25.799184034486196,0,0,0.08000000000000082,Normal
690,11.5,2.0,15.030765439828576,30.061530879657152,65.98862822238934,99.99599722222209,25.797915191130812,0,0,0.08005555555555638,Normal
691,11.516666666666667,2.0,15.030287904815252,30.060575809630503,65.97751666650734,99.9959944444443,25.796649034749596,0,0,0.08011111111111194,Normal
692,11.533333333333333,2.0,15.029810348423602,30.059620696847205,65.96640511031667,99.99599166666653,25.79538555965248,0,0,0.0801666666666675,Normal
693,11.55,2.0,15.02933277064953,30.05866554129906,65.95529355381734,99.99598888888875,25.794124760161452,0,0,0.08022222222222306,Normal
694,11.566666666666666,2.0,15.028855171488948,30.057710342977895,65.94418199700934,99.99598611111097,25.792866630610522,0,0,0.08027777777777861,Normal
695,11.583333333333334,2.0,15.028377550937767,30.056755101875535,65.93307043989267,99.99598333333319,25.7916111653457,0,0,0.08033333333333417,Normal
696,11.6,2.0,15.027899908991905,30.05579981798381,65.92195888246734,99.9959805555554,25.790358358724966,0,0,0.08038888888888973,Normal
697,11.616666666666667,2.0,15.02742224564727,30.05484449129454,65.91084732473334,99.99597777777763,25.789108205118254,0,0,0.08044444444444529,Normal
698,11.633333333333333,2.0,15.026944560899787,30.053889121799575,65.89973576669067,99.99597499999985,25.787860698907416,0,0,0.08050000000000085,Normal
699,11.65,2.0,15.026466854745376,30.052933709490752,65.88862420833934,99.99597222222206,25.7866158344862,0,0,0.08055555555555641,Normal
700,11.666666666666666,2.0,15.025989127179965,30.05197825435993,65.87751264967933,99.99596944444428,25.78537360626023,0,0,0.08061111111111197,Normal
701,11.683333333333334,2.0,15.025511378199475,30.05102275639895,65.86640109071067,99.9959666666665,25.784134008646973,0,0,0.08066666666666752,Normal
702,11.7,2.0,15.02503360779984,30.05006721559968,65.85528953143333,99.99596388888872,25.78289703607572,0,0,0.08072222222222308,Normal
703,11.716666666666667,2.0,15.02455581597699,30.04911163195398,65.84417797184733,99.99596111111094,25.78166268298756,0,0,0.08077777777777864,Normal
704,11.733333333333333,2.0,15.024078002726865,30.04815600545373,65.83306641195266,99.99595833333316,25.78043094383535,0,0,0.0808333333333342,Normal
705,11.75,2.0,15.023600168045395,30.04720033609079,65.82195485174933,99.99595555555538,25.7792018130837,0,0,0.08088888888888976,Normal
706,11.766666666666667,2.0,15.023122311928525,30.04624462385705,65.81084329123732,99.9959527777776,25.77797528520893,0,0,0.08094444444444532,Normal
707,11.783333333333333,2.0,15.022644434372195,30.04528886874439,65.79973173041665,99.99594999999982,25.776751354699076,0,0,0.08100000000000088,Normal
708,11.8,2.0,15.022166535372353,30.044333070744706,65.78862016928731,99.99594722222204,25.775530016053832,0,0,0.08105555555555644,Normal
709,11.816666666666666,2.0,15.021688614924948,30.043377229849895,65.77750860784931,99.99594444444426,25.77431126378454,0,0,0.081111111111112,Normal
710,11.833333333333334,2.0,15.021210673025926,30.042421346051853,65.76639704610264,99.99594166666648,25.773095092414174,0,0,0.08116666666666755,Normal
711,11.85,2.0,15.020732709671243,30.041465419342487,65.7552854840473,99.9959388888887,25.771881496477295,0,0,0.08122222222222311,Normal
712,11.866666666666667,2.0,15.020254724856853,30.040509449713706,65.7441739216833,99.99593611111092,25.77067047052005,0,0,0.08127777777777867,Normal
713,11.883333333333333,2.0,15.019776718578719,30.039553437157437,65.73306235901063,99.99593333333314,25.769462009100124,0,0,0.08133333333333423,Normal
714,11.9,2.0,15.019298690832796,30.038597381665593,65.72195079602929,99.99593055555536,25.768256106786737,0,0,0.08138888888888979,Normal
715,11.916666666666666,2.0,15.018820641615052,30.037641283230105,65.71083923273929,99.99592777777758,25.7670527581606,0,0,0.08144444444444535,Normal
716,11.933333333333334,2.0,15.018342570921451,30.036685141842902,65.69972766914061,99.9959249999998,25.765851957813904,0,0,0.0815000000000009,Normal
717,11.95,2.0,15.017864478747965,30.03572895749593,65.68861610523328,99.99592222222202,25.764653700350298,0,0,0.08155555555555646,Normal
718,11.966666666666667,2.0,15.017386365090559,30.034772730181118,65.67750454101727,99.99591944444424,25.76345798038485,0,0,0.08161111111111202,Normal
719,11.983333333333333,2.0,15.016908229945214,30.033816459890428,65.6663929764926,99.99591666666646,25.762264792544034,0,0,0.08166666666666758,Normal
720,12.0,6.0,14.655458965581154,87.93275379348692,65.63305828199258,99.99590833333313,25.764462505418646,0,0,0.08183333333333424,Normal
721,12.016666666666667,6.0,14.65402420768095,87.9241452460857,65.59972358471454,99.9958999999998,25.7666555646307,0,0,0.0820000000000009,Normal
722,12.033333333333333,6.0,14.65258925613632,87.91553553681791,65.56638888465851,99.99589166666648,25.76884398003501,0,0,0.08216666666666757,Normal
723,12.05,6.0,14.651154110839204,87.90692466503523,65.53305418182447,99.99588333333315,25.771027761465525,0,0,0.08233333333333423,Normal
724,12.066666666666666,6.0,14.649718771681753,87.89831263009052,65.49971947621242,99.99587499999983,25.77320691873536,0,0,0.08250000000000089,Normal
725,12.083333333333334,6.0,14.648283238556324,87.88969943133795,65.46638476782236,99.9958666666665,25.77538146163686,0,0,0.08266666666666755,Normal
726,12.1,6.0,14.646847511355494,87.88108506813296,65.4330500566543,99.99585833333317,25.77755139994163,0,0,0.08283333333333422,Normal
727,12.116666666666667,6.0,14.64541158997205,87.8724695398323,65.39971534270822,99.99584999999985,25.779716743400577,0,0,0.08300000000000088,Normal
728,12.133333333333333,6.0,14.643975474298987,87.86385284579393,65.36638062598414,99.99584166666652,25.781877501743963,0,0,0.08316666666666754,Normal
729,12.15,6.0,14.642539164229524,87.85523498537714,65.33304590648206,99.9958333333332,25.784033684681447,0,0,0.0833333333333342,Normal
730,12.166666666666666,6.0,14.64110265965708,87.84661595794248,65.29971118420197,99.99582499999987,25.786185301902123,0,0,0.08350000000000087,Normal
731,12.183333333333334,6.0,14.639665960475298,87.83799576285179,65.26637645914386,99.99581666666654,25.788332363074566,0,0,0.08366666666666753,Normal
732,12.2,6.0,14.638229066578031,87.82937439946818,65.23304173130774,99.99580833333322,25.79047487784688,0,0,0.08383333333333419,Normal
733,12.216666666666667,6.0,14.636791977859337,87.82075186715602,65.1997070006936,99.99579999999989,25.792612855846734,0,0,0.08400000000000085,Normal
734,12.233333333333333,6.0,14.6353546942135,87.812128165281,65.16637226730147,99.99579166666656,25.79474630668141,0,0,0.08416666666666751,Normal
735,12.25,6.0,14.63391721553501,87.80350329321007,65.13303753113132,99.99578333333324,25.79687523993785,0,0,0.08433333333333418,Normal
736,12.266666666666667,6.0,14.632479541718576,87.79487725031146,65.09970279218317,99.99577499999991,25.798999665182688,0,0,0.08450000000000084,Normal
737,12.283333333333333,6.0,14.631041672659116,87.7862500359547,65.066368050457,99.99576666666658,25.8011195919623,0,0,0.0846666666666675,Normal
738,12.3,6.0,14.629603608251761,87.77762164951056,65.03303330595281,99.99575833333326,25.803235029802853,0,0,0.08483333333333416,Normal
739,12.316666666666666,6.0,14.628165348391862,87.76899209035118,64.99969855867062,99.99574999999993,25.80534598821033,0,0,0.08500000000000082,Normal
740,12.333333333333334,6.0,14.62672689297498,87.76036135784989,64.96636380861041,99.9957416666666,25.80745247667059,0,0,0.08516666666666749,Normal
741,12.35,6.0,14.625288241896893,87.75172945138135,64.93302905577218,99.99573333333328,25.809554504649405,0,0,0.08533333333333415,Normal
742,12.366666666666667,6.0,14.623849395053588,87.74309637032152,64.89969430015594,99.99572499999995,25.811652081592502,0,0,0.08550000000000081,Normal
743,12.383333333333333,6.0,14.622410352341271,87.73446211404763,64.86635954176168,99.99571666666662,25.8137452169256,0,0,0.08566666666666747,Normal
744,12.4,6.0,14.620971113656362,87.72582668193817,64.83302478058941,99.9957083333333,25.815833920054462,0,0,0.08583333333333414,Normal
745,12.416666666666666,6.0,14.619531678895497,87.71719007337298,64.79969001663912,99.99569999999997,25.817918200364936,0,0,0.0860000000000008,Normal
746,12.433333333333334,6.0,14.618092047955523,87.70855228773314,64.76635524991082,99.99569166666664,25.819998067222986,0,0,0.08616666666666746,Normal
747,12.45,6.0,14.616652220733506,87.69991332440104,64.73302048040449,99.99568333333332,25.822073529974748,0,0,0.08633333333333412,Normal
748,12.466666666666667,6.0,14.615212197126725,87.69127318276036,64.69968570812016,99.99567499999999,25.824144597946567,0,0,0.08650000000000078,Normal
749,12.483333333333333,6.0,14.613771977032677,87.68263186219606,64.6663509330578,99.99566666666666,25.826211280445033,0,0,0.08666666666666745,Normal
750,12.5,6.0,14.612331560349068,87.6739893620944,64.63301615521743,99.99565833333334,25.82827358675703,0,0,0.08683333333333411,Normal
751,12.516666666666667,6.0,14.610890946973823,87.66534568184294,64.59968137459904,99.99565000000001,25.83033152614978,0,0,0.08700000000000077,Normal
752,12.533333333333333,6.0,14.609450136805084,87.65670082083051,64.56634659120263,99.99564166666669,25.832385107870877,0,0,0.08716666666666743,Normal
753,12.55,6.0,14.608009129741209,87.64805477844726,64.5330118050282,99.99563333333336,25.834434341148327,0,0,0.0873333333333341,Normal
754,12.566666666666666,6.0,14.60656792568077,87.63940755408461,64.49967701607575,99.99562500000003,25.836479235190602,0,0,0.08750000000000076,Normal
755,12.583333333333334,6.0,14.60512652452255,87.63075914713531,64.46634222434528,99.9956166666667,25.83851979918667,0,0,0.08766666666666742,Normal
756,12.6,6.0,14.603684926165561,87.62210955699337,64.43300742983679,99.99560833333338,25.84055604230604,0,0,0.08783333333333408,Normal
757,12.616666666666667,6.0,14.602243130509017,87.6134587830541,64.39967263255028,99.99560000000005,25.842587973698805,0,0,0.08800000000000074,Normal
758,12.633333333333333,6.0,14.600801137452361,87.60480682471416,64.36633783248574,99.99559166666673,25.84461560249568,0,0,0.0881666666666674,Normal
759,12.65,6.0,14.599358946895236,87.59615368137142,64.33300302964318,99.9955833333334,25.84663893780804,0,0,0.08833333333333407,Normal
760,12.666666666666666,6.0,14.597916558737522,87.58749935242513,64.2996682240226,99.99557500000007,25.84865798872798,0,0,0.08850000000000073,Normal
761,12.683333333333334,6.0,14.596473972879295,87.57884383727577,64.26633341562399,99.99556666666675,25.85067276432832,0,0,0.08866666666666739,Normal
762,12.7,6.0,14.595031189220862,87.57018713532517,64.23299860444736,99.99555833333342,25.852683273662684,0,0,0.08883333333333406,Normal
763,12.716666666666667,6.0,14.593588207662743,87.56152924597646,64.1996637904927,99.9955500000001,25.854689525765515,0,0,0.08900000000000072,Normal
764,12.733333333333333,6.0,14.59214502810567,87.55287016863402,64.16632897376003,99.99554166666677,25.856691529652128,0,0,0.08916666666666738,Normal
765,12.75,6.0,14.5907016504506,87.5442099027036,64.13299415424933,99.99553333333344,25.858689294318747,0,0,0.08933333333333404,Normal
766,12.766666666666667,6.0,14.589258074598701,87.5355484475922,64.09965933196061,99.99552500000011,25.860682828742544,0,0,0.0895000000000007,Normal
767,12.783333333333333,6.0,14.58781430045136,87.52688580270816,64.06632450689385,99.99551666666679,25.862672141881678,0,0,0.08966666666666737,Normal
768,12.8,6.0,14.586370327910181,87.51822196746109,64.03298967904907,99.99550833333346,25.86465724267534,0,0,0.08983333333333403,Normal
769,12.816666666666666,6.0,14.584926156876987,87.50955694126192,63.99965484842626,99.99550000000013,25.86663814004379,0,0,0.09000000000000069,Normal
770,12.833333333333334,6.0,14.583481787253817,87.5008907235229,63.966320015025424,99.99549166666681,25.8686148428884,0,0,0.09016666666666735,Normal
771,12.85,6.0,14.582037218942924,87.49222331365755,63.93298517884656,99.99548333333348,25.870587360091697,0,0,0.09033333333333401,Normal
772,12.866666666666667,6.0,14.580592451846789,87.48355471108073,63.89965033988967,99.99547500000016,25.872555700517385,0,0,0.09050000000000068,Normal
773,12.883333333333333,6.0,14.579147485868102,87.4748849152086,63.86631549815475,99.99546666666683,25.874519873010406,0,0,0.09066666666666734,Normal
774,12.9,6.0,14.577702320909772,87.46621392545863,63.8329806536418,99.9954583333335,25.87647988639697,0,0,0.090833333333334,Normal
775,12.916666666666666,6.0,14.576256956874932,87.4575417412496,63.79964580635082,99.99545000000018,25.878435749484602,0,0,0.09100000000000066,Normal
776,12.933333333333334,6.0,14.574811393666922,87.44886836200153,63.76631095628181,99.99544166666685,25.880387471062164,0,0,0.09116666666666733,Normal
777,12.95,6.0,14.57336563118931,87.44019378713585,63.732976103434765,99.99543333333352,25.882335059899916,0,0,0.09133333333333399,Normal
778,12.966666666666667,6.0,14.571919669345878,87.43151801607527,63.699641247809694,99.9954250000002,25.88427852474954,0,0,0.09150000000000065,Normal
779,12.983333333333333,6.0,14.570473508040632,87.42284104824378,63.666306389406586,99.99541666666687,25.886217874344187,0,0,0.09166666666666731,Normal
780,13.0,6.0,14.569027147177787,87.41416288306672,63.63297152822545,99.99540833333354,25.888153117398517,0,0,0.09183333333333397,Normal
781,13.016666666666667,6.0,14.567580586661785,87.40548351997072,63.59963666426628,99.99540000000022,25.89008426260873,0,0,0.09200000000000064,Normal
782,13.033333333333333,6.0,14.566133826397282,87.39680295838369,63.56630179752907,99.99539166666689,25.892011318652617,0,0,0.0921666666666673,Normal
783,13.05,6.0,14.564686866289156,87.38812119773493,63.532966928013835,99.99538333333356,25.893934294189588,0,0,0.09233333333333396,Normal
784,13.066666666666666,6.0,14.563239706242506,87.37943823745503,63.49963205572056,99.99537500000024,25.895853197860717,0,0,0.09250000000000062,Normal
785,13.083333333333334,6.0,14.561792346162639,87.37075407697583,63.466297180649256,99.99536666666691,25.897768038288778,0,0,0.09266666666666729,Normal
786,13.1,6.0,14.56034478595509,87.36206871573054,63.432962302799915,99.99535833333358,25.899678824078283,0,0,0.09283333333333395,Normal
787,13.116666666666667,6.0,14.558897025525619,87.35338215315372,63.399627422172536,99.99535000000026,25.90158556381553,0,0,0.09300000000000061,Normal
788,13.133333333333333,6.0,14.557449064780194,87.34469438868116,63.36629253876713,99.99534166666693,25.903488266068628,0,0,0.09316666666666727,Normal
789,13.15,6.0,14.556000903625009,87.33600542175006,63.33295765258368,99.9953333333336,25.90538693938754,0,0,0.09333333333333393,Normal
790,13.166666666666666,6.0,14.554552541966473,87.32731525179884,63.299622763622196,99.99532500000028,25.90728159230413,0,0,0.0935000000000006,Normal
791,13.183333333333334,6.0,14.553103979711219,87.31862387826732,63.266287871882675,99.99531666666695,25.909172233332193,0,0,0.09366666666666726,Normal
792,13.2,6.0,14.551655216766097,87.30993130059659,63.232952977365116,99.99530833333363,25.91105887096749,0,0,0.09383333333333392,Normal
793,13.216666666666667,6.0,14.550206253038183,87.3012375182291,63.19961808006952,99.9953000000003,25.912941513687795,0,0,0.09400000000000058,Normal
794,13.233333333333333,6.0,14.548757088434764,87.29254253060859,63.16628317999589,99.99529166666697,25.914820169952925,0,0,0.09416666666666725,Normal
795,13.25,6.0,14.547307722863351,87.28384633718011,63.13294827714421,99.99528333333365,25.916694848204788,0,0,0.09433333333333391,Normal
796,13.266666666666667,6.0,14.545858156231676,87.27514893739006,63.099613371514494,99.99527500000032,25.918565556867414,0,0,0.09450000000000057,Normal
797,13.283333333333333,6.0,14.544408388447694,87.26645033068617,63.06627846310674,99.99526666666699,25.92043230434699,0,0,0.09466666666666723,Normal
798,13.3,6.0,14.542958419419573,87.25775051651743,63.032943551920944,99.99525833333367,25.9222950990319,0,0,0.0948333333333339,Normal
799,13.316666666666666,6.0,14.541508249055708,87.24904949433424,62.99960863795711,99.99525000000034,25.924153949292773,0,0,0.09500000000000056,Normal
800,13.333333333333334,6.0,14.540057877264715,87.24034726358829,62.96627372121523,99.99524166666701,25.926008863482505,0,0,0.09516666666666722,Normal
801,13.35,6.0,14.538607303955423,87.23164382373254,62.93293880169531,99.99523333333369,25.927859849936308,0,0,0.09533333333333388,Normal
802,13.366666666666667,6.0,14.537156529036892,87.22293917422135,62.89960387939735,99.99522500000036,25.929706916971735,0,0,0.09550000000000054,Normal
803,13.383333333333333,6.0,14.535705552418396,87.21423331451038,62.86626895432134,99.99521666666703,25.931550072888736,0,0,0.0956666666666672,Normal
804,13.4,6.0,14.53425437400943,87.20552624405659,62.83293402646729,99.99520833333371,25.933389325969678,0,0,0.09583333333333387,Normal
805,13.416666666666666,6.0,14.532802993719713,87.19681796231828,62.7995990958352,99.99520000000038,25.93522468447939,0,0,0.09600000000000053,Normal
806,13.433333333333334,6.0,14.53135141145919,87.18810846875513,62.76626416242506,99.99519166666705,25.9370561566652,0,0,0.09616666666666719,Normal
807,13.45,6.0,14.529899627138015,87.17939776282809,62.73292922623688,99.99518333333373,25.93888375075697,0,0,0.09633333333333385,Normal
808,13.466666666666667,6.0,14.52844764066657,87.17068584399942,62.69959428727065,99.9951750000004,25.94070747496713,0,0,0.09650000000000052,Normal
809,13.483333333333333,6.0,14.526995451955464,87.16197271173279,62.66625934552638,99.99516666666707,25.94252733749073,0,0,0.09666666666666718,Normal
810,13.5,6.0,14.525543060915519,87.15325836549312,62.63292440100406,99.99515833333375,25.944343346505455,0,0,0.09683333333333384,Normal
811,13.516666666666667,6.0,14.524090467457782,87.14454280474669,62.59958945370369,99.99515000000042,25.94615551017168,0,0,0.0970000000000005,Normal
812,13.533333333333333,6.0,14.522637671493523,87.13582602896113,62.56625450362528,99.9951416666671,25.947963836632493,0,0,0.09716666666666716,Normal
813,13.55,6.0,14.521184672934233,87.1271080376054,62.532919550768824,99.99513333333377,25.94976833401374,0,0,0.09733333333333383,Normal
814,13.566666666666666,6.0,14.519731471691623,87.11838883014974,62.499584595134316,99.99512500000044,25.951569010424063,0,0,0.09750000000000049,Normal
815,13.583333333333334,6.0,14.51827806767763,87.10966840606578,62.46624963672176,99.99511666666712,25.95336587395493,0,0,0.09766666666666715,Normal
816,13.6,6.0,14.516824460804406,87.10094676482643,62.43291467553116,99.99510833333379,25.95515893268067,0,0,0.09783333333333381,Normal
817,13.616666666666667,6.0,14.51537065098434,87.09222390590604,62.3995797115625,99.99510000000046,25.956948194658523,0,0,0.09800000000000048,Normal
818,13.633333333333333,6.0,14.513916638130024,87.08349982878013,62.3662447448158,99.99509166666714,25.95873366792866,0,0,0.09816666666666714,Normal
819,13.65,6.0,14.51246242215429,87.07477453292574,62.33290977529105,99.99508333333381,25.960515360514222,0,0,0.0983333333333338,Normal
820,13.666666666666666,6.0,14.511008002970181,87.06604801782109,62.299574802988246,99.99507500000048,25.962293280421367,0,0,0.09850000000000046,Normal
821,13.683333333333334,6.0,14.509553380490964,87.05732028294578,62.26623982790739,99.99506666666716,25.964067435639297,0,0,0.09866666666666712,Normal
822,13.7,6.0,14.508098554630138,87.04859132778083,62.232904850048484,99.99505833333383,25.965837834140295,0,0,0.09883333333333379,Normal
823,13.716666666666667,6.0,14.506643525301413,87.03986115180848,62.199569869411526,99.9950500000005,25.967604483879764,0,0,0.09900000000000045,Normal
824,13.733333333333333,6.0,14.50518829241873,87.03112975451238,62.166234885996516,99.99504166666718,25.969367392796254,0,0,0.09916666666666711,Normal
825,13.75,6.0,14.503732855896246,87.02239713537747,62.13289989980345,99.99503333333385,25.97112656881151,0,0,0.09933333333333377,Normal
826,13.766666666666667,6.0,14.502277215648352,87.01366329389012,62.09956491083233,99.99502500000052,25.972882019830497,0,0,0.09950000000000044,Normal
827,13.783333333333333,6.0,14.500821371589653,87.00492822953792,62.066229919083156,99.9950166666672,25.974633753741443,0,0,0.0996666666666671,Normal
828,13.8,6.0,14.499365323634978,86.99619194180987,62.032894924555926,99.99500833333387,25.976381778415874,0,0,0.09983333333333376,Normal
829,13.816666666666666,6.0,14.497909071699384,86.98745443019631,61.999559927250644,99.99500000000054,25.97812610170864,0,0,0.10000000000000042,Normal
830,13.833333333333334,6.0,14.496452615698146,86.97871569418888,61.9662249271673,99.99499166666722,25.979866731457964,0,0,0.10016666666666708,Normal
831,13.85,6.0,14.494995955546772,86.96997573328063,61.93288992430591,99.99498333333389,25.981603675485463,0,0,0.10033333333333375,Normal
832,13.866666666666667,6.0,14.49353909116098,86.96123454696587,61.89955491866646,99.99497500000057,25.9833369415962,0,0,0.10050000000000041,Normal
833,13.883333333333333,6.0,14.492082022456724,86.95249213474034,61.86621991024895,99.99496666666724,25.985066537578703,0,0,0.10066666666666707,Normal
834,13.9,6.0,14.490624749350173,86.94374849610104,61.83288489905339,99.99495833333391,25.986792471205007,0,0,0.10083333333333373,Normal
835,13.916666666666666,6.0,14.48916727175773,86.93500363054638,61.79954988507977,99.99495000000059,25.988514750230692,0,0,0.1010000000000004,Normal
836,13.933333333333334,6.0,14.487709589596014,86.92625753757608,61.76621486832809,99.99494166666726,25.99023338239491,0,0,0.10116666666666706,Normal
837,13.95,6.0,14.486251702781866,86.9175102166912,61.732879848798355,99.99493333333393,25.991948375420424,0,0,0.10133333333333372,Normal
838,13.966666666666667,6.0,14.48479361123236,86.90876166739416,61.69954482649056,99.9949250000006,25.99365973701365,0,0,0.10150000000000038,Normal
839,13.983333333333333,6.0,14.48333531486479,86.90001188918875,61.666209801404705,99.99491666666728,25.995367474864683,0,0,0.10166666666666704,Normal
840,14.0,9.0,14.211133727394783,127.90020354655304,61.61620725960883,99.99490416666728,26.00183654548997,0,0,0.10191666666666704,Normal
841,14.016666666666667,9.0,14.20894540362119,127.8805086325907,61.566204711562314,99.99489166666729,26.00829191797893,0,0,0.10216666666666704,Normal
842,14.033333333333333,9.0,14.206756618267722,127.8608095644095,61.51620215726516,99.99487916666729,26.014733621339385,0,0,0.10241666666666704,Normal
843,14.05,9.0,14.204567371059225,127.84110633953303,61.466199596717374,99.99486666666729,26.021161684517725,0,0,0.10266666666666704,Normal
844,14.066666666666666,9.0,14.20237766172169,127.8213989554952,61.41619702991895,99.9948541666673,26.02757613639904,0,0,0.10291666666666704,Normal
845,14.083333333333334,9.0,14.200187489982238,127.80168740984014,61.36619445686988,99.9948416666673,26.033977005807255,0,0,0.10316666666666705,Normal
846,14.1,9.0,14.19799685556914,127.78197170012227,61.31619187757016,99.9948291666673,26.04036432150525,0,0,0.10341666666666705,Normal
847,14.116666666666667,9.0,14.195805758211801,127.76225182390621,61.2661892920198,99.9948166666673,26.046738112195005,0,0,0.10366666666666705,Normal
848,14.133333333333333,9.0,14.19361419764077,127.74252777876693,61.21618670021879,99.99480416666731,26.05309840651771,0,0,0.10391666666666705,Normal
849,14.15,9.0,14.191422173587739,127.72279956228965,61.166184102167136,99.99479166666731,26.059445233053907,0,0,0.10416666666666705,Normal
850,14.166666666666666,9.0,14.189229685785541,127.70306717206986,61.11618149786483,99.99477916666731,26.065778620323616,0,0,0.10441666666666705,Normal
851,14.183333333333334,9.0,14.187036733968153,127.68333060571338,61.06617888731187,99.99476666666732,26.07209859678646,0,0,0.10466666666666705,Normal
852,14.2,9.0,14.184843317870696,127.66358986083627,61.01617627050826,99.99475416666732,26.078405190841796,0,0,0.10491666666666705,Normal
853,14.216666666666667,9.0,14.18264943722944,127.64384493506496,60.96617364745399,99.99474166666732,26.084698430828837,0,0,0.10516666666666705,Normal
854,14.233333333333333,9.0,14.180455091781791,127.62409582603613,60.916171018149065,99.99472916666733,26.090978345026787,0,0,0.10541666666666705,Normal
855,14.25,9.0,14.178260281266311,127.60434253139681,60.866168382593486,99.99471666666733,26.097244961654965,0,0,0.10566666666666705,Normal
856,14.266666666666667,9.0,14.176065005422702,127.58458504880431,60.81616574078724,99.99470416666733,26.103498308872933,0,0,0.10591666666666705,Normal
857,14.283333333333333,9.0,14.173869263991818,127.56482337592637,60.76616309273034,99.99469166666734,26.10973841478061,0,0,0.10616666666666705,Normal
858,14.3,9.0,14.17167305671566,127.54505751044094,60.71616043842277,99.99467916666734,26.115965307418428,0,0,0.10641666666666705,Normal
859,14.316666666666666,9.0,14.169476383337374,127.52528745003636,60.66615777786454,99.99466666666734,26.122179014767426,0,0,0.10666666666666705,Normal
860,14.333333333333334,9.0,14.167279243601259,127.50551319241133,60.61615511105565,99.99465416666735,26.128379564749387,0,0,0.10691666666666705,Normal
861,14.35,9.0,14.165081637252763,127.48573473527487,60.56615243799608,99.99464166666735,26.13456698522698,0,0,0.10716666666666705,Normal
862,14.366666666666667,9.0,14.162883564038484,127.46595207634635,60.51614975868585,99.99462916666735,26.14074130400385,0,0,0.10741666666666705,Normal
863,14.383333333333333,9.0,14.160685023706172,127.44616521335556,60.466147073124944,99.99461666666735,26.146902548824784,0,0,0.10766666666666705,Normal
864,14.4,9.0,14.15848601600473,127.42637414404257,60.416144381313366,99.99460416666736,26.1530507473758,0,0,0.10791666666666705,Normal
865,14.416666666666666,9.0,14.15628654068421,127.40657886615789,60.366141683251115,99.99459166666736,26.159185927284298,0,0,0.10816666666666705,Normal
866,14.433333333333334,9.0,14.154086597495821,127.38677937746239,60.31613897893819,99.99457916666736,26.165308116119167,0,0,0.10841666666666705,Normal
867,14.45,9.0,14.151886186191922,127.36697567572729,60.26613626837459,99.99456666666737,26.171417341390914,0,0,0.10866666666666705,Normal
868,14.466666666666667,9.0,14.149685306526033,127.3471677587343,60.21613355156031,99.99455416666737,26.177513630551793,0,0,0.10891666666666705,Normal
869,14.483333333333333,9.0,14.147483958252813,127.32735562427533,60.166130828495355,99.99454166666737,26.183597010995918,0,0,0.10916666666666705,Normal
870,14.5,9.0,14.145282141128098,127.30753927015287,60.11612809917971,99.99452916666738,26.189667510059397,0,0,0.10941666666666705,Normal
871,14.516666666666667,9.0,14.143079854908866,127.28771869417979,60.06612536361339,99.99451666666738,26.195725155020448,0,0,0.10966666666666705,Normal
872,14.533333333333333,9.0,14.140877099353254,127.26789389417928,60.01612262179638,99.99450416666738,26.201769973099523,0,0,0.10991666666666705,Normal
873,14.55,9.0,14.138673874220558,127.24806486798502,59.96611987372868,99.99449166666739,26.20780199145943,0,0,0.11016666666666705,Normal
874,14.566666666666666,9.0,14.136470179271234,127.2282316134411,59.916117119410295,99.99447916666739,26.213821237205458,0,0,0.11041666666666705,Normal
875,14.583333333333334,9.0,14.13426601426689,127.208394128402,59.86611435884122,99.99446666666739,26.219827737385494,0,0,0.11066666666666705,Normal
876,14.6,9.0,14.1320613789703,127.18855241073271,59.81611159202146,99.9944541666674,26.22582151899015,0,0,0.11091666666666705,Normal
877,14.616666666666667,9.0,14.129856273145396,127.16870645830856,59.766108818951004,99.9944416666674,26.231802608952876,0,0,0.11116666666666705,Normal
878,14.633333333333333,9.0,14.127650696557266,127.1488562690154,59.71610603962986,99.9944291666674,26.237771034150093,0,0,0.11141666666666705,Normal
879,14.65,9.0,14.125444648972161,127.12900184074945,59.66610325405801,99.9944166666674,26.243726821401303,0,0,0.11166666666666705,Normal
880,14.666666666666666,9.0,14.123238130157496,127.10914317141746,59.616100462235465,99.99440416666741,26.24966999746922,0,0,0.11191666666666705,Normal
881,14.683333333333334,9.0,14.121031139881849,127.08928025893664,59.56609766416222,99.99439166666741,26.255600589059874,0,0,0.11216666666666705,Normal
882,14.7,9.0,14.118823677914952,127.06941310123456,59.516094859838276,99.99437916666741,26.26151862282275,0,0,0.11241666666666705,Normal
883,14.716666666666667,9.0,14.11661574402771,127.04954169624939,59.46609204926363,99.99436666666742,26.26742412535089,0,0,0.11266666666666705,Normal
884,14.733333333333333,9.0,14.114407337992185,127.02966604192967,59.41608923243828,99.99435416666742,26.273317123181027,0,0,0.11291666666666705,Normal
885,14.75,9.0,14.11219845958161,127.00978613623448,59.36608640936223,99.99434166666742,26.2791976427937,0,0,0.11316666666666705,Normal
886,14.766666666666667,9.0,14.109989108570375,126.98990197713337,59.316083580035475,99.99432916666743,26.285065710613374,0,0,0.11341666666666705,Normal
887,14.783333333333333,9.0,14.107779284734038,126.97001356260634,59.26608074445801,99.99431666666743,26.290921353008546,0,0,0.11366666666666705,Normal
888,14.8,9.0,14.10556898784933,126.95012089064396,59.216077902629834,99.99430416666743,26.29676459629188,0,0,0.11391666666666705,Normal
889,14.816666666666666,9.0,14.103358217694137,126.93022395924723,59.166075054550944,99.99429166666744,26.30259546672032,0,0,0.11416666666666705,Normal
890,14.833333333333334,9.0,14.101146974047516,126.91032276642764,59.116072200221346,99.99427916666744,26.308413990495207,0,0,0.11441666666666706,Normal
891,14.85,9.0,14.0989352566897,126.8904173102073,59.06606933964103,99.99426666666744,26.314220193762395,0,0,0.11466666666666706,Normal
892,14.866666666666667,9.0,14.096723065402076,126.87050758861868,59.01606647281,99.99425416666745,26.32001410261237,0,0,0.11491666666666706,Normal
893,14.883333333333333,9.0,14.094510399967211,126.8505935997049,58.96606359972825,99.99424166666745,26.325795743080366,0,0,0.11516666666666706,Normal
894,14.9,9.0,14.09229726016884,126.83067534151955,58.916060720395784,99.99422916666745,26.33156514114649,0,0,0.11541666666666706,Normal
895,14.916666666666666,9.0,14.090083645791855,126.8107528121267,58.866057834812594,99.99421666666746,26.33732232273583,0,0,0.11566666666666706,Normal
896,14.933333333333334,9.0,14.087869556622339,126.79082600960105,58.81605494297868,99.99420416666746,26.343067313718564,0,0,0.11591666666666706,Normal
897,14.95,9.0,14.085654992447527,126.77089493202774,58.766052044894046,99.99419166666746,26.3488001399101,0,0,0.11616666666666706,Normal
898,14.966666666666667,9.0,14.083439953055837,126.75095957750253,58.71604914055869,99.99417916666746,26.354520827071173,0,0,0.11641666666666706,Normal
899,14.983333333333333,9.0,14.081224438236855,126.7310199441317,58.6660462299726,99.99416666666747,26.360229400907965,0,0,0.11666666666666706,Normal
900,15.0,9.0,14.079008447781339,126.71107603003205,58.61604331313578,99.99415416666747,26.36592588707222,0,0,0.11691666666666706,Normal
901,15.016666666666667,9.0,14.076791981481218,126.69112783333097,58.56604039004824,99.99414166666747,26.37161031116136,0,0,0.11716666666666706,Normal
902,15.033333333333333,9.0,14.074575039129599,126.67117535216639,58.51603746070996,99.99412916666748,26.377282698718606,0,0,0.11741666666666706,Normal
903,15.05,9.0,14.072357620520762,126.65121858468686,58.46603452512095,99.99411666666748,26.382943075233083,0,0,0.11766666666666706,Normal
904,15.066666666666666,9.0,14.070139725450158,126.63125752905142,58.41603158328121,99.99410416666748,26.388591466139943,0,0,0.11791666666666706,Normal
905,15.083333333333334,9.0,14.067921353714413,126.61129218342971,58.36602863519073,99.99409166666749,26.39422789682047,0,0,0.11816666666666706,Normal
906,15.1,9.0,14.065702505111332,126.59132254600199,58.31602568084951,99.99407916666749,26.399852392602202,0,0,0.11841666666666706,Normal
907,15.116666666666667,9.0,14.0634831794399,126.57134861495909,58.26602272025755,99.99406666666749,26.405464978759046,0,0,0.11866666666666706,Normal
908,15.133333333333333,9.0,14.061263376500262,126.55137038850236,58.216019753414855,99.9940541666675,26.411065680511378,0,0,0.11891666666666706,Normal
909,15.15,9.0,14.059043096093758,126.53138786484382,58.166016780321414,99.9940416666675,26.41665452302618,0,0,0.11916666666666706,Normal
910,15.166666666666666,9.0,14.056822338022895,126.51140104220606,58.11601380097723,99.9940291666675,26.422231531417122,0,0,0.11941666666666706,Normal
911,15.183333333333334,9.0,14.054601102091365,126.49140991882228,58.0660108153823,99.9940166666675,26.42779673074471,0,0,0.11966666666666706,Normal
912,15.2,9.0,14.052379388104027,126.47141449293625,58.01600782353662,99.99400416666751,26.43335014601637,0,0,0.11991666666666706,Normal
913,15.216666666666667,9.0,14.050157195866934,126.4514147628024,57.966004825440194,99.99399166666751,26.43889180218657,0,0,0.12016666666666706,Normal
914,15.233333333333333,9.0,14.047934525187305,126.43141072668574,57.91600182109302,99.99397916666751,26.444421724156943,0,0,0.12041666666666706,Normal
915,15.25,9.0,14.045711375873546,126.41140238286192,57.86599881049509,99.99396666666752,26.449939936776374,0,0,0.12066666666666706,Normal
916,15.266666666666667,9.0,14.043487747735245,126.3913897296172,57.81599579364641,99.99395416666752,26.455446464841142,0,0,0.12091666666666706,Normal
917,15.283333333333333,9.0,14.04126364058316,126.37137276524845,57.76599277054697,99.99394166666752,26.460941333095008,0,0,0.12116666666666706,Normal
918,15.3,9.0,14.039039054229246,126.35135148806322,57.71598974119678,99.99392916666753,26.466424566229335,0,0,0.12141666666666706,Normal
919,15.316666666666666,9.0,14.036813988486625,126.33132589637962,57.66598670559583,99.99391666666753,26.471896188883203,0,0,0.12166666666666706,Normal
920,15.333333333333334,9.0,14.034588443169612,126.31129598852651,57.61598366374412,99.99390416666753,26.477356225643508,0,0,0.12191666666666706,Normal
921,15.35,9.0,14.032362418093696,126.29126176284326,57.56598061564164,99.99389166666754,26.482804701045087,0,0,0.12216666666666706,Normal
922,15.366666666666667,9.0,14.030135913075554,126.27122321767999,57.51597756128841,99.99387916666754,26.488241639570816,0,0,0.12241666666666706,Normal
923,15.383333333333333,9.0,14.02790892793305,126.25118035139745,57.46597450068441,99.99386666666754,26.493667065651724,0,0,0.12266666666666706,Normal
924,15.4,9.0,14.025681462485224,126.23113316236702,57.41597143382965,99.99385416666755,26.499081003667108,0,0,0.12291666666666706,Normal
925,15.416666666666666,9.0,14.023453516552303,126.21108164897073,57.36596836072411,99.99384166666755,26.504483477944635,0,0,0.12316666666666706,Normal
926,15.433333333333334,9.0,14.021225089955703,126.19102580960133,57.31596528136781,99.99382916666755,26.509874512760458,0,0,0.12341666666666706,Normal
927,15.45,9.0,14.01899618251802,126.17096564266218,57.265962195760736,99.99381666666756,26.51525413233932,0,0,0.12366666666666706,Normal
928,15.466666666666667,9.0,14.016766794063042,126.15090114656738,57.21595910390289,99.99380416666756,26.52062236085466,0,0,0.12391666666666706,Normal
929,15.483333333333333,9.0,14.014536924415733,126.1308323197416,57.16595600579427,99.99379166666756,26.52597922242873,0,0,0.12416666666666706,Normal
930,15.5,9.0,14.012306573402254,126.11075916062029,57.11595290143487,99.99377916666757,26.531324741132707,0,0,0.12441666666666706,Normal
931,15.516666666666667,9.0,14.010075740849949,126.09068166764953,57.0659497908247,99.99376666666757,26.53665894098678,0,0,0.12466666666666706,Normal
932,15.533333333333333,9.0,14.00784442658735,126.07059983928616,57.015946673963754,99.99375416666757,26.54198184596028,0,0,0.12491666666666706,Normal
933,15.55,9.0,14.005612630444174,126.05051367399757,56.965943550852025,99.99374166666757,26.547293479971774,0,0,0.12516666666666706,Normal
934,15.566666666666666,9.0,14.00338035225133,126.03042317026197,56.91594042148951,99.99372916666758,26.552593866889186,0,0,0.12541666666666706,Normal
935,15.583333333333334,9.0,14.001147591840912,126.01032832656821,56.865937285876214,99.99371666666758,26.55788303052989,0,0,0.12566666666666707,Normal
936,15.6,9.0,13.998914349046208,125.99022914141587,56.81593414401213,99.99370416666758,26.563160994660826,0,0,0.12591666666666707,Normal
937,15.616666666666667,9.0,13.996680623701696,125.97012561331526,56.765930995897264,99.99369166666759,26.568427782998604,0,0,0.12616666666666707,Normal
938,15.633333333333333,9.0,13.994446415643035,125.95001774078732,56.71592784153161,99.99367916666759,26.57368341920961,0,0,0.12641666666666707,Normal
939,15.65,9.0,13.992211724707083,125.92990552236375,56.66592468091517,99.9936666666676,26.578927926910104,0,0,0.12666666666666707,Normal
940,15.666666666666666,9.0,13.989976550731887,125.90978895658698,56.61592151404793,99.9936541666676,26.584161329666355,0,0,0.12691666666666707,Normal
941,15.683333333333334,9.0,13.987740893556683,125.88966804201016,56.565918340929905,99.9936416666676,26.58938365099471,0,0,0.12716666666666707,Normal
942,15.7,9.0,13.985504753021905,125.86954277719714,56.51591516156108,99.9936291666676,26.59459491436172,0,0,0.12741666666666707,Normal
943,15.716666666666667,9.0,13.983268128969168,125.84941316072252,56.46591197594147,99.9936166666676,26.59979514318425,0,0,0.12766666666666707,Normal
944,15.733333333333333,9.0,13.981031021241288,125.8292791911716,56.41590878407105,99.99360416666761,26.604984360829565,0,0,0.12791666666666707,Normal
945,15.75,9.0,13.978793429682268,125.80914086714041,56.36590558594984,99.99359166666761,26.610162590615456,0,0,0.12816666666666707,Normal
946,15.766666666666667,9.0,13.976555354137314,125.78899818723583,56.31590238157783,99.99357916666762,26.61532985581033,0,0,0.12841666666666707,Normal
947,15.783333333333333,9.0,13.974316794452813,125.76885115007532,56.26589917095502,99.99356666666762,26.62048617963332,0,0,0.12866666666666707,Normal
948,15.8,9.0,13.972077750476355,125.7486997542872,56.2158959540814,99.99355416666762,26.625631585254393,0,0,0.12891666666666707,Normal
949,15.816666666666666,9.0,13.969838222056719,125.72854399851047,56.165892730956976,99.99354166666762,26.630766095794442,0,0,0.12916666666666707,Normal
950,15.833333333333334,9.0,13.967598209043883,125.70838388139495,56.11588950158175,99.99352916666763,26.635889734325406,0,0,0.12941666666666707,Normal
951,15.85,9.0,13.965357711289016,125.68821940160115,56.06588626595571,99.99351666666763,26.641002523870366,0,0,0.12966666666666707,Normal
952,15.866666666666667,9.0,13.963116728644483,125.66805055780034,56.01588302407886,99.99350416666763,26.64610448740364,0,0,0.12991666666666707,Normal
953,15.883333333333333,9.0,13.96087526096385,125.64787734867464,55.9658797759512,99.99349166666764,26.651195647850905,0,0,0.13016666666666707,Normal
954,15.9,9.0,13.95863330810187,125.62769977291683,55.91587652157273,99.99347916666764,26.65627602808928,0,0,0.13041666666666707,Normal
955,15.916666666666666,9.0,13.956390869914504,125.60751782923053,55.86587326094344,99.99346666666764,26.661345650947442,0,0,0.13066666666666707,Normal
956,15.933333333333334,9.0,13.954147946258896,125.58733151633007,55.815869994063334,99.99345416666765,26.66640453920573,0,0,0.13091666666666707,Normal
957,15.95,9.0,13.9519045369934,125.5671408329406,55.765866720932415,99.99344166666765,26.671452715596235,0,0,0.13116666666666707,Normal
958,15.966666666666667,9.0,13.94966064197756,125.54694577779804,55.715863441550674,99.99342916666765,26.676490202802913,0,0,0.13141666666666707,Normal
959,15.983333333333333,9.0,13.947416261072123,125.5267463496491,55.66586015591812,99.99341666666766,26.681517023461684,0,0,0.13166666666666707,Normal
960,16.0,-3.0,15.028235519599217,-45.08470655879765,55.68252791987925,99.99341250000099,26.67890916783406,0,0,0.1317500000000004,Normal
961,16.016666666666666,-3.0,15.028983624190676,-45.08695087257203,55.699195684534914,99.99340833333432,26.676306834763942,0,0,0.13183333333333372,Normal
962,16.033333333333335,-3.0,15.029731674851583,-45.08919502455475,55.71586344988511,99.99340416666764,26.6737100125565,0,0,0.13191666666666704,Normal
963,16.05,-3.0,15.030479671587052,-45.09143901476116,55.732531215929846,99.99340000000097,26.671118689541675,0,0,0.13200000000000037,Normal
964,16.066666666666666,-3.0,15.031227614402216,-45.09368284320665,55.74919898266912,99.9933958333343,26.668532854074115,0,0,0.1320833333333337,Normal
965,16.083333333333332,-3.0,15.031975503302215,-45.09592650990665,55.76586675010293,99.99339166666763,26.665952494533133,0,0,0.13216666666666702,Normal
966,16.1,-3.0,15.032723338292213,-45.09817001487664,55.78253451823127,99.99338750000096,26.66337759932265,0,0,0.13225000000000034,Normal
967,16.116666666666667,-3.0,15.03347111937738,-45.10041335813214,55.79920228705415,99.9933833333343,26.660808156871145,0,0,0.13233333333333366,Normal
968,16.133333333333333,-3.0,15.034218846562903,-45.10265653968871,55.81587005657157,99.99337916666762,26.658244155631593,0,0,0.132416666666667,Normal
969,16.15,-3.0,15.034966519853992,-45.10489955956197,55.83253782678352,99.99337500000095,26.655685584081432,0,0,0.1325000000000003,Normal
970,16.166666666666668,-3.0,15.035714139255859,-45.10714241776758,55.84920559769001,99.99337083333428,26.653132430722493,0,0,0.13258333333333364,Normal
971,16.183333333333334,-3.0,15.036461704773739,-45.10938511432121,55.86587336929104,99.99336666666761,26.650584684080965,0,0,0.13266666666666696,Normal
972,16.2,-3.0,15.037209216412878,-45.111627649238635,55.8825411415866,99.99336250000094,26.648042332707323,0,0,0.13275000000000028,Normal
973,16.216666666666665,-3.0,15.037956674178542,-45.11387002253562,55.8992089145767,99.99335833333427,26.645505365176295,0,0,0.1328333333333336,Normal
974,16.233333333333334,-3.0,15.038704078076007,-45.11611223422802,55.915876688261335,99.9933541666676,26.642973770086805,0,0,0.13291666666666693,Normal
975,16.25,-3.0,15.03945142811056,-45.11835428433168,55.93254446264051,99.99335000000093,26.640447536061917,0,0,0.13300000000000026,Normal
976,16.266666666666666,-3.0,15.040198724287514,-45.12059617286254,55.949212237714214,99.99334583333426,26.637926651748785,0,0,0.13308333333333358,Normal
977,16.283333333333335,-3.0,15.040945966612192,-45.122837899836576,55.96588001348246,99.99334166666759,26.635411105818612,0,0,0.1331666666666669,Normal
978,16.3,-3.0,15.041693155089922,-45.12507946526976,55.982547789945244,99.99333750000092,26.632900886966585,0,0,0.13325000000000023,Normal
979,16.316666666666666,-3.0,15.042440289726063,-45.12732086917819,55.99921556710256,99.99333333333425,26.630395983911832,0,0,0.13333333333333355,Normal
980,16.333333333333332,-3.0,15.043187370525978,-45.12956211157793,56.01588334495442,99.99332916666758,26.62789638539737,0,0,0.13341666666666688,Normal
981,16.35,-3.0,15.043934397495047,-45.13180319248514,56.03255112350081,99.99332500000091,26.62540208019006,0,0,0.1335000000000002,Normal
982,16.366666666666667,-3.0,15.044681370638665,-45.134044111916,56.04921890274174,99.99332083333424,26.62291305708054,0,0,0.13358333333333353,Normal
983,16.383333333333333,-3.0,15.045428289962244,-45.13628486988673,56.06588668267721,99.99331666666757,26.620429304883196,0,0,0.13366666666666685,Normal
984,16.4,-3.0,15.046175155471209,-45.138525466413626,56.08255446330722,99.9933125000009,26.61795081243609,0,0,0.13375000000000017,Normal
985,16.416666666666668,-3.0,15.046921967170997,-45.14076590151299,56.09922224463176,99.99330833333423,26.61547756860093,0,0,0.1338333333333335,Normal
986,16.433333333333334,-3.0,15.047668725067066,-45.143006175201194,56.11589002665084,99.99330416666756,26.61300956226301,0,0,0.13391666666666682,Normal
987,16.45,-3.0,15.048415429164884,-45.14524628749465,56.13255780936446,99.99330000000089,26.61054678233116,0,0,0.13400000000000015,Normal
988,16.466666666666665,-3.0,15.049162079469934,-45.1474862384098,56.14922559277261,99.99329583333422,26.608089217737692,0,0,0.13408333333333347,Normal
989,16.483333333333334,-3.0,15.049908675987714,-45.14972602796314,56.1658933768753,99.99329166666755,26.605636857438366,0,0,0.1341666666666668,Normal
990,16.5,-3.0,15.05065521872374,-45.15196565617122,56.18256116167253,99.99328750000087,26.60318969041232,0,0,0.13425000000000012,Normal
991,16.516666666666666,-3.0,15.051401707683539,-45.154205123050616,56.1992289471643,99.9932833333342,26.600747705662037,0,0,0.13433333333333344,Normal
992,16.533333333333335,-3.0,15.052148142872655,-45.15644442861797,56.215896733350604,99.99327916666753,26.59831089221328,0,0,0.13441666666666677,Normal
993,16.55,-3.0,15.052894524296645,-45.158683572889935,56.23256452023145,99.99327500000086,26.595879239115064,0,0,0.1345000000000001,Normal
994,16.566666666666666,-3.0,15.053640851961081,-45.160922555883246,56.24923230780683,99.9932708333342,26.593452735439584,0,0,0.13458333333333342,Normal
995,16.583333333333332,-3.0,15.054387125871553,-45.16316137761466,56.26590009607675,99.99326666666752,26.59103137028218,0,0,0.13466666666666674,Normal
996,16.6,-3.0,15.05513334603366,-45.165400038100984,56.2825678850412,99.99326250000085,26.58861513276129,0,0,0.13475000000000006,Normal
997,16.616666666666667,-3.0,15.055879512453018,-45.16763853735905,56.2992356747002,99.99325833333418,26.586204012018385,0,0,0.1348333333333334,Normal
998,16.633333333333333,-3.0,15.056625625135261,-45.169876875405784,56.31590346505373,99.99325416666751,26.583797997217935,0,0,0.1349166666666667,Normal
999,16.65,-3.0,15.057371684086037,-45.172115052258114,56.3325712561018,99.99325000000084,26.581397077547358,0,0,0.13500000000000004,Normal
1000,16.666666666666668,-3.0,15.058117689311004,-45.17435306793301,56.34923904784441,99.99324583333417,26.579001242216965,0,0,0.13508333333333336,Normal
1001,16.683333333333334,-3.0,15.058863640815838,-45.17659092244752,56.36590684028155,99.9932416666675,26.576610480459916,0,0,0.13516666666666668,Normal
1002,16.7,-3.0,15.059609538606228,-45.17882861581869,56.38257463341324,99.99323750000083,26.574224781532177,0,0,0.13525,Normal
1003,16.716666666666665,-3.0,15.060355382687884,-45.18106614806365,56.399242427239464,99.99323333333416,26.57184413471246,0,0,0.13533333333333333,Normal
1004,16.733333333333334,-3.0,15.061101173066522,-45.18330351919957,56.41591022176023,99.99322916666749,26.56946852930219,0,0,0.13541666666666666,Normal
1005,16.75,-3.0,15.061846909747876,-45.18554072924363,56.432578016975526,99.99322500000082,26.56709795462543,0,0,0.13549999999999998,Normal
1006,16.766666666666666,-3.0,15.062592592737701,-45.1877777782131,56.449245812885366,99.99322083333415,26.564732400028873,0,0,0.1355833333333333,Normal
1007,16.783333333333335,-3.0,15.063338222041757,-45.19001466612527,56.465913609489746,99.99321666666748,26.562371854881754,0,0,0.13566666666666663,Normal
1008,16.8,-3.0,15.064083797665822,-45.19225139299746,56.48258140678866,99.99321250000081,26.56001630857583,0,0,0.13574999999999995,Normal
1009,16.816666666666666,-3.0,15.064829319615693,-45.19448795884708,56.49924920478212,99.99320833333414,26.557665750525317,0,0,0.13583333333333328,Normal
1010,16.833333333333332,-3.0,15.065574787897177,-45.19672436369153,56.515917003470115,99.99320416666747,26.55532017016685,0,0,0.1359166666666666,Normal
1011,16.85,-3.0,15.066320202516094,-45.19896060754828,56.53258480285265,99.9932000000008,26.55297955695944,0,0,0.13599999999999993,Normal
1012,16.866666666666667,-3.0,15.067065563478288,-45.20119669043486,56.54925260292972,99.99319583333413,26.550643900384408,0,0,0.13608333333333325,Normal
1013,16.883333333333333,-3.0,15.067810870789604,-45.203432612368815,56.56592040370133,99.99319166666746,26.548313189945357,0,0,0.13616666666666657,Normal
1014,16.9,-3.0,15.068556124455913,-45.20566837336774,56.582588205167475,99.99318750000079,26.54598741516812,0,0,0.1362499999999999,Normal
1015,16.916666666666668,-3.0,15.069301324483101,-45.207903973449305,56.599256007328165,99.99318333333412,26.543666565600706,0,0,0.13633333333333322,Normal
1016,16.933333333333334,-3.0,15.07004647087706,-45.21013941263118,56.615923810183396,99.99317916666745,26.54135063081326,0,0,0.13641666666666655,Normal
1017,16.95,-3.0,15.0707915636437,-45.2123746909311,56.63259161373316,99.99317500000078,26.539039600398006,0,0,0.13649999999999987,Normal
1018,16.966666666666665,-3.0,15.071536602788951,-45.21460980836685,56.64925941797747,99.9931708333341,26.53673346396922,0,0,0.1365833333333332,Normal
1019,16.983333333333334,-3.0,15.072281588318752,-45.21684476495626,56.66592722291632,99.99316666666743,26.534432211163168,0,0,0.13666666666666652,Normal
1020,17.0,4.0,14.44124520731648,57.76498082926592,56.64370348207181,99.99316111111187,26.532877058810115,0,0,0.13677777777777764,Normal
1021,17.016666666666666,4.0,14.440251780883925,57.7610071235357,56.62147973999256,99.99315555555631,26.531325199814987,0,0,0.13688888888888875,Normal
1022,17.033333333333335,4.0,14.439258259006996,57.757033036027984,56.59925599667857,99.99315000000075,26.529776627203614,0,0,0.13699999999999987,Normal
1023,17.05,4.0,14.438264641671646,57.75305856668658,56.57703225212985,99.99314444444519,26.528231334016596,0,0,0.137111111111111,Normal
1024,17.066666666666666,4.0,14.437270928863867,57.74908371545547,56.55480850634638,99.99313888888963,26.526689313309266,0,0,0.1372222222222221,Normal
1025,17.083333333333332,4.0,14.436277120569704,57.745108482278816,56.53258475932819,99.99313333333407,26.52515055815167,0,0,0.13733333333333322,Normal
1026,17.1,4.0,14.43528321677525,57.741132867101,56.510361011075254,99.99312777777851,26.523615061628526,0,0,0.13744444444444434,Normal
1027,17.116666666666667,4.0,14.434289217466631,57.737156869866524,56.48813726158758,99.99312222222295,26.522082816839195,0,0,0.13755555555555546,Normal
1028,17.133333333333333,4.0,14.433295122630044,57.733180490520176,56.46591351086517,99.99311666666739,26.520553816897653,0,0,0.13766666666666658,Normal
1029,17.15,4.0,14.432300932251708,57.729203729006834,56.44368975890802,99.99311111111183,26.51902805493246,0,0,0.1377777777777777,Normal
1030,17.166666666666668,4.0,14.431306646317903,57.72522658527161,56.421466005716134,99.99310555555627,26.51750552408672,0,0,0.1378888888888888,Normal
1031,17.183333333333334,4.0,14.43031226481495,57.7212490592598,56.39924225128951,99.99310000000071,26.515986217518066,0,0,0.13799999999999993,Normal
1032,17.2,4.0,14.429317787729216,57.717271150916865,56.37701849562814,99.99309444444515,26.514470128398617,0,0,0.13811111111111105,Normal
1033,17.216666666666665,4.0,14.42832321504712,57.71329286018848,56.35479473873204,99.99308888888959,26.51295724991495,0,0,0.13822222222222216,Normal
1034,17.233333333333334,4.0,14.427328546755122,57.70931418702049,56.3325709806012,99.99308333333403,26.511447575268072,0,0,0.13833333333333328,Normal
1035,17.25,4.0,14.42633378283973,57.70533513135892,56.31034722123562,99.99307777777847,26.509941097673387,0,0,0.1384444444444444,Normal
1036,17.266666666666666,4.0,14.425338923287503,57.70135569315001,56.2881234606353,99.9930722222229,26.508437810360668,0,0,0.13855555555555552,Normal
1037,17.283333333333335,4.0,14.424343968085038,57.69737587234015,56.26589969880024,99.99306666666735,26.50693770657402,0,0,0.13866666666666663,Normal
1038,17.3,4.0,14.423348917218986,57.693395668875944,56.243675935730444,99.99306111111179,26.505440779571863,0,0,0.13877777777777775,Normal
1039,17.316666666666666,4.0,14.42235377067604,57.68941508270416,56.22145217142591,99.99305555555623,26.50394702262689,0,0,0.13888888888888887,Normal
1040,17.333333333333332,4.0,14.421358528442942,57.68543411377177,56.199228405886636,99.99305000000066,26.502456429026033,0,0,0.13899999999999998,Normal
1041,17.35,4.0,14.420363190506482,57.68145276202593,56.177004639112624,99.9930444444451,26.500968992070447,0,0,0.1391111111111111,Normal
1042,17.366666666666667,4.0,14.419367756853495,57.67747102741398,56.154780871103874,99.99303888888954,26.499484705075474,0,0,0.13922222222222222,Normal
1043,17.383333333333333,4.0,14.418372227470858,57.67348890988343,56.132557101860385,99.99303333333398,26.49800356137061,0,0,0.13933333333333334,Normal
1044,17.4,4.0,14.417376602345504,57.669506409382016,56.11033333138215,99.99302777777842,26.49652555429947,0,0,0.13944444444444445,Normal
1045,17.416666666666668,4.0,14.416380881464406,57.66552352585762,56.08810955966918,99.99302222222286,26.495050677219776,0,0,0.13955555555555557,Normal
1046,17.433333333333334,4.0,14.415385064814583,57.66154025925833,56.065885786721466,99.9930166666673,26.49357892350331,0,0,0.1396666666666667,Normal
1047,17.45,4.0,14.414389152383107,57.65755660953243,56.043662012539016,99.99301111111174,26.49211028653589,0,0,0.1397777777777778,Normal
1048,17.466666666666665,4.0,14.413393144157089,57.653572576628356,56.02143823712182,99.99300555555618,26.490644759717345,0,0,0.13988888888888892,Normal
1049,17.483333333333334,4.0,14.412397040123693,57.64958816049477,55.99921446046989,99.99300000000062,26.48918233646147,0,0,0.14000000000000004,Normal
1050,17.5,4.0,14.411400840270126,57.645603361080504,55.976990682583214,99.99299444444506,26.487723010196024,0,0,0.14011111111111116,Normal
1051,17.516666666666666,4.0,14.41040454458364,57.64161817833456,55.954766903461795,99.9929888888895,26.48626677436267,0,0,0.14022222222222228,Normal
1052,17.533333333333335,4.0,14.40940815305154,57.63763261220616,55.93254312310564,99.99298333333394,26.484813622416958,0,0,0.1403333333333334,Normal
1053,17.55,4.0,14.408411665661173,57.63364666264469,55.91031934151474,99.99297777777838,26.48336354782831,0,0,0.1404444444444445,Normal
1054,17.566666666666666,4.0,14.407415082399936,57.629660329599744,55.8880955586891,99.99297222222282,26.48191654407997,0,0,0.14055555555555563,Normal
1055,17.583333333333332,4.0,14.406418403255264,57.62567361302106,55.86587177462872,99.99296666666726,26.480472604668975,0,0,0.14066666666666675,Normal
1056,17.6,4.0,14.40542162821465,57.6216865128586,55.843647989333604,99.9929611111117,26.479031723106147,0,0,0.14077777777777786,Normal
1057,17.616666666666667,4.0,14.40442475726563,57.61769902906252,55.82142420280374,99.99295555555614,26.47759389291604,0,0,0.14088888888888898,Normal
1058,17.633333333333333,4.0,14.403427790395783,57.61371116158313,55.79920041503914,99.99295000000058,26.476159107636924,0,0,0.1410000000000001,Normal
1059,17.65,4.0,14.402430727592737,57.60972291037095,55.77697662603979,99.99294444444502,26.47472736082075,0,0,0.14111111111111121,Normal
1060,17.666666666666668,4.0,14.401433568844169,57.605734275376676,55.754752835805704,99.99293888888946,26.47329864603313,0,0,0.14122222222222233,Normal
1061,17.683333333333334,4.0,14.400436314137796,57.60174525655118,55.73252904433687,99.9929333333339,26.471872956853293,0,0,0.14133333333333345,Normal
1062,17.7,4.0,14.399438963461394,57.59775585384558,55.7103052516333,99.99292777777833,26.470450286874073,0,0,0.14144444444444457,Normal
1063,17.716666666666665,4.0,14.398441516802771,57.593766067211085,55.688081457694985,99.99292222222277,26.46903062970187,0,0,0.14155555555555568,Normal
1064,17.733333333333334,4.0,14.397443974149795,57.58977589659918,55.66585766252193,99.99291666666721,26.467613978956617,0,0,0.1416666666666668,Normal
1065,17.75,4.0,14.396446335490367,57.58578534196147,55.64363386611413,99.99291111111165,26.466200328271768,0,0,0.14177777777777792,Normal
1066,17.766666666666666,4.0,14.395448600812452,57.58179440324981,55.62141006847158,99.99290555555609,26.464789671294252,0,0,0.14188888888888904,Normal
1067,17.783333333333335,4.0,14.394450770104045,57.57780308041618,55.5991862695943,99.99290000000053,26.46338200168445,0,0,0.14200000000000015,Normal
1068,17.8,4.0,14.393452843353199,57.573811373412795,55.57696246948227,99.99289444444497,26.46197731311618,0,0,0.14211111111111127,Normal
1069,17.816666666666666,4.0,14.39245482054801,57.56981928219204,55.55473866813549,99.99288888888941,26.460575599276638,0,0,0.1422222222222224,Normal
1070,17.833333333333332,4.0,14.391456701676617,57.56582680670647,55.53251486555398,99.99288333333385,26.459176853866406,0,0,0.1423333333333335,Normal
1071,17.85,4.0,14.390458486727214,57.561833946908855,55.51029106173772,99.99287777777829,26.457781070599395,0,0,0.14244444444444462,Normal
1072,17.866666666666667,4.0,14.389460175688034,57.55784070275214,55.48806725668671,99.99287222222273,26.45638824320283,0,0,0.14255555555555574,Normal
1073,17.883333333333333,4.0,14.38846176854736,57.55384707418944,55.46584345040096,99.99286666666717,26.454998365417225,0,0,0.14266666666666686,Normal
1074,17.9,4.0,14.387463265293524,57.5498530611741,55.44361964288047,99.99286111111161,26.453611430996343,0,0,0.14277777777777798,Normal
1075,17.916666666666668,4.0,14.386464665914902,57.54585866365961,55.421395834125235,99.99285555555605,26.452227433707176,0,0,0.1428888888888891,Normal
1076,17.933333333333334,4.0,14.385465970399919,57.541863881599674,55.399172024135254,99.99285000000049,26.450846367329913,0,0,0.1430000000000002,Normal
1077,17.95,4.0,14.38446717873704,57.53786871494816,55.37694821291053,99.99284444444493,26.44946822565792,0,0,0.14311111111111133,Normal
1078,17.966666666666665,4.0,14.383468290914784,57.53387316365914,55.354724400451055,99.99283888888937,26.448093002497703,0,0,0.14322222222222245,Normal
1079,17.983333333333334,4.0,14.382469306921722,57.52987722768689,55.332500586756844,99.9928333333338,26.446720691668883,0,0,0.14333333333333356,Normal
1080,18.0,4.0,14.381470226746458,57.52588090698583,55.31027677182789,99.99282777777825,26.445351287004172,0,0,0.14344444444444468,Normal
1081,18.016666666666666,4.0,14.38047105037765,57.5218842015106,55.288052955664185,99.99282222222269,26.44398478234934,0,0,0.1435555555555558,Normal
1082,18.033333333333335,4.0,14.379471777804005,57.51788711121602,55.26582913826574,99.99281666666712,26.44262117156319,0,0,0.14366666666666691,Normal
1083,18.05,4.0,14.378472409014275,57.5138896360571,55.24360531963254,99.99281111111156,26.441260448517525,0,0,0.14377777777777803,Normal
1084,18.066666666666666,4.0,14.377472943997255,57.50989177598902,55.221381499764604,99.992805555556,26.439902607097135,0,0,0.14388888888888915,Normal
1085,18.083333333333332,4.0,14.376473382741795,57.50589353096718,55.19915767866192,99.99280000000044,26.438547641199754,0,0,0.14400000000000027,Normal
1086,18.1,4.0,14.375473725236779,57.501894900947114,55.17693385632449,99.99279444444488,26.43719554473604,0,0,0.14411111111111138,Normal
1087,18.116666666666667,4.0,14.374473971471154,57.49789588588462,55.15471003275231,99.99278888888932,26.43584631162954,0,0,0.1442222222222225,Normal
1088,18.133333333333333,4.0,14.373474121433903,57.49389648573561,55.13248620794539,99.99278333333376,26.434499935816678,0,0,0.14433333333333362,Normal
1089,18.15,4.0,14.372474175114059,57.489896700456235,55.11026238190372,99.9927777777782,26.433156411246713,0,0,0.14444444444444474,Normal
1090,18.166666666666668,4.0,14.3714741325007,57.4858965300028,55.08803855462731,99.99277222222264,26.43181573188172,0,0,0.14455555555555585,Normal
1091,18.183333333333334,4.0,14.370473993582953,57.48189597433181,55.06581472611615,99.99276666666708,26.430477891696558,0,0,0.14466666666666697,Normal
1092,18.2,4.0,14.369473758349997,57.47789503339999,55.04359089637025,99.99276111111152,26.429142884678846,0,0,0.1447777777777781,Normal
1093,18.216666666666665,4.0,14.368473426791043,57.47389370716417,55.02136706538959,99.99275555555596,26.42781070482894,0,0,0.1448888888888892,Normal
1094,18.233333333333334,4.0,14.367472998895366,57.46989199558146,54.99914323317419,99.9927500000004,26.42648134615989,0,0,0.14500000000000032,Normal
1095,18.25,4.0,14.366472474652277,57.465889898609106,54.97691939972404,99.99274444444484,26.42515480269743,0,0,0.14511111111111144,Normal
1096,18.266666666666666,4.0,14.365471854051139,57.461887416204554,54.954695565039145,99.99273888888928,26.423831068479956,0,0,0.14522222222222256,Normal
1097,18.283333333333335,4.0,14.364471137081356,57.457884548325424,54.932471729119506,99.99273333333372,26.42251013755847,0,0,0.14533333333333368,Normal
1098,18.3,4.0,14.363470323732388,57.45388129492955,54.91024789196512,99.99272777777816,26.42119200399658,0,0,0.1454444444444448,Normal
1099,18.316666666666666,4.0,14.362469413993733,57.44987765597493,54.88802405357598,99.9927222222226,26.41987666187047,0,0,0.1455555555555559,Normal
1100,18.333333333333332,4.0,14.361468407854945,57.44587363141978,54.8658002139521,99.99271666666704,26.418564105268864,0,0,0.14566666666666703,Normal
1101,18.35,4.0,14.360467305305614,57.441869221222454,54.84357637309347,99.99271111111148,26.417254328293,0,0,0.14577777777777814,Normal
1102,18.366666666666667,4.0,14.359466106335388,57.43786442534155,54.82135253100009,99.99270555555591,26.415947325056617,0,0,0.14588888888888926,Normal
1103,18.383333333333333,4.0,14.358464810933953,57.43385924373581,54.79912868767196,99.99270000000035,26.41464308968591,0,0,0.14600000000000038,Normal
1104,18.4,4.0,14.357463419091046,57.42985367636418,54.77690484310909,99.9926944444448,26.413341616319517,0,0,0.1461111111111115,Normal
1105,18.416666666666668,4.0,14.356461930796456,57.425847723185825,54.75468099731146,99.99268888888923,26.41204289910849,0,0,0.14622222222222261,Normal
1106,18.433333333333334,4.0,14.355460346040008,57.42184138416003,54.73245715027909,99.99268333333367,26.41074693221626,0,0,0.14633333333333373,Normal
1107,18.45,4.0,14.354458664811583,57.41783465924633,54.71023330201197,99.99267777777811,26.409453709818624,0,0,0.14644444444444485,Normal
1108,18.466666666666665,4.0,14.353456887101105,57.41382754840442,54.6880094525101,99.99267222222255,26.408163226103714,0,0,0.14655555555555597,Normal
1109,18.483333333333334,4.0,14.352455012898545,57.40982005159418,54.665785601773486,99.99266666666699,26.406875475271963,0,0,0.14666666666666708,Normal
1110,18.5,4.0,14.351453042193924,57.4058121687757,54.64356174980212,99.99266111111143,26.405590451536092,0,0,0.1467777777777782,Normal
1111,18.516666666666666,4.0,14.350450974977305,57.40180389990922,54.621337896596,99.99265555555587,26.404308149121075,0,0,0.14688888888888932,Normal
1112,18.533333333333335,4.0,14.349448811238801,57.397795244955205,54.599114042155136,99.99265000000031,26.40302856226411,0,0,0.14700000000000044,Normal
1113,18.55,4.0,14.348446550968575,57.3937862038743,54.576890186479524,99.99264444444475,26.40175168521461,0,0,0.14711111111111155,Normal
1114,18.566666666666666,4.0,14.347444194156832,57.38977677662733,54.55466632956916,99.99263888888919,26.400477512234154,0,0,0.14722222222222267,Normal
1115,18.583333333333332,4.0,14.346441740793827,57.38576696317531,54.53244247142405,99.99263333333363,26.399206037596482,0,0,0.1473333333333338,Normal
1116,18.6,4.0,14.345439190869856,57.38175676347942,54.510218612044184,99.99262777777807,26.397937255587454,0,0,0.1474444444444449,Normal
1117,18.616666666666667,4.0,14.344436544375272,57.37774617750109,54.48799475142957,99.99262222222251,26.396671160505033,0,0,0.14755555555555602,Normal
1118,18.633333333333333,4.0,14.34343380130047,57.37373520520188,54.465770889580206,99.99261666666695,26.395407746659256,0,0,0.14766666666666714,Normal
1119,18.65,4.0,14.342430961635891,57.369723846543565,54.44354702649609,99.99261111111139,26.39414700837221,0,0,0.14777777777777826,Normal
1120,18.666666666666668,1.0,14.612200190371253,14.612200190371253,54.43799106041637,99.9926097222225,26.391300587238305,0,0,0.14780555555555602,Normal
1121,18.683333333333334,1.0,14.611949463069012,14.611949463069012,54.43243509425948,99.9926083333336,26.388460193821214,0,0,0.1478333333333338,Normal
1122,18.7,1.0,14.611698729729019,14.611698729729019,54.42687912802542,99.99260694444472,26.385625815356356,0,0,0.14786111111111155,Normal
1123,18.716666666666665,1.0,14.611447990351127,14.611447990351127,54.421323161714184,99.99260555555583,26.382797439106188,0,0,0.14788888888888932,Normal
1124,18.733333333333334,1.0,14.611197244935187,14.611197244935187,54.41576719532578,99.99260416666694,26.37997505236014,0,0,0.14791666666666708,Normal
1125,18.75,1.0,14.61094649348105,14.61094649348105,54.4102112288602,99.99260277777805,26.377158642434555,0,0,0.14794444444444485,Normal
1126,18.766666666666666,1.0,14.610695735988575,14.610695735988575,54.404655262317455,99.99260138888916,26.374348196672635,0,0,0.14797222222222262,Normal
1127,18.783333333333335,1.0,14.610444972457607,14.610444972457607,54.39909929569754,99.99260000000027,26.371543702444388,0,0,0.14800000000000038,Normal
1128,18.8,1.0,14.610194202888005,14.610194202888005,54.39354332900045,99.99259861111138,26.368745147146566,0,0,0.14802777777777815,Normal
1129,18.816666666666666,1.0,14.609943427279617,14.609943427279617,54.38798736222619,99.99259722222249,26.365952518202608,0,0,0.1480555555555559,Normal
1130,18.833333333333332,1.0,14.609692645632306,14.609692645632306,54.38243139537476,99.9925958333336,26.36316580306259,0,0,0.14808333333333368,Normal
1131,18.85,1.0,14.609441857945917,14.609441857945917,54.376875428446155,99.9925944444447,26.360384989203162,0,0,0.14811111111111144,Normal
1132,18.866666666666667,1.0,14.609191064220303,14.609191064220303,54.37131946144038,99.99259305555582,26.357610064127496,0,0,0.1481388888888892,Normal
1133,18.883333333333333,1.0,14.608940264455327,14.608940264455327,54.36576349435743,99.99259166666693,26.354841015365224,0,0,0.14816666666666697,Normal
1134,18.9,1.0,14.608689458650833,14.608689458650833,54.36020752719731,99.99259027777804,26.352077830472393,0,0,0.14819444444444474,Normal
1135,18.916666666666668,1.0,14.608438646806682,14.608438646806682,54.35465155996002,99.99258888888914,26.349320497031393,0,0,0.1482222222222225,Normal
1136,18.933333333333334,1.0,14.608187828922727,14.608187828922727,54.349095592645554,99.99258750000025,26.346569002650913,0,0,0.14825000000000027,Normal
1137,18.95,1.0,14.607937004998822,14.607937004998822,54.34353962525392,99.99258611111136,26.343823334965887,0,0,0.14827777777777804,Normal
1138,18.966666666666665,1.0,14.607686175034821,14.607686175034821,54.33798365778511,99.99258472222247,26.34108348163743,0,0,0.1483055555555558,Normal
1139,18.983333333333334,1.0,14.607435339030584,14.607435339030584,54.33242769023913,99.99258333333358,26.338349430352785,0,0,0.14833333333333357,Normal
1140,19.0,1.0,14.607184496985962,14.607184496985962,54.32687172261598,99.9925819444447,26.335621168825273,0,0,0.14836111111111133,Normal
1141,19.016666666666666,1.0,14.60693364890081,14.60693364890081,54.32131575491565,99.9925805555558,26.33289868479423,0,0,0.1483888888888891,Normal
1142,19.033333333333335,1.0,14.606682794774985,14.606682794774985,54.315759787138155,99.99257916666691,26.33018196602496,0,0,0.14841666666666686,Normal
1143,19.05,1.0,14.606431934608345,14.606431934608345,54.31020381928349,99.99257777777802,26.32747100030867,0,0,0.14844444444444463,Normal
1144,19.066666666666666,1.0,14.606181068400742,14.606181068400742,54.304647851351646,99.99257638888913,26.324765775462428,0,0,0.1484722222222224,Normal
1145,19.083333333333332,1.0,14.605930196152036,14.605930196152036,54.29909188334263,99.99257500000024,26.322066279329096,0,0,0.14850000000000016,Normal
1146,19.1,1.0,14.605679317862084,14.605679317862084,54.29353591525645,99.99257361111135,26.31937249977728,0,0,0.14852777777777793,Normal
1147,19.116666666666667,1.0,14.605428433530736,14.605428433530736,54.28797994709309,99.99257222222246,26.316684424701283,0,0,0.1485555555555557,Normal
1148,19.133333333333333,1.0,14.605177543157856,14.605177543157856,54.28242397885256,99.99257083333357,26.314002042021034,0,0,0.14858333333333346,Normal
1149,19.15,1.0,14.6049266467433,14.6049266467433,54.27686801053486,99.99256944444468,26.31132533968205,0,0,0.14861111111111122,Normal
1150,19.166666666666668,1.0,14.60467574428692,14.60467574428692,54.27131204213999,99.9925680555558,26.30865430565537,0,0,0.148638888888889,Normal
1151,19.183333333333334,1.0,14.604424835788581,14.604424835788581,54.265756073667944,99.9925666666669,26.305988927937513,0,0,0.14866666666666675,Normal
1152,19.2,1.0,14.604173921248131,14.604173921248131,54.26020010511873,99.99256527777801,26.30332919455041,0,0,0.14869444444444452,Normal
1153,19.216666666666665,1.0,14.603923000665437,14.603923000665437,54.25464413649234,99.99256388888912,26.300675093541365,0,0,0.14872222222222228,Normal
1154,19.233333333333334,1.0,14.603672074040354,14.603672074040354,54.24908816778878,99.99256250000023,26.298026612982984,0,0,0.14875000000000005,Normal
1155,19.25,1.0,14.603421141372738,14.603421141372738,54.243532199008044,99.99256111111134,26.295383740973136,0,0,0.14877777777777781,Normal
1156,19.266666666666666,1.0,14.603170202662447,14.603170202662447,54.23797623015014,99.99255972222245,26.2927464656349,0,0,0.14880555555555558,Normal
1157,19.283333333333335,1.0,14.602919257909344,14.602919257909344,54.23242026121506,99.99255833333356,26.290114775116496,0,0,0.14883333333333335,Normal
1158,19.3,1.0,14.602668307113284,14.602668307113284,54.22686429220281,99.99255694444467,26.28748865759125,0,0,0.1488611111111111,Normal
1159,19.316666666666666,1.0,14.602417350274123,14.602417350274123,54.22130832311339,99.99255555555578,26.284868101257526,0,0,0.14888888888888888,Normal
1160,19.333333333333332,1.0,14.602166387391728,14.602166387391728,54.2157523539468,99.99255416666689,26.282253094338685,0,0,0.14891666666666664,Normal
1161,19.35,1.0,14.60191541846595,14.60191541846595,54.21019638470303,99.992552777778,26.279643625083025,0,0,0.1489444444444444,Normal
1162,19.366666666666667,1.0,14.601664443496654,14.601664443496654,54.204640415382094,99.99255138888911,26.277039681763732,0,0,0.14897222222222217,Normal
1163,19.383333333333333,1.0,14.601413462483697,14.601413462483697,54.199084445983985,99.99255000000022,26.27444125267882,0,0,0.14899999999999994,Normal
1164,19.4,1.0,14.601162475426941,14.601162475426941,54.1935284765087,99.99254861111133,26.271848326151087,0,0,0.1490277777777777,Normal
1165,19.416666666666668,1.0,14.600911482326243,14.600911482326243,54.18797250695625,99.99254722222244,26.26926089052806,0,0,0.14905555555555547,Normal
1166,19.433333333333334,1.0,14.600660483181468,14.600660483181468,54.182416537326624,99.99254583333355,26.26667893418194,0,0,0.14908333333333323,Normal
1167,19.45,1.0,14.600409477992468,14.600409477992468,54.176860567619826,99.99254444444466,26.264102445509554,0,0,0.149111111111111,Normal
1168,19.466666666666665,1.0,14.60015846675911,14.60015846675911,54.17130459783586,99.99254305555577,26.2615314129323,0,0,0.14913888888888877,Normal
1169,19.483333333333334,1.0,14.599907449481256,14.599907449481256,54.165748627974715,99.99254166666688,26.25896582489609,0,0,0.14916666666666653,Normal
1170,19.5,1.0,14.59965642615876,14.59965642615876,54.1601926580364,99.99254027777799,26.25640566987131,0,0,0.1491944444444443,Normal
1171,19.516666666666666,1.0,14.599405396791488,14.599405396791488,54.154636688020915,99.9925388888891,26.25385093635276,0,0,0.14922222222222206,Normal
1172,19.533333333333335,1.0,14.5991543613793,14.5991543613793,54.14908071792826,99.99253750000021,26.2513016128596,0,0,0.14924999999999983,Normal
1173,19.55,1.0,14.598903319922059,14.598903319922059,54.14352474775843,99.99253611111132,26.24875768793531,0,0,0.1492777777777776,Normal
1174,19.566666666666666,1.0,14.598652272419624,14.598652272419624,54.137968777511425,99.99253472222243,26.246219150147624,0,0,0.14930555555555536,Normal
1175,19.583333333333332,1.0,14.59840121887186,14.59840121887186,54.13241280718725,99.99253333333354,26.243685988088487,0,0,0.14933333333333312,Normal
1176,19.6,1.0,14.598150159278624,14.598150159278624,54.126856836785905,99.99253194444465,26.241158190374005,0,0,0.1493611111111109,Normal
1177,19.616666666666667,1.0,14.597899093639784,14.597899093639784,54.12130086630739,99.99253055555576,26.23863574564439,0,0,0.14938888888888865,Normal
1178,19.633333333333333,1.0,14.597648021955198,14.597648021955198,54.115744895751696,99.99252916666687,26.23611864256391,0,0,0.14941666666666642,Normal
1179,19.65,1.0,14.597396944224728,14.597396944224728,54.110188925118834,99.99252777777798,26.233606869820832,0,0,0.14944444444444419,Normal
1180,19.666666666666668,1.0,14.597145860448242,14.597145860448242,54.1046329544088,99.99252638888909,26.231100416127386,0,0,0.14947222222222195,Normal
1181,19.683333333333334,1.0,14.596894770625596,14.596894770625596,54.09907698362159,99.9925250000002,26.228599270219703,0,0,0.14949999999999972,Normal
1182,19.7,1.0,14.59664367475666,14.59664367475666,54.093521012757215,99.99252361111131,26.22610342085777,0,0,0.14952777777777748,Normal
1183,19.716666666666665,1.0,14.596392572841292,14.596392572841292,54.087965041815664,99.99252222222242,26.223612856825362,0,0,0.14955555555555525,Normal
1184,19.733333333333334,1.0,14.59614146487936,14.59614146487936,54.08240907079694,99.99252083333353,26.221127566930026,0,0,0.149583333333333,Normal
1185,19.75,1.0,14.595890350870722,14.595890350870722,54.07685309970105,99.99251944444464,26.218647540002998,0,0,0.14961111111111078,Normal
1186,19.766666666666666,1.0,14.595639230815245,14.595639230815245,54.07129712852798,99.99251805555575,26.216172764899166,0,0,0.14963888888888854,Normal
1187,19.783333333333335,1.0,14.595388104712795,14.595388104712795,54.06574115727774,99.99251666666686,26.21370323049703,0,0,0.1496666666666663,Normal
1188,19.8,1.0,14.595136972563232,14.595136972563232,54.06018518595033,99.99251527777797,26.211238925698623,0,0,0.14969444444444407,Normal
1189,19.816666666666666,1.0,14.594885834366425,14.594885834366425,54.05462921454575,99.99251388888908,26.208779839429496,0,0,0.14972222222222184,Normal
1190,19.833333333333332,1.0,14.594634690122232,14.594634690122232,54.049073243063994,99.99251250000019,26.206325960638647,0,0,0.1497499999999996,Normal
1191,19.85,1.0,14.594383539830524,14.594383539830524,54.04351727150507,99.9925111111113,26.20387727829847,0,0,0.14977777777777737,Normal
1192,19.866666666666667,1.0,14.594132383491162,14.594132383491162,54.03796129986897,99.99250972222241,26.20143378140472,0,0,0.14980555555555514,Normal
1193,19.883333333333333,1.0,14.593881221104013,14.593881221104013,54.0324053281557,99.99250833333352,26.19899545897645,0,0,0.1498333333333329,Normal
1194,19.9,1.0,14.593630052668944,14.593630052668944,54.026849356365254,99.99250694444463,26.196562300055973,0,0,0.14986111111111067,Normal
1195,19.916666666666668,1.0,14.593378878185817,14.593378878185817,54.02129338449764,99.99250555555574,26.194134293708796,0,0,0.14988888888888843,Normal
1196,19.933333333333334,1.0,14.593127697654497,14.593127697654497,54.01573741255285,99.99250416666685,26.191711429023588,0,0,0.1499166666666662,Normal
1197,19.95,1.0,14.592876511074854,14.592876511074854,54.01018144053089,99.99250277777796,26.189293695112127,0,0,0.14994444444444396,Normal
1198,19.966666666666665,1.0,14.592625318446753,14.592625318446753,54.00462546843176,99.99250138888907,26.18688108110924,0,0,0.14997222222222173,Normal
1199,19.983333333333334,1.0,14.592374119770056,14.592374119770056,53.99906949625546,99.99250000000018,26.184473576172774,0,0,0.1499999999999995,Normal
1200,20.0,2.0,14.501864951773841,29.003729903547683,53.98795755174851,99.9924972222224,26.182388840376174,0,0,0.15005555555555505,Normal
1201,20.016666666666666,2.0,14.501362509581655,29.00272501916331,53.97684560693287,99.99249444444462,26.180308519325965,0,0,0.1501111111111106,Normal
1202,20.033333333333335,2.0,14.500860043192434,29.001720086384868,53.96573366180854,99.99249166666684,26.178232603673276,0,0,0.15016666666666617,Normal
1203,20.05,2.0,14.500357552605113,29.000715105210226,53.95462171637553,99.99248888888906,26.176161084089028,0,0,0.15022222222222173,Normal
1204,20.066666666666666,2.0,14.499855037818639,28.999710075637278,53.943509770633824,99.99248611111128,26.1740939512639,0,0,0.1502777777777773,Normal
1205,20.083333333333332,2.0,14.499352498831955,28.99870499766391,53.93239782458343,99.9924833333335,26.172031195908282,0,0,0.15033333333333285,Normal
1206,20.1,2.0,14.49884993564401,28.99769987128802,53.92128587822435,99.99248055555572,26.16997280875224,0,0,0.1503888888888884,Normal
1207,20.116666666666667,2.0,14.498347348253754,28.996694696507507,53.910173931556585,99.99247777777794,26.167918780545474,0,0,0.15044444444444396,Normal
1208,20.133333333333333,2.0,14.49784473666014,28.99568947332028,53.89906198458013,99.99247500000016,26.16586910205726,0,0,0.15049999999999952,Normal
1209,20.15,2.0,14.497342100862129,28.994684201724258,53.887950037294985,99.99247222222237,26.163823764076433,0,0,0.15055555555555508,Normal
1210,20.166666666666668,2.0,14.496839440858675,28.99367888171735,53.87683808970115,99.9924694444446,26.16178275741133,0,0,0.15061111111111064,Normal
1211,20.183333333333334,2.0,14.496336756648748,28.992673513297497,53.86572614179863,99.99246666666681,26.159746072889753,0,0,0.1506666666666662,Normal
1212,20.2,2.0,14.495834048231307,28.991668096462615,53.85461419358742,99.99246388888903,26.15771370135893,0,0,0.15072222222222176,Normal
1213,20.216666666666665,2.0,14.495331315605323,28.990662631210647,53.843502245067526,99.99246111111125,26.155685633685465,0,0,0.15077777777777732,Normal
1214,20.233333333333334,2.0,14.49482855876977,28.98965711753954,53.83239029623894,99.99245833333347,26.153661860755307,0,0,0.15083333333333288,Normal
1215,20.25,2.0,14.49432577772362,28.98865155544724,53.82127834710167,99.9924555555557,26.151642373473706,0,0,0.15088888888888843,Normal
1216,20.266666666666666,2.0,14.49382297246585,28.9876459449317,53.810166397655706,99.99245277777791,26.149627162765174,0,0,0.150944444444444,Normal
1217,20.283333333333335,2.0,14.493320142995442,28.986640285990884,53.79905444790106,99.99245000000013,26.147616219573436,0,0,0.15099999999999955,Normal
1218,20.3,2.0,14.492817289311379,28.985634578622758,53.78794249783772,99.99244722222235,26.1456095348614,0,0,0.1510555555555551,Normal
1219,20.316666666666666,2.0,14.492314411412647,28.984628822825293,53.77683054746569,99.99244444444457,26.143607099611106,0,0,0.15111111111111067,Normal
1220,20.333333333333332,2.0,14.491811509298238,28.983623018596475,53.76571859678497,99.99244166666679,26.141608904823695,0,0,0.15116666666666623,Normal
1221,20.35,2.0,14.49130858296714,28.98261716593428,53.75460664579556,99.99243888888901,26.139614941519362,0,0,0.15122222222222179,Normal
1222,20.366666666666667,2.0,14.490805632418347,28.981611264836694,53.743494694497464,99.99243611111123,26.13762520073732,0,0,0.15127777777777734,Normal
1223,20.383333333333333,2.0,14.490302657650863,28.980605315301727,53.73238274289068,99.99243333333345,26.13563967353576,0,0,0.1513333333333329,Normal
1224,20.4,2.0,14.489799658663689,28.979599317327377,53.721270790975204,99.99243055555567,26.1336583509918,0,0,0.15138888888888846,Normal
1225,20.416666666666668,2.0,14.489296635455824,28.97859327091165,53.71015883875104,99.99242777777789,26.131681224201465,0,0,0.15144444444444402,Normal
1226,20.433333333333334,2.0,14.48879358802628,28.97758717605256,53.69904688621819,99.99242500000011,26.129708284279626,0,0,0.15149999999999958,Normal
1227,20.45,2.0,14.488290516374061,28.976581032748122,53.68793493337665,99.99242222222233,26.127739522359974,0,0,0.15155555555555514,Normal
1228,20.466666666666665,2.0,14.487787420498186,28.975574840996373,53.676822980226426,99.99241944444455,26.125774929594975,0,0,0.1516111111111107,Normal
1229,20.483333333333334,2.0,14.487284300397667,28.974568600795333,53.66571102676751,99.99241666666677,26.123814497155834,0,0,0.15166666666666626,Normal
1230,20.5,2.0,14.486781156071526,28.973562312143052,53.65459907299991,99.99241388888899,26.121858216232447,0,0,0.15172222222222181,Normal
1231,20.516666666666666,2.0,14.48627798751878,28.97255597503756,53.643487118923616,99.99241111111121,26.119906078033367,0,0,0.15177777777777737,Normal
1232,20.533333333333335,2.0,14.485774794738457,28.971549589476915,53.63237516453864,99.99240833333343,26.11795807378577,0,0,0.15183333333333293,Normal
1233,20.55,2.0,14.485271577729588,28.970543155459175,53.62126320984496,99.99240555555565,26.1160141947354,0,0,0.1518888888888885,Normal
1234,20.566666666666666,2.0,14.484768336491197,28.969536672982393,53.6101512548426,99.99240277777787,26.11407443214655,0,0,0.15194444444444405,Normal
1235,20.583333333333332,2.0,14.48426507102232,28.96853014204464,53.59903929953155,99.99240000000009,26.112138777302004,0,0,0.1519999999999996,Normal
1236,20.6,2.0,14.483761781321995,28.96752356264399,53.58792734391181,99.99239722222231,26.11020722150301,0,0,0.15205555555555517,Normal
1237,20.616666666666667,2.0,14.483258467389263,28.966516934778525,53.57681538798338,99.99239444444453,26.10827975606924,0,0,0.15211111111111073,Normal
1238,20.633333333333333,2.0,14.48275512922316,28.96551025844632,53.565703431746265,99.99239166666675,26.10635637233874,0,0,0.15216666666666628,Normal
1239,20.65,2.0,14.482251766822735,28.96450353364547,53.55459147520046,99.99238888888897,26.104437061667905,0,0,0.15222222222222184,Normal
1240,20.666666666666668,2.0,14.481748380187039,28.963496760374078,53.54347951834597,99.99238611111119,26.102521815431434,0,0,0.1522777777777774,Normal
1241,20.683333333333334,2.0,14.48124496931512,28.96248993863024,53.53236756118279,99.99238333333341,26.100610625022284,0,0,0.15233333333333296,Normal
1242,20.7,2.0,14.480741534206036,28.961483068412072,53.52125560371092,99.99238055555563,26.09870348185165,0,0,0.15238888888888852,Normal
1243,20.716666666666665,2.0,14.48023807485884,28.96047614971768,53.510143645930356,99.99237777777785,26.096800377348906,0,0,0.15244444444444408,Normal
1244,20.733333333333334,2.0,14.47973459127259,28.95946918254518,53.499031687841104,99.99237500000007,26.094901302961578,0,0,0.15249999999999964,Normal
1245,20.75,2.0,14.479231083446358,28.958462166892716,53.48791972944316,99.99237222222229,26.093006250155305,0,0,0.1525555555555552,Normal
1246,20.766666666666666,2.0,14.478727551379201,28.957455102758402,53.476807770736535,99.9923694444445,26.0911152104138,0,0,0.15261111111111075,Normal
1247,20.783333333333335,2.0,14.478223995070191,28.956447990140383,53.46569581172122,99.99236666666673,26.089228175238805,0,0,0.1526666666666663,Normal
1248,20.8,2.0,14.477720414518403,28.955440829036807,53.454583852397214,99.99236388888895,26.087345136150063,0,0,0.15272222222222187,Normal
1249,20.816666666666666,2.0,14.477216809722908,28.954433619445815,53.44347189276452,99.99236111111117,26.085466084685276,0,0,0.15277777777777743,Normal
1250,20.833333333333332,2.0,14.476713180682788,28.953426361365576,53.43235993282314,99.99235833333339,26.08359101240006,0,0,0.152833333333333,Normal
1251,20.85,2.0,14.476209527397119,28.952419054794237,53.42124797257306,99.9923555555556,26.081719910867918,0,0,0.15288888888888855,Normal
1252,20.866666666666667,2.0,14.475705849864987,28.951411699729974,53.4101360120143,99.99235277777782,26.079852771680198,0,0,0.1529444444444441,Normal
1253,20.883333333333333,2.0,14.475202148085478,28.950404296170955,53.399024051146846,99.99235000000004,26.07798958644605,0,0,0.15299999999999966,Normal
1254,20.9,2.0,14.474698422057685,28.94939684411537,53.387912089970705,99.99234722222226,26.0761303467924,0,0,0.15305555555555522,Normal
1255,20.916666666666668,2.0,14.474194671780696,28.94838934356139,53.376800128485876,99.99234444444448,26.074275044363898,0,0,0.15311111111111078,Normal
1256,20.933333333333334,2.0,14.473690897253606,28.947381794507212,53.36568816669236,99.9923416666667,26.072423670822893,0,0,0.15316666666666634,Normal
1257,20.95,2.0,14.473187098475519,28.946374196951037,53.35457620459015,99.99233888888892,26.070576217849386,0,0,0.1532222222222219,Normal
1258,20.966666666666665,2.0,14.472683275445531,28.945366550891062,53.34346424217925,99.99233611111114,26.068732677141,0,0,0.15327777777777746,Normal
1259,20.983333333333334,2.0,14.472179428162754,28.944358856325508,53.33235227945966,99.99233333333336,26.066893040412936,0,0,0.15333333333333302,Normal
1260,21.0,2.0,14.471675556626286,28.94335111325257,53.321240316431386,99.99233055555558,26.065057299397942,0,0,0.15338888888888857,Normal
1261,21.016666666666666,2.0,14.471171660835243,28.942343321670485,53.31012835309442,99.9923277777778,26.063225445846275,0,0,0.15344444444444413,Normal
1262,21.033333333333335,2.0,14.470667740788734,28.941335481577468,53.29901638944877,99.99232500000002,26.06139747152566,0,0,0.1534999999999997,Normal
1263,21.05,2.0,14.470163796485883,28.940327592971766,53.287904425494425,99.99232222222224,26.05957336822125,0,0,0.15355555555555525,Normal
1264,21.066666666666666,2.0,14.4696598279258,28.9393196558516,53.27679246123139,99.99231944444446,26.057753127735605,0,0,0.1536111111111108,Normal
1265,21.083333333333332,2.0,14.469155835107616,28.93831167021523,53.26568049665966,99.99231666666668,26.055936741888637,0,0,0.15366666666666637,Normal
1266,21.1,2.0,14.468651818030448,28.937303636060896,53.25456853177925,99.9923138888889,26.054124202517578,0,0,0.15372222222222193,Normal
1267,21.116666666666667,2.0,14.46814777669343,28.93629555338686,53.24345656659015,99.99231111111112,26.05231550147695,0,0,0.15377777777777749,Normal
1268,21.133333333333333,2.0,14.46764371109569,28.93528742219138,53.23234460109236,99.99230833333334,26.050510630638527,0,0,0.15383333333333304,Normal
1269,21.15,2.0,14.467139621236361,28.934279242472723,53.22123263528588,99.99230555555556,26.04870958189129,0,0,0.1538888888888886,Normal
1270,21.166666666666668,2.0,14.466635507114583,28.933271014229167,53.210120669170706,99.99230277777778,26.046912347141404,0,0,0.15394444444444416,Normal
1271,21.183333333333334,2.0,14.466131368729494,28.932262737458988,53.199008702746845,99.9923,26.045118918312163,0,0,0.15399999999999972,Normal
1272,21.2,2.0,14.46562720608024,28.93125441216048,53.187896736014295,99.99229722222222,26.043329287343973,0,0,0.15405555555555528,Normal
1273,21.216666666666665,2.0,14.465123019165961,28.930246038331923,53.17678476897306,99.99229444444444,26.041543446194304,0,0,0.15411111111111084,Normal
1274,21.233333333333334,2.0,14.46461880798581,28.92923761597162,53.16567280162313,99.99229166666666,26.039761386837657,0,0,0.1541666666666664,Normal
1275,21.25,2.0,14.464114572538936,28.92822914507787,53.15456083396451,99.99228888888888,26.03798310126553,0,0,0.15422222222222196,Normal
1276,21.266666666666666,2.0,14.463610312824498,28.927220625648996,53.1434488659972,99.9922861111111,26.03620858148638,0,0,0.15427777777777751,Normal
1277,21.283333333333335,2.0,14.463106028841649,28.926212057683298,53.1323368977212,99.99228333333332,26.034437819525586,0,0,0.15433333333333307,Normal
1278,21.3,2.0,14.462601720589552,28.925203441179104,53.12122492913652,99.99228055555554,26.032670807425415,0,0,0.15438888888888863,Normal
1279,21.316666666666666,2.0,14.462097388067368,28.924194776134737,53.11011296024314,99.99227777777776,26.030907537244985,0,0,0.1544444444444442,Normal
1280,21.333333333333332,2.0,14.461593031274269,28.923186062548538,53.09900099104107,99.99227499999998,26.029148001060232,0,0,0.15449999999999975,Normal
1281,21.35,2.0,14.461088650209419,28.922177300418838,53.087889021530316,99.9922722222222,26.02739219096387,0,0,0.1545555555555553,Normal
1282,21.366666666666667,2.0,14.460584244871992,28.921168489743984,53.07677705171087,99.99226944444442,26.025640099065356,0,0,0.15461111111111087,Normal
1283,21.383333333333333,2.0,14.460079815261164,28.920159630522328,53.065665081582736,99.99226666666664,26.023891717490866,0,0,0.15466666666666642,Normal
1284,21.4,2.0,14.459575361376112,28.919150722752224,53.054553111145914,99.99226388888886,26.02214703838324,0,0,0.15472222222222198,Normal
1285,21.416666666666668,2.0,14.45907088321602,28.91814176643204,53.0434411404004,99.99226111111108,26.020406053901954,0,0,0.15477777777777754,Normal
1286,21.433333333333334,2.0,14.45856638078007,28.91713276156014,53.03232916934619,99.9922583333333,26.018668756223104,0,0,0.1548333333333331,Normal
1287,21.45,2.0,14.458061854067449,28.916123708134897,53.0212171979833,99.99225555555552,26.01693513753934,0,0,0.15488888888888866,Normal
1288,21.466666666666665,2.0,14.457557303077346,28.91511460615469,53.010105226311715,99.99225277777774,26.01520519005984,0,0,0.15494444444444422,Normal
1289,21.483333333333334,2.0,14.457052727808959,28.914105455617918,52.99899325433144,99.99224999999996,26.013478906010302,0,0,0.15499999999999978,Normal
1290,21.5,2.0,14.45654812826148,28.91309625652296,52.98788128204247,99.99224722222218,26.01175627763287,0,0,0.15505555555555534,Normal
1291,21.516666666666666,2.0,14.456043504434106,28.912087008868212,52.97676930944482,99.9922444444444,26.010037297186116,0,0,0.1551111111111109,Normal
1292,21.533333333333335,2.0,14.455538856326045,28.91107771265209,52.96565733653848,99.99224166666662,26.008321956945018,0,0,0.15516666666666645,Normal
1293,21.55,2.0,14.455034183936498,28.910068367872995,52.95454536332345,99.99223888888883,26.0066102492009,0,0,0.155222222222222,Normal
1294,21.566666666666666,2.0,14.454529487264674,28.909058974529348,52.94343338979972,99.99223611111105,26.004902166261417,0,0,0.15527777777777757,Normal
1295,21.583333333333332,2.0,14.454024766309784,28.908049532619568,52.93232141596731,99.99223333333327,26.00319770045051,0,0,0.15533333333333313,Normal
1296,21.6,2.0,14.45352002107104,28.90704004214208,52.92120944182621,99.9922305555555,26.00149684410838,0,0,0.1553888888888887,Normal
1297,21.616666666666667,2.0,14.453015251547658,28.906030503095316,52.91009746737642,99.99222777777771,25.999799589591447,0,0,0.15544444444444425,Normal
1298,21.633333333333333,2.0,14.452510457738862,28.905020915477724,52.89898549261793,99.99222499999993,25.998105929272313,0,0,0.1554999999999998,Normal
1299,21.65,2.0,14.452005639643872,28.904011279287744,52.88787351755076,99.99222222222215,25.996415855539738,0,0,0.15555555555555536,Normal
1300,21.666666666666668,2.0,14.451500797261914,28.90300159452383,52.8767615421749,99.99221944444437,25.994729360798594,0,0,0.15561111111111092,Normal
1301,21.683333333333334,2.0,14.450995930592216,28.90199186118443,52.86564956649035,99.9922166666666,25.993046437469843,0,0,0.15566666666666648,Normal
1302,21.7,2.0,14.450491039634011,28.900982079268022,52.8545375904971,99.99221388888881,25.991367077990496,0,0,0.15572222222222204,Normal
1303,21.716666666666665,2.0,14.449986124386532,28.899972248773064,52.84342561419517,99.99221111111103,25.989691274813577,0,0,0.1557777777777776,Normal
1304,21.733333333333334,2.0,14.449481184849018,28.898962369698037,52.83231363758455,99.99220833333325,25.98801902040809,0,0,0.15583333333333316,Normal
1305,21.75,2.0,14.448976221020706,28.89795244204141,52.82120166066524,99.99220555555547,25.986350307258988,0,0,0.15588888888888872,Normal
1306,21.766666666666666,2.0,14.448471232900843,28.896942465801686,52.81008968343723,99.99220277777769,25.984685127867145,0,0,0.15594444444444427,Normal
1307,21.783333333333335,2.0,14.447966220488677,28.895932440977354,52.79897770590054,99.99219999999991,25.98302347474931,0,0,0.15599999999999983,Normal
1308,21.8,2.0,14.447461183783451,28.894922367566902,52.78786572805516,99.99219722222213,25.981365340438074,0,0,0.1560555555555554,Normal
1309,21.816666666666666,2.0,14.446956122784421,28.893912245568842,52.77675374990108,99.99219444444435,25.979710717481854,0,0,0.15611111111111095,Normal
1310,21.833333333333332,2.0,14.44645103749084,28.89290207498168,52.76564177143832,99.99219166666657,25.978059598444833,0,0,0.1561666666666665,Normal
1311,21.85,2.0,14.445945927901972,28.891891855803944,52.754529792666865,99.99218888888879,25.97641197590695,0,0,0.15622222222222207,Normal
1312,21.866666666666667,2.0,14.445440794017072,28.890881588034144,52.743417813586724,99.99218611111101,25.97476784246385,0,0,0.15627777777777763,Normal
1313,21.883333333333333,2.0,14.444935635835408,28.889871271670817,52.73230583419789,99.99218333333323,25.97312719072687,0,0,0.15633333333333319,Normal
1314,21.9,2.0,14.444430453356242,28.888860906712484,52.72119385450036,99.99218055555545,25.971490013322978,0,0,0.15638888888888874,Normal
1315,21.916666666666668,2.0,14.443925246578852,28.887850493157703,52.71008187449415,99.99217777777767,25.969856302894765,0,0,0.1564444444444443,Normal
1316,21.933333333333334,2.0,14.443420015502502,28.886840031005004,52.69896989417924,99.99217499999989,25.9682260521004,0,0,0.15649999999999986,Normal
1317,21.95,2.0,14.442914760126472,28.885829520252944,52.687857913555646,99.99217222222211,25.966599253613598,0,0,0.15655555555555542,Normal
1318,21.966666666666665,2.0,14.442409480450044,28.884818960900088,52.67674593262336,99.99216944444433,25.964975900123594,0,0,0.15661111111111098,Normal
1319,21.983333333333334,2.0,14.441904176472494,28.88380835294499,52.66563395138239,99.99216666666655,25.9633559843351,0,0,0.15666666666666654,Normal
1320,22.0,6.0,14.080359888768115,84.48215933260869,52.63229800673339,99.99215833333322,25.965127999980037,0,0,0.1568333333333332,Normal
1321,22.016666666666666,6.0,14.078843582328107,84.47306149396864,52.59896205930618,99.9921499999999,25.966896263438905,0,0,0.1569999999999999,Normal
1322,22.033333333333335,6.0,14.077327057133553,84.46396234280132,52.565626109100755,99.99214166666657,25.968660782657505,0,0,0.15716666666666657,Normal
1323,22.05,6.0,14.07581031316579,84.45486187899475,52.532290156117114,99.99213333333324,25.97042156556482,0,0,0.15733333333333324,Normal
1324,22.066666666666666,6.0,14.074293350406384,84.4457601024383,52.49895420035526,99.99212499999992,25.972178620073034,0,0,0.15749999999999992,Normal
1325,22.083333333333332,6.0,14.07277616883714,84.43665701302285,52.465618241815186,99.99211666666659,25.973931954077585,0,0,0.1576666666666666,Normal
1326,22.1,6.0,14.071258768440112,84.42755261064067,52.4322822804969,99.99210833333326,25.975681575457184,0,0,0.15783333333333327,Normal
1327,22.116666666666667,6.0,14.069741149197585,84.41844689518551,52.3989463164004,99.99209999999994,25.97742749207386,0,0,0.15799999999999995,Normal
1328,22.133333333333333,6.0,14.068223311092087,84.40933986655253,52.36561034952568,99.99209166666661,25.979169711773,0,0,0.15816666666666662,Normal
1329,22.15,6.0,14.066705254106388,84.40023152463833,52.33227437987275,99.99208333333328,25.980908242383364,0,0,0.1583333333333333,Normal
1330,22.166666666666668,6.0,14.065186978223492,84.39112186934095,52.2989384074416,99.99207499999996,25.98264309171714,0,0,0.15849999999999997,Normal
1331,22.183333333333334,6.0,14.06366848342665,84.38201090055989,52.26560243223223,99.99206666666663,25.984374267569976,0,0,0.15866666666666665,Normal
1332,22.2,6.0,14.062149769699351,84.3728986181961,52.232266454244645,99.9920583333333,25.986101777721004,0,0,0.15883333333333333,Normal
1333,22.216666666666665,6.0,14.060630837025318,84.36378502215192,52.19893047347884,99.99204999999998,25.98782562993289,0,0,0.159,Normal
1334,22.233333333333334,6.0,14.05911168538852,84.35467011233112,52.16559448993481,99.99204166666665,25.989545831951855,0,0,0.15916666666666668,Normal
1335,22.25,6.0,14.057592314773169,84.34555388863902,52.13225850361257,99.99203333333332,25.99126239150772,0,0,0.15933333333333335,Normal
1336,22.266666666666666,6.0,14.05607272516371,84.33643635098227,52.098922514512104,99.992025,25.99297531631394,0,0,0.15950000000000003,Normal
1337,22.283333333333335,6.0,14.054552916544832,84.32731749926899,52.06558652263342,99.99201666666667,25.99468461406763,0,0,0.1596666666666667,Normal
1338,22.3,6.0,14.053032888901459,84.31819733340876,52.03225052797651,99.99200833333335,25.996390292449604,0,0,0.15983333333333338,Normal
1339,22.316666666666666,6.0,14.05151264221876,84.30907585331256,51.99891453054138,99.99200000000002,25.998092359124417,0,0,0.16000000000000006,Normal
1340,22.333333333333332,6.0,14.04999217648215,84.2999530588929,51.965578530328024,99.99199166666669,25.99979082174039,0,0,0.16016666666666673,Normal
1341,22.35,6.0,14.048471491677267,84.2908289500636,51.93224252733645,99.99198333333337,26.001485687929645,0,0,0.1603333333333334,Normal
1342,22.366666666666667,6.0,14.046950587790008,84.28170352674005,51.89890652156665,99.99197500000004,26.003176965308146,0,0,0.1605000000000001,Normal
1343,22.383333333333333,6.0,14.045429464806494,84.27257678883896,51.86557051301863,99.99196666666671,26.00486466147573,0,0,0.16066666666666676,Normal
1344,22.4,6.0,14.0439081227131,84.2634487362786,51.83223450169239,99.99195833333339,26.006548784016132,0,0,0.16083333333333344,Normal
1345,22.416666666666668,6.0,14.042386561496432,84.2543193689786,51.79889848758792,99.99195000000006,26.00822934049704,0,0,0.16100000000000012,Normal
1346,22.433333333333334,6.0,14.040864781143338,84.24518868686002,51.76556247070523,99.99194166666673,26.009906338470103,0,0,0.1611666666666668,Normal
1347,22.45,6.0,14.039342781640906,84.23605668984544,51.73222645104431,99.9919333333334,26.01157978547099,0,0,0.16133333333333347,Normal
1348,22.466666666666665,6.0,14.03782056297647,84.22692337785882,51.69889042860517,99.99192500000008,26.013249689019403,0,0,0.16150000000000014,Normal
1349,22.483333333333334,6.0,14.036298125137598,84.21778875082559,51.6655544033878,99.99191666666675,26.01491605661913,0,0,0.16166666666666682,Normal
1350,22.5,6.0,14.034775468112096,84.20865280867258,51.632218375392206,99.99190833333343,26.01657889575805,0,0,0.1618333333333335,Normal
1351,22.516666666666666,6.0,14.03325259188802,84.19951555132812,51.59888234461838,99.9919000000001,26.018238213908212,0,0,0.16200000000000017,Normal
1352,22.533333333333335,6.0,14.031729496453657,84.19037697872194,51.56554631106633,99.99189166666677,26.019894018525818,0,0,0.16216666666666685,Normal
1353,22.55,6.0,14.030206181797539,84.18123709078523,51.53221027473605,99.99188333333345,26.021546317051293,0,0,0.16233333333333352,Normal
1354,22.566666666666666,6.0,14.028682647908436,84.17209588745061,51.49887423562755,99.99187500000012,26.023195116909303,0,0,0.1625000000000002,Normal
1355,22.583333333333332,6.0,14.027158894775358,84.16295336865215,51.46553819374081,99.9918666666668,26.02484042550879,0,0,0.16266666666666688,Normal
1356,22.6,6.0,14.025634922387558,84.15380953432535,51.43220214907585,99.99185833333347,26.026482250243006,0,0,0.16283333333333355,Normal
1357,22.616666666666667,6.0,14.02411073073453,84.14466438440718,51.398866101632656,99.99185000000014,26.02812059848955,0,0,0.16300000000000023,Normal
1358,22.633333333333333,6.0,14.022586319806004,84.13551791883603,51.36553005141123,99.99184166666682,26.029755477610397,0,0,0.1631666666666669,Normal
1359,22.65,6.0,14.021061689591951,84.1263701375517,51.33219399841157,99.99183333333349,26.03138689495193,0,0,0.16333333333333358,Normal
1360,22.666666666666668,6.0,14.019536840082587,84.11722104049552,51.29885794263368,99.99182500000016,26.03301485784497,0,0,0.16350000000000026,Normal
1361,22.683333333333334,6.0,14.018011771268366,84.1080706276102,51.26552188407756,99.99181666666684,26.03463937360483,0,0,0.16366666666666693,Normal
1362,22.7,6.0,14.016486483139978,84.09891889883987,51.232185822743205,99.99180833333351,26.036260449531312,0,0,0.1638333333333336,Normal
1363,22.716666666666665,6.0,14.014960975688364,84.08976585413018,51.19884975863062,99.99180000000018,26.037878092908777,0,0,0.16400000000000028,Normal
1364,22.733333333333334,6.0,14.01343524890469,84.08061149342814,51.165513691739804,99.99179166666686,26.039492311006146,0,0,0.16416666666666696,Normal
1365,22.75,6.0,14.011909302780374,84.07145581668225,51.13217762207075,99.99178333333353,26.041103111076957,0,0,0.16433333333333364,Normal
1366,22.766666666666666,6.0,14.010383137307073,84.06229882384244,51.098841549623465,99.9917750000002,26.042710500359384,0,0,0.1645000000000003,Normal
1367,22.783333333333335,6.0,14.008856752476683,84.0531405148601,51.065505474397945,99.99176666666688,26.04431448607627,0,0,0.164666666666667,Normal
1368,22.8,6.0,14.00733014828134,84.04398088968804,51.03216939639419,99.99175833333355,26.04591507543517,0,0,0.16483333333333366,Normal
1369,22.816666666666666,6.0,14.00580332471342,84.03481994828053,50.998833315612195,99.99175000000022,26.047512275628364,0,0,0.16500000000000034,Normal
1370,22.833333333333332,6.0,14.004276281765542,84.02565769059325,50.965497232051966,99.9917416666669,26.049106093832915,0,0,0.16516666666666702,Normal
1371,22.85,6.0,14.002749019430563,84.01649411658337,50.9321611457135,99.99173333333357,26.05069653721068,0,0,0.1653333333333337,Normal
1372,22.866666666666667,6.0,14.001221537701579,84.00732922620946,50.8988250565968,99.99172500000024,26.05228361290835,0,0,0.16550000000000037,Normal
1373,22.883333333333333,6.0,13.99969383657193,83.99816301943159,50.86548896470186,99.99171666666692,26.053867328057486,0,0,0.16566666666666705,Normal
1374,22.9,6.0,13.998165916035196,83.98899549621117,50.832152870028686,99.99170833333359,26.05544768977454,0,0,0.16583333333333372,Normal
1375,22.916666666666668,6.0,13.996637776085198,83.9798266565112,50.798816772577275,99.99170000000026,26.0570247051609,0,0,0.1660000000000004,Normal
1376,22.933333333333334,6.0,13.995109416715993,83.97065650029596,50.76548067234762,99.99169166666694,26.05859838130291,0,0,0.16616666666666707,Normal
1377,22.95,6.0,13.993580837921883,83.9614850275313,50.73214456933973,99.99168333333361,26.060168725271918,0,0,0.16633333333333375,Normal
1378,22.966666666666665,6.0,13.992052039697409,83.95231223818445,50.6988084635536,99.99167500000028,26.061735744124285,0,0,0.16650000000000043,Normal
1379,22.983333333333334,6.0,13.990523022037355,83.94313813222414,50.66547235498923,99.99166666666696,26.063299444901432,0,0,0.1666666666666671,Normal
1380,23.0,6.0,13.988993784936742,83.93396270962046,50.63213624364661,99.99165833333363,26.064859834629875,0,0,0.16683333333333378,Normal
1381,23.016666666666666,6.0,13.98746432839083,83.92478597034498,50.59880012952576,99.9916500000003,26.066416920321245,0,0,0.16700000000000045,Normal
1382,23.033333333333335,6.0,13.985934652395127,83.91560791437075,50.56546401262667,99.99164166666698,26.06797070897233,0,0,0.16716666666666713,Normal
1383,23.05,6.0,13.984404756945374,83.90642854167224,50.53212789294933,99.99163333333365,26.069521207565092,0,0,0.1673333333333338,Normal
1384,23.066666666666666,6.0,13.982874642037554,83.89724785222532,50.49879177049375,99.99162500000033,26.07106842306672,0,0,0.16750000000000048,Normal
1385,23.083333333333332,6.0,13.981344307667895,83.88806584600736,50.46545564525993,99.991616666667,26.072612362429638,0,0,0.16766666666666716,Normal
1386,23.1,6.0,13.979813753832865,83.87888252299719,50.43211951724786,99.99160833333367,26.07415303259155,0,0,0.16783333333333383,Normal
1387,23.116666666666667,6.0,13.978282980529166,83.869697883175,50.39878338645755,99.99160000000035,26.075690440475473,0,0,0.1680000000000005,Normal
1388,23.133333333333333,6.0,13.976751987753744,83.86051192652246,50.365447252889,99.99159166666702,26.07722459298976,0,0,0.16816666666666719,Normal
1389,23.15,6.0,13.975220775503793,83.85132465302276,50.3321111165422,99.9915833333337,26.078755497028137,0,0,0.16833333333333386,Normal
1390,23.166666666666668,6.0,13.973689343776734,83.8421360626604,50.29877497741716,99.99157500000037,26.080283159469726,0,0,0.16850000000000054,Normal
1391,23.183333333333334,6.0,13.972157692570237,83.83294615542142,50.26543883551387,99.99156666666704,26.081807587179085,0,0,0.16866666666666721,Normal
1392,23.2,6.0,13.970625821882212,83.82375493129328,50.232102690832335,99.99155833333371,26.083328787006234,0,0,0.1688333333333339,Normal
1393,23.216666666666665,6.0,13.969093731710807,83.81456239026484,50.19876654337256,99.99155000000039,26.084846765786693,0,0,0.16900000000000057,Normal
1394,23.233333333333334,6.0,13.967561422054416,83.8053685323265,50.16543039313453,99.99154166666706,26.0863615303415,0,0,0.16916666666666724,Normal
1395,23.25,6.0,13.966028892911668,83.79617335747001,50.13209424011825,99.99153333333373,26.087873087477245,0,0,0.16933333333333392,Normal
1396,23.266666666666666,6.0,13.964496144281433,83.7869768656886,50.09875808432373,99.99152500000041,26.089381443986117,0,0,0.1695000000000006,Normal
1397,23.283333333333335,6.0,13.962963176162827,83.77777905697695,50.065421925750954,99.99151666666708,26.09088660664591,0,0,0.16966666666666727,Normal
1398,23.3,6.0,13.961429988555198,83.76857993133119,50.03208576439993,99.99150833333375,26.09238858222007,0,0,0.16983333333333395,Normal
1399,23.316666666666666,6.0,13.959896581458143,83.75937948874886,49.998749600270656,99.99150000000043,26.093887377457722,0,0,0.17000000000000062,Normal
1400,23.333333333333332,6.0,13.958362954871491,83.75017772922895,49.96541343336314,99.9914916666671,26.095382999093694,0,0,0.1701666666666673,Normal
1401,23.35,6.0,13.956829108795322,83.74097465277194,49.93207726367737,99.99148333333378,26.096875453848554,0,0,0.17033333333333397,Normal
1402,23.366666666666667,6.0,13.955295043229947,83.73177025937969,49.89874109121335,99.99147500000045,26.09836474842864,0,0,0.17050000000000065,Normal
1403,23.383333333333333,6.0,13.953760758175925,83.72256454905555,49.86540491597108,99.99146666666712,26.099850889526085,0,0,0.17066666666666733,Normal
1404,23.4,6.0,13.952226253634048,83.71335752180428,49.83206873795055,99.9914583333338,26.101333883818853,0,0,0.170833333333334,Normal
1405,23.416666666666668,6.0,13.950691529605358,83.70414917763215,49.79873255715177,99.99145000000047,26.102813737970767,0,0,0.17100000000000068,Normal
1406,23.433333333333334,6.0,13.94915658609113,83.69493951654678,49.765396373574745,99.99144166666714,26.104290458631535,0,0,0.17116666666666736,Normal
1407,23.45,6.0,13.947621423092883,83.6857285385573,49.73206018721946,99.99143333333382,26.105764052436786,0,0,0.17133333333333403,Normal
1408,23.466666666666665,6.0,13.946086040612371,83.67651624367423,49.698723998085924,99.99142500000049,26.107234526008096,0,0,0.1715000000000007,Normal
1409,23.483333333333334,6.0,13.9445504386516,83.66730263190959,49.66538780617414,99.99141666666716,26.10870188595302,0,0,0.17166666666666738,Normal
1410,23.5,6.0,13.943014617212803,83.65808770327682,49.632051611484094,99.99140833333384,26.11016613886512,0,0,0.17183333333333406,Normal
1411,23.516666666666666,6.0,13.941478576298465,83.64887145779079,49.59871541401579,99.99140000000051,26.111627291323995,0,0,0.17200000000000074,Normal
1412,23.533333333333335,6.0,13.939942315911308,83.63965389546784,49.56537921376924,99.99139166666718,26.113085349895307,0,0,0.1721666666666674,Normal
1413,23.55,6.0,13.93840583605429,83.63043501632575,49.53204301074443,99.99138333333386,26.11454032113082,0,0,0.1723333333333341,Normal
1414,23.566666666666666,6.0,13.936869136730616,83.6212148203837,49.498706804941364,99.99137500000053,26.115992211568425,0,0,0.17250000000000076,Normal
1415,23.583333333333332,6.0,13.935332217943728,83.61199330766237,49.46537059636004,99.9913666666672,26.117441027732163,0,0,0.17266666666666744,Normal
1416,23.6,6.0,13.933795079697305,83.60277047818383,49.432034385000456,99.99135833333388,26.11888677613226,0,0,0.17283333333333412,Normal
1417,23.616666666666667,6.0,13.932257721995276,83.59354633197165,49.398698170862616,99.99135000000055,26.120329463265158,0,0,0.1730000000000008,Normal
1418,23.633333333333333,6.0,13.930720144841803,83.58432086905083,49.36536195394652,99.99134166666722,26.121769095613537,0,0,0.17316666666666747,Normal
1419,23.65,6.0,13.929182348241294,83.57509408944776,49.33202573425216,99.9913333333339,26.123205679646354,0,0,0.17333333333333414,Normal
1420,23.666666666666668,6.0,13.927644332198392,83.56586599319036,49.29868951177955,99.99132500000057,26.124639221818867,0,0,0.17350000000000082,Normal
1421,23.683333333333334,6.0,13.926106096717984,83.5566365803079,49.26535328652868,99.99131666666725,26.126069728572663,0,0,0.1736666666666675,Normal
1422,23.7,6.0,13.924567641805194,83.54740585083115,49.232017058499544,99.99130833333392,26.127497206335686,0,0,0.17383333333333417,Normal
1423,23.716666666666665,6.0,13.923028967465394,83.53817380479236,49.19868082769215,99.99130000000059,26.12892166152227,0,0,0.17400000000000085,Normal
1424,23.733333333333334,6.0,13.921490073704186,83.52894044222512,49.16534459410649,99.99129166666727,26.130343100533164,0,0,0.17416666666666752,Normal
1425,23.75,6.0,13.919950960527423,83.51970576316454,49.13200835774258,99.99128333333394,26.131761529755565,0,0,0.1743333333333342,Normal
1426,23.766666666666666,6.0,13.91841162794119,83.51046976764714,49.0986721186004,99.99127500000061,26.13317695556314,0,0,0.17450000000000088,Normal
1427,23.783333333333335,6.0,13.91687207595182,83.50123245571092,49.06533587667996,99.99126666666729,26.134589384316065,0,0,0.17466666666666755,Normal
1428,23.8,6.0,13.915332304565881,83.49199382739529,49.03199963198126,99.99125833333396,26.135998822361042,0,0,0.17483333333333423,Normal
1429,23.816666666666666,6.0,13.913792313790184,83.48275388274111,48.99866338450429,99.99125000000063,26.137405276031338,0,0,0.1750000000000009,Normal
1430,23.833333333333332,6.0,13.912252103631776,83.47351262179066,48.96532713424906,99.9912416666673,26.1388087516468,0,0,0.17516666666666758,Normal
1431,23.85,6.0,13.910711674097954,83.46427004458772,48.93199088121556,99.99123333333398,26.1402092555139,0,0,0.17533333333333426,Normal
1432,23.866666666666667,6.0,13.909171025196246,83.45502615117748,48.8986546254038,99.99122500000065,26.141606793925753,0,0,0.17550000000000093,Normal
1433,23.883333333333333,6.0,13.907630156934424,83.44578094160654,48.865318366813774,99.99121666666733,26.143001373162146,0,0,0.1756666666666676,Normal
1434,23.9,6.0,13.906089069320503,83.43653441592302,48.83198210544548,99.991208333334,26.14439299948957,0,0,0.17583333333333429,Normal
1435,23.916666666666668,6.0,13.904547762362734,83.4272865741764,48.79864584129893,99.99120000000067,26.14578167916124,0,0,0.17600000000000096,Normal
1436,23.933333333333334,6.0,13.903006236069611,83.41803741641766,48.76530957437411,99.99119166666735,26.147167418417133,0,0,0.17616666666666764,Normal
1437,23.95,6.0,13.90146449044987,83.40878694269922,48.731973304671016,99.99118333333402,26.148550223484015,0,0,0.1763333333333343,Normal
1438,23.966666666666665,6.0,13.899922525512482,83.3995351530749,48.69863703218966,99.9911750000007,26.14993010057546,0,0,0.176500000000001,Normal
1439,23.983333333333334,6.0,13.898380341266666,83.3902820476,48.66530075693004,99.99116666666737,26.151307055891888,0,0,0.17666666666666767,Normal
1440,24.0,9.0,13.626042770013592,122.63438493012234,48.6152963398732,99.99115416666737,26.157446223139704,0,0,0.17691666666666767,Normal
1441,24.016666666666666,9.0,13.623728555370826,122.61355699833744,48.56529191656525,99.99114166666737,26.163572390870115,0,0,0.17716666666666767,Normal
1442,24.033333333333335,9.0,13.62141384737251,122.59272462635259,48.5152874870062,99.99112916666738,26.169685586611507,0,0,0.17741666666666767,Normal
1443,24.05,9.0,13.619098646054004,122.57188781448603,48.46528305119604,99.99111666666738,26.175785837833978,0,0,0.17766666666666767,Normal
1444,24.066666666666666,9.0,13.616782951451883,122.55104656306695,48.415278609134766,99.99110416666738,26.181873171949448,0,0,0.17791666666666767,Normal
1445,24.083333333333332,9.0,13.614466763603943,122.53020087243549,48.36527416082239,99.99109166666739,26.18794761631179,0,0,0.17816666666666767,Normal
1446,24.1,9.0,13.612150082549187,122.50935074294269,48.315269706258896,99.99107916666739,26.194009198216953,0,0,0.17841666666666767,Normal
1447,24.116666666666667,9.0,13.609832908327846,122.48849617495061,48.26526524544429,99.9910666666674,26.200057944903083,0,0,0.17866666666666767,Normal
1448,24.133333333333333,9.0,13.60751524098136,122.46763716883224,48.215260778378564,99.9910541666674,26.20609388355064,0,0,0.17891666666666767,Normal
1449,24.15,9.0,13.605197080552387,122.44677372497148,48.165256305061725,99.9910416666674,26.212117041282532,0,0,0.17916666666666767,Normal
1450,24.166666666666668,9.0,13.602878427084805,122.42590584376325,48.115251825493765,99.9910291666674,26.218127445164228,0,0,0.17941666666666767,Normal
1451,24.183333333333334,9.0,13.6005592806237,122.4050335256133,48.065247339674684,99.9910166666674,26.22412512220388,0,0,0.17966666666666767,Normal
1452,24.2,9.0,13.59823964121538,122.38415677093843,48.01524284760448,99.99100416666741,26.230110099352448,0,0,0.17991666666666767,Normal
1453,24.216666666666665,9.0,13.59591950890737,122.36327558016633,47.965238349283155,99.99099166666741,26.23608240350382,0,0,0.18016666666666767,Normal
1454,24.233333333333334,9.0,13.593598883748406,122.34238995373565,47.9152338447107,99.99097916666742,26.242042061494928,0,0,0.18041666666666767,Normal
1455,24.25,9.0,13.59127776578844,122.32149989209597,47.86522933388712,99.99096666666742,26.24798910010588,0,0,0.18066666666666767,Normal
1456,24.266666666666666,9.0,13.588956155078641,122.30060539570778,47.81522481681241,99.99095416666742,26.25392354606007,0,0,0.18091666666666767,Normal
1457,24.283333333333335,9.0,13.586634051671396,122.27970646504257,47.76522029348657,99.99094166666742,26.259845426024295,0,0,0.18116666666666767,Normal
1458,24.3,9.0,13.584311455620307,122.25880310058277,47.7152157639096,99.99092916666743,26.26575476660889,0,0,0.18141666666666767,Normal
1459,24.316666666666666,9.0,13.581988366980184,122.23789530282166,47.665211228081496,99.99091666666743,26.271651594367835,0,0,0.18166666666666767,Normal
1460,24.333333333333332,9.0,13.579664785807056,122.2169830722635,47.61520668600226,99.99090416666743,26.27753593579888,0,0,0.18191666666666767,Normal
1461,24.35,9.0,13.577340712158172,122.19606640942355,47.56520213767188,99.99089166666744,26.283407817343658,0,0,0.18216666666666767,Normal
1462,24.366666666666667,9.0,13.575016146091992,122.17514531482793,47.51519758309037,99.99087916666744,26.289267265387814,0,0,0.18241666666666767,Normal
1463,24.383333333333333,9.0,13.572691087668185,122.15421978901367,47.465193022257715,99.99086666666744,26.29511430626111,0,0,0.18266666666666767,Normal
1464,24.4,9.0,13.57036553694764,122.13328983252876,47.41518845517392,99.99085416666745,26.300948966237556,0,0,0.18291666666666767,Normal
1465,24.416666666666668,9.0,13.568039493992462,122.11235544593215,47.36518388183898,99.99084166666745,26.306771271535524,0,0,0.18316666666666767,Normal
1466,24.433333333333334,9.0,13.565712958865968,122.09141662979371,47.3151793022529,99.99082916666745,26.312581248317862,0,0,0.18341666666666767,Normal
1467,24.45,9.0,13.563385931632686,122.07047338469417,47.26517471641567,99.99081666666746,26.318378922692013,0,0,0.18366666666666767,Normal
1468,24.466666666666665,9.0,13.56105841235836,122.04952571122524,47.2151701243273,99.99080416666746,26.324164320710135,0,0,0.18391666666666767,Normal
1469,24.483333333333334,9.0,13.55873040110995,122.02857360998955,47.16516552598778,99.99079166666746,26.32993746836922,0,0,0.18416666666666767,Normal
1470,24.5,9.0,13.556401897955627,122.00761708160064,47.115160921397106,99.99077916666747,26.335698391611203,0,0,0.18441666666666767,Normal
1471,24.516666666666666,9.0,13.554072902964776,121.98665612668299,47.06515631055528,99.99076666666747,26.341447116323085,0,0,0.18466666666666767,Normal
1472,24.533333333333335,9.0,13.551743416207994,121.96569074587195,47.0151516934623,99.99075416666747,26.34718366833705,0,0,0.18491666666666767,Normal
1473,24.55,9.0,13.549413437757089,121.9447209398138,46.96514707011817,99.99074166666747,26.35290807343057,0,0,0.18516666666666767,Normal
1474,24.566666666666666,9.0,13.547082967685089,121.9237467091658,46.91514244052288,99.99072916666748,26.35862035732654,0,0,0.18541666666666767,Normal
1475,24.583333333333332,9.0,13.54475200606623,121.90276805459607,46.86513780467643,99.99071666666748,26.364320545693378,0,0,0.18566666666666767,Normal
1476,24.6,9.0,13.542420552975955,121.88178497678359,46.815133162578825,99.99070416666748,26.370008664145146,0,0,0.18591666666666767,Normal
1477,24.616666666666667,9.0,13.54008860849093,121.86079747641837,46.76512851423006,99.99069166666749,26.375684738241663,0,0,0.18616666666666767,Normal
1478,24.633333333333333,9.0,13.537756172689026,121.83980555420123,46.715123859630125,99.99067916666749,26.381348793488623,0,0,0.18641666666666767,Normal
1479,24.65,9.0,13.535423245649326,121.81880921084394,46.66511919877903,99.9906666666675,26.387000855337707,0,0,0.18666666666666767,Normal
1480,24.666666666666668,9.0,13.53308982745213,121.79780844706917,46.61511453167677,99.9906541666675,26.3926409491867,0,0,0.18691666666666767,Normal
1481,24.683333333333334,9.0,13.53075591817894,121.77680326361046,46.56510985832334,99.9906416666675,26.398269100379597,0,0,0.18716666666666767,Normal
1482,24.7,9.0,13.52842151791248,121.75579366121232,46.51510517871874,99.9906291666675,26.403885334206734,0,0,0.18741666666666768,Normal
1483,24.716666666666665,9.0,13.526086626736678,121.73477964063011,46.46510049286297,99.9906166666675,26.409489675904883,0,0,0.18766666666666768,Normal
1484,24.733333333333334,9.0,13.523751244736678,121.7137612026301,46.41509580075603,99.99060416666751,26.41508215065738,0,0,0.18791666666666768,Normal
1485,24.75,9.0,13.521415371998824,121.69273834798942,46.36509110239791,99.99059166666751,26.420662783594224,0,0,0.18816666666666768,Normal
1486,24.766666666666666,9.0,13.519079008610683,121.67171107749616,46.31508639778862,99.99057916666752,26.4262315997922,0,0,0.18841666666666768,Normal
1487,24.783333333333335,9.0,13.516742154661026,121.65067939194924,46.26508168692815,99.99056666666752,26.431788624274994,0,0,0.18866666666666768,Normal
1488,24.8,9.0,13.514404810239835,121.62964329215852,46.2150769698165,99.99055416666752,26.437333882013295,0,0,0.18891666666666768,Normal
1489,24.816666666666666,9.0,13.512066975438307,121.60860277894476,46.165072246453676,99.99054166666753,26.442867397924914,0,0,0.18916666666666768,Normal
1490,24.833333333333332,9.0,13.509728650348832,121.58755785313949,46.115067516839666,99.99052916666753,26.448389196874896,0,0,0.18941666666666768,Normal
1491,24.85,9.0,13.507389835065029,121.56650851558526,46.06506278097447,99.99051666666753,26.45389930367563,0,0,0.18966666666666768,Normal
1492,24.866666666666667,9.0,13.505050529681714,121.54545476713542,46.01505803885809,99.99050416666753,26.459397743086964,0,0,0.18991666666666768,Normal
1493,24.883333333333333,9.0,13.50271073429492,121.52439660865429,45.96505329049053,99.99049166666754,26.46488453981631,0,0,0.19016666666666768,Normal
1494,24.9,9.0,13.50037044900188,121.50333404101691,45.915048535871776,99.99047916666754,26.470359718518758,0,0,0.19041666666666768,Normal
1495,24.916666666666668,9.0,13.49802967390104,121.48226706510937,45.86504377500184,99.99046666666754,26.47582330379719,0,0,0.19066666666666768,Normal
1496,24.933333333333334,9.0,13.495688409092056,121.4611956818285,45.815039007880706,99.99045416666755,26.481275320202382,0,0,0.19091666666666768,Normal
1497,24.95,9.0,13.493346654675788,121.4401198920821,45.765034234508384,99.99044166666755,26.48671579223313,0,0,0.19116666666666768,Normal
1498,24.966666666666665,9.0,13.491004410754305,121.41903969678874,45.71502945488486,99.99042916666755,26.492144744336343,0,0,0.19141666666666768,Normal
1499,24.983333333333334,9.0,13.488661677430883,121.39795509687795,45.66502466901015,99.99041666666756,26.49756220090716,0,0,0.19166666666666768,Normal
1500,25.0,9.0,13.486318454810007,121.37686609329006,45.61501987688424,99.99040416666756,26.502968186289063,0,0,0.19191666666666768,Normal
1501,25.016666666666666,9.0,13.483974742997368,121.35577268697631,45.56501507850713,99.99039166666756,26.50836272477398,0,0,0.19216666666666768,Normal
1502,25.033333333333335,9.0,13.481630542099863,121.33467487889877,45.51501027387882,99.99037916666757,26.5137458406024,0,0,0.19241666666666768,Normal
1503,25.05,9.0,13.479285852225596,121.31357267003037,45.46500546299931,99.99036666666757,26.519117557963476,0,0,0.19266666666666768,Normal
1504,25.066666666666666,9.0,13.476940673483874,121.29246606135487,45.41500064586859,99.99035416666757,26.52447790099514,0,0,0.19291666666666768,Normal
1505,25.083333333333332,9.0,13.474595005985215,121.27135505386693,45.36499582248667,99.99034166666758,26.52982689378421,0,0,0.19316666666666768,Normal
1506,25.1,9.0,13.47224884984134,121.25023964857206,45.31499099285354,99.99032916666758,26.535164560366493,0,0,0.19341666666666768,Normal
1507,25.116666666666667,9.0,13.469902205165175,121.22911984648657,45.2649861569692,99.99031666666758,26.540490924726893,0,0,0.19366666666666768,Normal
1508,25.133333333333333,9.0,13.46755507207085,121.20799564863765,45.21498131483366,99.99030416666758,26.54580601079953,0,0,0.19391666666666768,Normal
1509,25.15,9.0,13.465207450673704,121.18686705606333,45.1649764664469,99.99029166666759,26.551109842467838,0,0,0.19416666666666768,Normal
1510,25.166666666666668,9.0,13.462859341090276,121.16573406981249,45.11497161180893,99.99027916666759,26.55640244356467,0,0,0.19441666666666768,Normal
1511,25.183333333333334,9.0,13.46051074343831,121.14459669094478,45.06496675091975,99.9902666666676,26.561683837872415,0,0,0.19466666666666768,Normal
1512,25.2,9.0,13.458161657836754,121.12345492053079,45.01496188377935,99.9902541666676,26.566954049123098,0,0,0.19491666666666768,Normal
1513,25.216666666666665,9.0,13.455812084405762,121.10230875965186,44.96495701038773,99.9902416666676,26.572213100998482,0,0,0.19516666666666768,Normal
1514,25.233333333333334,9.0,13.45346202326669,121.08115820940021,44.914952130744894,99.9902291666676,26.57746101713019,0,0,0.19541666666666768,Normal
1515,25.25,9.0,13.451111474542092,121.06000327087882,44.86494724485083,99.9902166666676,26.582697821099796,0,0,0.19566666666666768,Normal
1516,25.266666666666666,9.0,13.448760438355732,121.03884394520159,44.81494235270555,99.99020416666761,26.587923536438936,0,0,0.19591666666666768,Normal
1517,25.283333333333335,9.0,13.446408914832574,121.01768023349317,44.76493745430905,99.99019166666761,26.593138186629417,0,0,0.19616666666666768,Normal
1518,25.3,9.0,13.444056904098783,120.99651213688905,44.71493254966132,99.99017916666762,26.59834179510332,0,0,0.19641666666666768,Normal
1519,25.316666666666666,9.0,13.441704406281726,120.97533965653554,44.664927638762364,99.99016666666762,26.6035343852431,0,0,0.19666666666666768,Normal
1520,25.333333333333332,9.0,13.43935142150997,120.95416279358973,44.61492272161218,99.99015416666762,26.608715980381703,0,0,0.19691666666666768,Normal
1521,25.35,9.0,13.436997949913286,120.93298154921958,44.564917798210764,99.99014166666763,26.61388660380266,0,0,0.19716666666666768,Normal
1522,25.366666666666667,9.0,13.434643991622645,120.91179592460381,44.51491286855811,99.99012916666763,26.619046278740193,0,0,0.19741666666666768,Normal
1523,25.383333333333333,9.0,13.43228954677022,120.89060592093197,44.464907932654235,99.99011666666763,26.62419502837933,0,0,0.19766666666666768,Normal
1524,25.4,9.0,13.429934615489376,120.86941153940438,44.41490299049912,99.99010416666763,26.629332875855997,0,0,0.19791666666666768,Normal
1525,25.416666666666668,9.0,13.427579197914689,120.8482127812322,44.36489804209277,99.99009166666764,26.634459844257126,0,0,0.19816666666666768,Normal
1526,25.433333333333334,9.0,13.425223294181926,120.82700964763734,44.31489308743518,99.99007916666764,26.639575956620757,0,0,0.19841666666666768,Normal
1527,25.45,9.0,13.422866904428062,120.80580213985256,44.26488812652635,99.99006666666764,26.644681235936147,0,0,0.19866666666666769,Normal
1528,25.466666666666665,9.0,13.420510028791263,120.78459025912136,44.21488315936628,99.99005416666765,26.64977570514387,0,0,0.19891666666666769,Normal
1529,25.483333333333334,9.0,13.418152667410892,120.76337400669803,44.16487818595497,99.99004166666765,26.654859387135918,0,0,0.19916666666666769,Normal
1530,25.5,9.0,13.41579482042752,120.74215338384768,44.11487320629241,99.99002916666765,26.659932304755806,0,0,0.19941666666666769,Normal
1531,25.516666666666666,9.0,13.413436487982905,120.72092839184614,44.06486822037861,99.99001666666766,26.664994480798676,0,0,0.19966666666666769,Normal
1532,25.533333333333335,9.0,13.411077670220012,120.6996990319801,44.01486322821356,99.99000416666766,26.670045938011395,0,0,0.1999166666666677,Normal
1533,25.55,9.0,13.408718367282994,120.67846530554695,43.96485822979726,99.98999166666766,26.675086699092663,0,0,0.2001666666666677,Normal
1534,25.566666666666666,9.0,13.406358579317207,120.65722721385487,43.91485322512971,99.98997916666767,26.680116786693112,0,0,0.2004166666666677,Normal
1535,25.583333333333332,9.0,13.403998306469202,120.63598475822282,43.86484821421091,99.98996666666767,26.68513622341541,0,0,0.2006666666666677,Normal
1536,25.6,9.0,13.401637548886727,120.61473793998054,43.81484319704085,99.98995416666767,26.690145031814353,0,0,0.2009166666666677,Normal
1537,25.616666666666667,9.0,13.399276306718718,120.59348676046847,43.76483817361954,99.98994166666768,26.69514323439698,0,0,0.2011666666666677,Normal
1538,25.633333333333333,9.0,13.39691458011532,120.57223122103788,43.71483314394697,99.98992916666768,26.700130853622667,0,0,0.2014166666666677,Normal
1539,25.65,9.0,13.394552369227862,120.55097132305076,43.664828108023144,99.98991666666768,26.70510791190323,0,0,0.2016666666666677,Normal
1540,25.666666666666668,9.0,13.392189674208868,120.52970706787981,43.61482306584806,99.98990416666769,26.710074431603022,0,0,0.2019166666666677,Normal
1541,25.683333333333334,9.0,13.389826495212068,120.5084384569086,43.56481801742171,99.98989166666769,26.71503043503904,0,0,0.2021666666666677,Normal
1542,25.7,9.0,13.38746283239237,120.48716549153133,43.514812962744095,99.98987916666769,26.719975944481018,0,0,0.2024166666666677,Normal
1543,25.716666666666665,9.0,13.385098685905882,120.46588817315295,43.46480790181522,99.9898666666677,26.724910982151528,0,0,0.2026666666666677,Normal
1544,25.733333333333334,9.0,13.382734055909907,120.44460650318916,43.41480283463508,99.9898541666677,26.72983557022609,0,0,0.2029166666666677,Normal
1545,25.75,9.0,13.38036894256294,120.42332048306646,43.364797761203675,99.9898416666677,26.734749730833258,0,0,0.2031666666666677,Normal
1546,25.766666666666666,9.0,13.378003346024666,120.402030114222,43.314792681521,99.9898291666677,26.739653486054728,0,0,0.2034166666666677,Normal
1547,25.783333333333335,9.0,13.375637266455966,120.3807353981037,43.26478759558705,99.9898166666677,26.744546857925435,0,0,0.2036666666666677,Normal
1548,25.8,9.0,13.373270704018902,120.35943633617012,43.21478250340183,99.98980416666771,26.74942986843365,0,0,0.2039166666666677,Normal
1549,25.816666666666666,9.0,13.370903658876745,120.3381329298907,43.164777404965335,99.98979166666771,26.754302539521085,0,0,0.2041666666666677,Normal
1550,25.833333333333332,9.0,13.368536131193938,120.31682518074544,43.114772300277565,99.98977916666772,26.759164893082982,0,0,0.2044166666666677,Normal
1551,25.85,9.0,13.366168121136127,120.29551309022514,43.06476718933852,99.98976666666772,26.76401695096822,0,0,0.2046666666666677,Normal
1552,25.866666666666667,9.0,13.363799628870142,120.27419665983128,43.014762072148194,99.98975416666772,26.768858734979403,0,0,0.2049166666666677,Normal
1553,25.883333333333333,9.0,13.361430654564003,120.25287589107603,42.96475694870659,99.98974166666773,26.773690266872975,0,0,0.2051666666666677,Normal
1554,25.9,9.0,13.359061198386923,120.23155078548231,42.9147518190137,99.98972916666773,26.778511568359303,0,0,0.2054166666666677,Normal
1555,25.916666666666668,9.0,13.356691260509297,120.21022134458367,42.864746683069534,99.98971666666773,26.783322661102776,0,0,0.2056666666666677,Normal
1556,25.933333333333334,9.0,13.354320841102712,120.18888756992442,42.81474154087408,99.98970416666774,26.78812356672191,0,0,0.2059166666666677,Normal
1557,25.95,9.0,13.351949940339946,120.16754946305952,42.76473639242734,99.98969166666774,26.79291430678944,0,0,0.2061666666666677,Normal
1558,25.966666666666665,9.0,13.349578558394958,120.14620702555462,42.71473123772931,99.98967916666774,26.79769490283242,0,0,0.2064166666666677,Normal
1559,25.983333333333334,9.0,13.347206695442898,120.12486025898608,42.66472607677999,99.98966666666774,26.802465376332304,0,0,0.2066666666666677,Normal
1560,26.0,-3.0,14.428108947427168,-43.2843268422815,42.681394465846864,99.98966250000107,26.799601430516248,0,0,0.20675000000000102,Normal
1561,26.016666666666666,-3.0,14.428899546045134,-43.286698638135405,42.69806285560832,99.9896583333344,26.79674354956633,0,0,0.20683333333333434,Normal
1562,26.033333333333335,-3.0,14.429690091290242,-43.28907027387073,42.71473124606437,99.98965416666773,26.793891720639305,0,0,0.20691666666666766,Normal
1563,26.05,-3.0,14.43048058315596,-43.29144174946788,42.731399637215,99.98965000000106,26.79104593091913,0,0,0.207000000000001,Normal
1564,26.066666666666666,-3.0,14.431271021635775,-43.293813064907326,42.74806802906022,99.9896458333344,26.788206167616888,0,0,0.2070833333333343,Normal
1565,26.083333333333332,-3.0,14.432061406723188,-43.296184220169565,42.764736421600034,99.98964166666772,26.78537241797076,0,0,0.20716666666666764,Normal
1566,26.1,-3.0,14.432851738411708,-43.298555215235126,42.78140481483443,99.98963750000105,26.78254466924594,0,0,0.20725000000000096,Normal
1567,26.116666666666667,-3.0,14.433642016694867,-43.3009260500846,42.79807320876342,99.98963333333438,26.779722908734595,0,0,0.20733333333333429,Normal
1568,26.133333333333333,-3.0,14.434432241566208,-43.303296724698626,42.814741603387,99.98962916666771,26.776907123755805,0,0,0.2074166666666676,Normal
1569,26.15,-3.0,14.435222413019291,-43.305667239057875,42.83140999870516,99.98962500000104,26.774097301655498,0,0,0.20750000000000093,Normal
1570,26.166666666666668,-3.0,14.43601253104769,-43.30803759314307,42.848078394717916,99.98962083333437,26.771293429806406,0,0,0.20758333333333426,Normal
1571,26.183333333333334,-3.0,14.436802595644988,-43.31040778693496,42.864746791425254,99.9896166666677,26.768495495607993,0,0,0.20766666666666758,Normal
1572,26.2,-3.0,14.437592606804788,-43.31277782041437,42.881415188827184,99.98961250000103,26.765703486486412,0,0,0.2077500000000009,Normal
1573,26.216666666666665,-3.0,14.438382564520712,-43.31514769356214,42.898083586923704,99.98960833333436,26.76291738989444,0,0,0.20783333333333423,Normal
1574,26.233333333333334,-3.0,14.439172468786385,-43.31751740635916,42.91475198571481,99.98960416666769,26.76013719331143,0,0,0.20791666666666755,Normal
1575,26.25,-3.0,14.439962319595459,-43.31988695878638,42.931420385200504,99.98960000000102,26.75736288424324,0,0,0.20800000000000088,Normal
1576,26.266666666666666,-3.0,14.440752116941589,-43.322256350824766,42.94808878538079,99.98959583333435,26.754594450222196,0,0,0.2080833333333342,Normal
1577,26.283333333333335,-3.0,14.441541860818456,-43.32462558245537,42.96475718625567,99.98959166666768,26.75183187880702,0,0,0.20816666666666753,Normal
1578,26.3,-3.0,14.442331551219747,-43.32699465365924,42.98142558782513,99.98958750000101,26.749075157582784,0,0,0.20825000000000085,Normal
1579,26.316666666666666,-3.0,14.443121188139168,-43.329363564417505,42.99809399008918,99.98958333333434,26.746324274160845,0,0,0.20833333333333418,Normal
1580,26.333333333333332,-3.0,14.443910771570437,-43.33173231471131,43.014762393047825,99.98957916666767,26.743579216178798,0,0,0.2084166666666675,Normal
1581,26.35,-3.0,14.444700301507291,-43.334100904521875,43.03143079670105,99.989575000001,26.74083997130042,0,0,0.20850000000000082,Normal
1582,26.366666666666667,-3.0,14.445489777943477,-43.33646933383043,43.04809920104887,99.98957083333433,26.738106527215606,0,0,0.20858333333333415,Normal
1583,26.383333333333333,-3.0,14.446279200872759,-43.33883760261828,43.06476760609128,99.98956666666766,26.735378871640325,0,0,0.20866666666666747,Normal
1584,26.4,-3.0,14.447068570288915,-43.341205710866745,43.08143601182828,99.98956250000099,26.732656992316556,0,0,0.2087500000000008,Normal
1585,26.416666666666668,-3.0,14.447857886185735,-43.343573658557204,43.098104418259865,99.98955833333432,26.72994087701224,0,0,0.20883333333333412,Normal
1586,26.433333333333334,-3.0,14.448647148557034,-43.3459414456711,43.11477282538604,99.98955416666765,26.727230513521214,0,0,0.20891666666666744,Normal
1587,26.45,-3.0,14.44943635739663,-43.34830907218989,43.13144123320681,99.98955000000097,26.72452588966317,0,0,0.20900000000000077,Normal
1588,26.466666666666665,-3.0,14.450225512698356,-43.35067653809507,43.148109641722165,99.9895458333343,26.72182699328359,0,0,0.2090833333333341,Normal
1589,26.483333333333334,-3.0,14.451014614456074,-43.353043843368226,43.164778050932114,99.98954166666763,26.719133812253695,0,0,0.20916666666666742,Normal
1590,26.5,-3.0,14.45180366266364,-43.35541098799092,43.181446460836646,99.98953750000096,26.716446334470394,0,0,0.20925000000000074,Normal
1591,26.516666666666666,-3.0,14.45259265731494,-43.35777797194482,43.19811487143577,99.9895333333343,26.713764547856222,0,0,0.20933333333333407,Normal
1592,26.533333333333335,-3.0,14.453381598403867,-43.3601447952116,43.214783282729485,99.98952916666762,26.71108844035929,0,0,0.2094166666666674,Normal
1593,26.55,-3.0,14.454170485924337,-43.36251145777301,43.23145169471779,99.98952500000095,26.708417999953234,0,0,0.2095000000000007,Normal
1594,26.566666666666666,-3.0,14.45495931987027,-43.36487795961081,43.24812010740069,99.98952083333428,26.705753214637156,0,0,0.20958333333333404,Normal
1595,26.583333333333332,-3.0,14.455748100235606,-43.367244300706815,43.264788520778175,99.98951666666761,26.703094072435572,0,0,0.20966666666666736,Normal
1596,26.6,-3.0,14.456536827014306,-43.36961048104292,43.28145693485025,99.98951250000094,26.700440561398356,0,0,0.20975000000000069,Normal
1597,26.616666666666667,-3.0,14.457325500200328,-43.37197650060099,43.29812534961691,99.98950833333427,26.697792669600688,0,0,0.209833333333334,Normal
1598,26.633333333333333,-3.0,14.458114119787664,-43.37434235936299,43.314793765078164,99.9895041666676,26.695150385143005,0,0,0.20991666666666733,Normal
1599,26.65,-3.0,14.458902685770314,-43.37670805731094,43.33146218123401,99.98950000000093,26.69251369615094,0,0,0.21000000000000066,Normal
1600,26.666666666666668,-3.0,14.459691198142286,-43.379073594426856,43.348130598084445,99.98949583333426,26.689882590775266,0,0,0.21008333333333398,Normal
1601,26.683333333333334,-3.0,14.460479656897611,-43.381438970692834,43.36479901562947,99.98949166666759,26.68725705719186,0,0,0.2101666666666673,Normal
1602,26.7,-3.0,14.46126806203033,-43.38380418609099,43.38146743386909,99.98948750000092,26.684637083601633,0,0,0.21025000000000063,Normal
1603,26.716666666666665,-3.0,14.462056413534503,-43.38616924060351,43.3981358528033,99.98948333333425,26.682022658230476,0,0,0.21033333333333395,Normal
1604,26.733333333333334,-3.0,14.462844711404198,-43.38853413421259,43.4148042724321,99.98947916666758,26.679413769329223,0,0,0.21041666666666728,Normal
1605,26.75,-3.0,14.463632955633509,-43.39089886690053,43.43147269275549,99.98947500000091,26.676810405173583,0,0,0.2105000000000006,Normal
1606,26.766666666666666,-3.0,14.46442114621653,-43.39326343864959,43.44814111377347,99.98947083333424,26.6742125540641,0,0,0.21058333333333393,Normal
1607,26.783333333333335,-3.0,14.465209283147383,-43.39562784944215,43.46480953548603,99.98946666666757,26.67162020432608,0,0,0.21066666666666725,Normal
1608,26.8,-3.0,14.465997366420194,-43.39799209926058,43.48147795789319,99.9894625000009,26.669033344309565,0,0,0.21075000000000058,Normal
1609,26.816666666666666,-3.0,14.466785396029113,-43.40035618808734,43.49814638099494,99.98945833333423,26.666451962389264,0,0,0.2108333333333339,Normal
1610,26.833333333333332,-3.0,14.467573371968298,-43.40272011590489,43.51481480479128,99.98945416666756,26.6638760469645,0,0,0.21091666666666722,Normal
1611,26.85,-3.0,14.468361294231928,-43.405083882695784,43.53148322928221,99.98945000000089,26.661305586459164,0,0,0.21100000000000055,Normal
1612,26.866666666666667,-3.0,14.469149162814187,-43.40744748844256,43.54815165446773,99.98944583333422,26.65874056932166,0,0,0.21108333333333387,Normal
1613,26.883333333333333,-3.0,14.469936977709287,-43.40981093312786,43.56482008034784,99.98944166666755,26.656180984024864,0,0,0.2111666666666672,Normal
1614,26.9,-3.0,14.47072473891144,-43.412174216734314,43.58148850692255,99.98943750000088,26.653626819066048,0,0,0.21125000000000052,Normal
1615,26.916666666666668,-3.0,14.471512446414886,-43.41453733924466,43.59815693419184,99.9894333333342,26.65107806296685,0,0,0.21133333333333384,Normal
1616,26.933333333333334,-3.0,14.47230010021387,-43.41690030064161,43.61482536215573,99.98942916666753,26.648534704273214,0,0,0.21141666666666717,Normal
1617,26.95,-3.0,14.473087700302658,-43.419263100907976,43.631493790814204,99.98942500000086,26.645996731555343,0,0,0.2115000000000005,Normal
1618,26.966666666666665,-3.0,14.473875246675528,-43.421625740026585,43.64816222016727,99.9894208333342,26.643464133407637,0,0,0.21158333333333382,Normal
1619,26.983333333333334,-3.0,14.474662739326769,-43.42398821798031,43.66483065021493,99.98941666666752,26.640936898448654,0,0,0.21166666666666714,Normal
1620,27.0,4.0,13.843546057135647,55.37418422854259,43.642606075891926,99.98941111111196,26.639156270287234,0,0,0.21177777777777826,Normal
1621,27.016666666666666,4.0,13.842495954326086,55.369983817304345,43.62038150033409,99.9894055555564,26.63737941296192,0,0,0.21188888888888938,Normal
1622,27.033333333333335,4.0,13.841445755911604,55.365783023646415,43.598156923541424,99.98940000000084,26.63560631848741,0,0,0.2120000000000005,Normal
1623,27.05,4.0,13.840395461905759,55.361581847623036,43.575932345513934,99.98939444444528,26.63383697889532,0,0,0.2121111111111116,Normal
1624,27.066666666666666,4.0,13.839345072322162,55.35738028928865,43.55370776625161,99.98938888888972,26.63207138623413,0,0,0.21222222222222273,Normal
1625,27.083333333333332,4.0,13.83829458717446,55.35317834869784,43.53148318575446,99.98938333333416,26.630309532569164,0,0,0.21233333333333385,Normal
1626,27.1,4.0,13.837244006476357,55.34897602590543,43.50925860402248,99.9893777777786,26.628551409982546,0,0,0.21244444444444496,Normal
1627,27.116666666666667,4.0,13.836193330241596,55.34477332096638,43.48703402105566,99.98937222222304,26.62679701057317,0,0,0.21255555555555608,Normal
1628,27.133333333333333,4.0,13.835142558483971,55.340570233935885,43.46480943685402,99.98936666666748,26.625046326456662,0,0,0.2126666666666672,Normal
1629,27.15,4.0,13.83409169121732,55.33636676486928,43.44258485141754,99.98936111111192,26.623299349765343,0,0,0.21277777777777832,Normal
1630,27.166666666666668,4.0,13.833040728455531,55.332162913822124,43.420360264746236,99.98935555555636,26.621556072648193,0,0,0.21288888888888943,Normal
1631,27.183333333333334,4.0,13.831989670212534,55.32795868085014,43.3981356768401,99.9893500000008,26.61981648727082,0,0,0.21300000000000055,Normal
1632,27.2,4.0,13.830938516502307,55.32375406600923,43.37591108769913,99.98934444444524,26.618080585815424,0,0,0.21311111111111167,Normal
1633,27.216666666666665,4.0,13.829887267338876,55.3195490693555,43.35368649732333,99.98933888888968,26.616348360480757,0,0,0.21322222222222278,Normal
1634,27.233333333333334,4.0,13.828835922736314,55.315343690945255,43.3314619057127,99.98933333333412,26.614619803482093,0,0,0.2133333333333339,Normal
1635,27.25,4.0,13.827784482708736,55.311137930834946,43.30923731286724,99.98932777777856,26.61289490705119,0,0,0.21344444444444502,Normal
1636,27.266666666666666,4.0,13.82673294727031,55.30693178908124,43.28701271878695,99.989322222223,26.611173663436258,0,0,0.21355555555555614,Normal
1637,27.283333333333335,4.0,13.825681316435245,55.30272526574098,43.264788123471824,99.98931666666743,26.609456064901924,0,0,0.21366666666666725,Normal
1638,27.3,4.0,13.824629590217798,55.29851836087119,43.24256352692187,99.98931111111187,26.60774210372919,0,0,0.21377777777777837,Normal
1639,27.316666666666666,4.0,13.823577768632276,55.294311074529105,43.220338929137085,99.98930555555631,26.60603177221541,0,0,0.2138888888888895,Normal
1640,27.333333333333332,4.0,13.822525851693026,55.290103406772104,43.19811433011747,99.98930000000075,26.60432506267425,0,0,0.2140000000000006,Normal
1641,27.35,4.0,13.821473839414448,55.28589535765779,43.17588972986302,99.98929444444519,26.602621967435645,0,0,0.21411111111111172,Normal
1642,27.366666666666667,4.0,13.820421731810985,55.28168692724394,43.15366512837374,99.98928888888963,26.60092247884578,0,0,0.21422222222222284,Normal
1643,27.383333333333333,4.0,13.819369528897125,55.2774781155885,43.13144052564962,99.98928333333407,26.599226589267047,0,0,0.21433333333333396,Normal
1644,27.4,4.0,13.818317230687406,55.27326892274962,43.10921592169068,99.98927777777851,26.597534291078013,0,0,0.21444444444444508,Normal
1645,27.416666666666668,4.0,13.81726483719641,55.26905934878564,43.0869913164969,99.98927222222295,26.595845576673376,0,0,0.2145555555555562,Normal
1646,27.433333333333334,4.0,13.816212348438768,55.26484939375507,43.06476671006829,99.98926666666739,26.594160438463952,0,0,0.2146666666666673,Normal
1647,27.45,4.0,13.815159764429152,55.26063905771661,43.042542102404845,99.98926111111183,26.592478868876615,0,0,0.21477777777777843,Normal
1648,27.466666666666665,4.0,13.814107085182286,55.256428340729144,43.02031749350657,99.98925555555627,26.59080086035429,0,0,0.21488888888888955,Normal
1649,27.483333333333334,4.0,13.813054310712943,55.25221724285177,42.99809288337346,99.98925000000071,26.58912640535589,0,0,0.21500000000000066,Normal
1650,27.5,4.0,13.812001441035926,55.248005764143706,42.97586827200551,99.98924444444515,26.587455496356313,0,0,0.21511111111111178,Normal
1651,27.516666666666666,4.0,13.810948476166107,55.24379390466443,42.953643659402736,99.98923888888959,26.58578812584638,0,0,0.2152222222222229,Normal
1652,27.533333333333335,4.0,13.80989541611839,55.23958166447356,42.93141904556513,99.98923333333403,26.584124286332823,0,0,0.21533333333333401,Normal
1653,27.55,4.0,13.80884226090773,55.23536904363092,42.90919443049268,99.98922777777847,26.582463970338235,0,0,0.21544444444444513,Normal
1654,27.566666666666666,4.0,13.807789010549127,55.23115604219651,42.886969814185406,99.9892222222229,26.580807170401048,0,0,0.21555555555555625,Normal
1655,27.583333333333332,4.0,13.806735665057625,55.2269426602305,42.86474519664329,99.98921666666735,26.57915387907549,0,0,0.21566666666666737,Normal
1656,27.6,4.0,13.805682224448322,55.22272889779329,42.842520577866345,99.98921111111179,26.577504088931565,0,0,0.21577777777777848,Normal
1657,27.616666666666667,4.0,13.804628688736354,55.21851475494542,42.82029595785456,99.98920555555623,26.575857792555006,0,0,0.2158888888888896,Normal
1658,27.633333333333333,4.0,13.803575057936907,55.21430023174763,42.79807133660795,99.98920000000066,26.574214982547243,0,0,0.21600000000000072,Normal
1659,27.65,4.0,13.802521332065213,55.21008532826085,42.775846714126494,99.9891944444451,26.57257565152538,0,0,0.21611111111111184,Normal
1660,27.666666666666668,4.0,13.80146751113655,55.2058700445462,42.75362209041021,99.98918888888954,26.57093979212215,0,0,0.21622222222222295,Normal
1661,27.683333333333334,4.0,13.800413595166244,55.201654380664976,42.73139746545909,99.98918333333398,26.56930739698589,0,0,0.21633333333333407,Normal
1662,27.7,4.0,13.799359584169666,55.197438336678665,42.70917283927314,99.98917777777842,26.56767845878051,0,0,0.2164444444444452,Normal
1663,27.716666666666665,4.0,13.798305478162234,55.19322191264894,42.686948211852346,99.98917222222286,26.566052970185446,0,0,0.2165555555555563,Normal
1664,27.733333333333334,4.0,13.79725127715941,55.18900510863764,42.664723583196725,99.9891666666673,26.564430923895642,0,0,0.21666666666666742,Normal
1665,27.75,4.0,13.796196981176703,55.18478792470681,42.642498953306266,99.98916111111174,26.56281231262151,0,0,0.21677777777777854,Normal
1666,27.766666666666666,4.0,13.795142590229672,55.180570360918686,42.62027432218097,99.98915555555618,26.5611971290889,0,0,0.21688888888888966,Normal
1667,27.783333333333335,4.0,13.794088104333918,55.17635241733567,42.59804968982084,99.98915000000062,26.559585366039066,0,0,0.21700000000000078,Normal
1668,27.8,4.0,13.79303352350509,55.17213409402036,42.575825056225874,99.98914444444506,26.55797701622863,0,0,0.2171111111111119,Normal
1669,27.816666666666666,4.0,13.791978847758882,55.16791539103553,42.55360042139607,99.9891388888895,26.556372072429557,0,0,0.217222222222223,Normal
1670,27.833333333333332,4.0,13.790924077111038,55.16369630844415,42.53137578533143,99.98913333333394,26.554770527429117,0,0,0.21733333333333413,Normal
1671,27.85,4.0,13.78986921157734,55.15947684630936,42.509151148031954,99.98912777777838,26.553172374029856,0,0,0.21744444444444525,Normal
1672,27.866666666666667,4.0,13.788814251173626,55.155257004694505,42.48692650949764,99.98912222222282,26.55157760504956,0,0,0.21755555555555636,Normal
1673,27.883333333333333,4.0,13.787759195915779,55.151036783663116,42.46470186972849,99.98911666666726,26.54998621332122,0,0,0.21766666666666748,Normal
1674,27.9,4.0,13.786704045819718,55.14681618327887,42.442477228724506,99.9891111111117,26.54839819169301,0,0,0.2177777777777786,Normal
1675,27.916666666666668,4.0,13.785648800901418,55.14259520360567,42.42025258648569,99.98910555555614,26.54681353302825,0,0,0.21788888888888971,Normal
1676,27.933333333333334,4.0,13.7845934611769,55.1383738447076,42.39802794301203,99.98910000000058,26.545232230205364,0,0,0.21800000000000083,Normal
1677,27.95,4.0,13.783538026662224,55.1341521066489,42.37580329830354,99.98909444444502,26.54365427611787,0,0,0.21811111111111195,Normal
1678,27.966666666666665,4.0,13.782482497373504,55.129929989494016,42.353578652360206,99.98908888888946,26.542079663674325,0,0,0.21822222222222307,Normal
1679,27.983333333333334,4.0,13.7814268733269,55.1257074933076,42.331354005182035,99.9890833333339,26.540508385798308,0,0,0.21833333333333418,Normal
1680,28.0,4.0,13.78037115453861,55.12148461815444,42.30912935676903,99.98907777777833,26.538940435428383,0,0,0.2184444444444453,Normal
1681,28.016666666666666,4.0,13.779315341024887,55.11726136409955,42.28690470712118,99.98907222222277,26.537375805518064,0,0,0.21855555555555642,Normal
1682,28.033333333333335,4.0,13.778259432802024,55.113037731208095,42.2646800562385,99.98906666666721,26.53581448903579,0,0,0.21866666666666754,Normal
1683,28.05,4.0,13.777203429886363,55.10881371954545,42.242455404120975,99.98906111111165,26.534256478964892,0,0,0.21877777777777865,Normal
1684,28.066666666666666,4.0,13.776147332294295,55.10458932917718,42.220230750768614,99.98905555555609,26.532701768303554,0,0,0.21888888888888977,Normal
1685,28.083333333333332,4.0,13.77509114004225,55.100364560169,42.198006096181416,99.98905000000053,26.53115035006479,0,0,0.2190000000000009,Normal
1686,28.1,4.0,13.774034853146711,55.096139412586844,42.17578144035938,99.98904444444497,26.52960221727642,0,0,0.219111111111112,Normal
1687,28.116666666666667,4.0,13.772978471624203,55.09191388649681,42.153556783302506,99.98903888888941,26.52805736298101,0,0,0.21922222222222312,Normal
1688,28.133333333333333,4.0,13.771921995491299,55.087687981965196,42.13133212501079,99.98903333333385,26.526515780235872,0,0,0.21933333333333424,Normal
1689,28.15,4.0,13.770865424764615,55.08346169905846,42.10910746548424,99.98902777777829,26.52497746211302,0,0,0.21944444444444536,Normal
1690,28.166666666666668,4.0,13.769808759460819,55.079235037843276,42.086882804722855,99.98902222222273,26.523442401699135,0,0,0.21955555555555648,Normal
1691,28.183333333333334,4.0,13.76875199959662,55.07500799838648,42.06465814272663,99.98901666666717,26.521910592095537,0,0,0.2196666666666676,Normal
1692,28.2,4.0,13.767695145188775,55.0707805807551,42.042433479495564,99.98901111111161,26.520382026418158,0,0,0.2197777777777787,Normal
1693,28.216666666666665,4.0,13.766638196254087,55.06655278501635,42.020208815029655,99.98900555555605,26.518856697797506,0,0,0.21988888888888983,Normal
1694,28.233333333333334,4.0,13.765581152809403,55.062324611237614,41.99798414932891,99.98900000000049,26.517334599378643,0,0,0.22000000000000094,Normal
1695,28.25,4.0,13.764524014871624,55.058096059486495,41.97575948239332,99.98899444444493,26.515815724321136,0,0,0.22011111111111206,Normal
1696,28.266666666666666,4.0,13.763466782457682,55.05386712983073,41.9535348142229,99.98898888888937,26.514300065799045,0,0,0.22022222222222318,Normal
1697,28.283333333333335,4.0,13.762409455584569,55.049637822338276,41.93131014481764,99.9889833333338,26.512787617000882,0,0,0.2203333333333343,Normal
1698,28.3,4.0,13.761352034269317,55.04540813707727,41.90908547417753,99.98897777777825,26.511278371129585,0,0,0.22044444444444541,Normal
1699,28.316666666666666,4.0,13.760294518529006,55.041178074116026,41.886860802302586,99.98897222222269,26.509772321402487,0,0,0.22055555555555653,Normal
1700,28.333333333333332,4.0,13.75923690838076,55.03694763352304,41.8646361291928,99.98896666666712,26.50826946105128,0,0,0.22066666666666765,Normal
1701,28.35,4.0,13.75817920384175,55.032716815367,41.842411454848175,99.98896111111156,26.506769783321996,0,0,0.22077777777777877,Normal
1702,28.366666666666667,4.0,13.757121404929196,55.02848561971678,41.82018677926871,99.988955555556,26.50527328147496,0,0,0.22088888888888988,Normal
1703,28.383333333333333,4.0,13.756063511660354,55.02425404664142,41.797962102454406,99.98895000000044,26.50377994878478,0,0,0.221000000000001,Normal
1704,28.4,4.0,13.755005524052537,55.02002209621015,41.77573742440526,99.98894444444488,26.502289778540295,0,0,0.22111111111111212,Normal
1705,28.416666666666668,4.0,13.753947442123103,55.01578976849241,41.75351274512127,99.98893888888932,26.50080276404456,0,0,0.22122222222222324,Normal
1706,28.433333333333334,4.0,13.752889265889449,55.011557063557795,41.731288064602445,99.98893333333376,26.49931889861482,0,0,0.22133333333333435,Normal
1707,28.45,4.0,13.751830995369023,55.00732398147609,41.709063382848775,99.9889277777782,26.49783817558246,0,0,0.22144444444444547,Normal
1708,28.466666666666665,4.0,13.750772630579318,55.00309052231727,41.68683869986027,99.98892222222264,26.49636058829299,0,0,0.2215555555555566,Normal
1709,28.483333333333334,4.0,13.749714171537871,54.998856686151484,41.664614015636914,99.98891666666708,26.494886130106018,0,0,0.2216666666666677,Normal
1710,28.5,4.0,13.748655618262271,54.994622473049084,41.64238933017872,99.98891111111152,26.493414794395203,0,0,0.22177777777777882,Normal
1711,28.516666666666666,4.0,13.747596970770143,54.99038788308057,41.62016464348569,99.98890555555596,26.491946574548248,0,0,0.22188888888888994,Normal
1712,28.533333333333335,4.0,13.746538229079166,54.98615291631666,41.59793995555781,99.9889000000004,26.49048146396685,0,0,0.22200000000000106,Normal
1713,28.55,4.0,13.745479393207063,54.98191757282825,41.57571526639509,99.98889444444484,26.489019456066686,0,0,0.22211111111111217,Normal
1714,28.566666666666666,4.0,13.7444204631716,54.9776818526864,41.55349057599753,99.98888888888928,26.48756054427737,0,0,0.2222222222222233,Normal
1715,28.583333333333332,4.0,13.743361438990595,54.97344575596238,41.531265884365126,99.98888333333372,26.486104722042427,0,0,0.2223333333333344,Normal
1716,28.6,4.0,13.742302320681901,54.969209282727604,41.50904119149788,99.98887777777816,26.48465198281928,0,0,0.22244444444444553,Normal
1717,28.616666666666667,4.0,13.741243108263433,54.96497243305373,41.48681649739579,99.9888722222226,26.48320232007919,0,0,0.22255555555555664,Normal
1718,28.633333333333333,4.0,13.740183801753137,54.96073520701255,41.46459180205886,99.98886666666704,26.48175572730726,0,0,0.22266666666666776,Normal
1719,28.65,4.0,13.739124401169013,54.95649760467605,41.44236710548709,99.98886111111148,26.480312198002373,0,0,0.22277777777777888,Normal
1720,28.666666666666668,1.0,14.008889615070542,14.008889615070542,41.43681093103543,99.98885972222259,26.477283313378663,0,0,0.22280555555555664,Normal
1721,28.683333333333334,1.0,14.008624748093862,14.008624748093862,41.4312547565066,99.9888583333337,26.47426084286504,0,0,0.2228333333333344,Normal
1722,28.7,1.0,14.008359875239265,14.008359875239265,41.42569858190059,99.9888569444448,26.471244772878677,0,0,0.22286111111111218,Normal
1723,28.716666666666665,1.0,14.008094996507026,14.008094996507026,41.420142407217405,99.98885555555592,26.468235089865523,0,0,0.22288888888888994,Normal
1724,28.733333333333334,1.0,14.007830111897432,14.007830111897432,41.41458623245704,99.98885416666702,26.46523178030022,0,0,0.2229166666666677,Normal
1725,28.75,1.0,14.007565221410763,14.007565221410763,41.409030057619496,99.98885277777813,26.462234830686054,0,0,0.22294444444444547,Normal
1726,28.766666666666666,1.0,14.007300325047304,14.007300325047304,41.40347388270477,99.98885138888924,26.459244227554894,0,0,0.22297222222222324,Normal
1727,28.783333333333335,1.0,14.00703542280734,14.00703542280734,41.39791770771288,99.98885000000035,26.456259957467132,0,0,0.223000000000001,Normal
1728,28.8,1.0,14.006770514691151,14.006770514691151,41.392361532643804,99.98884861111146,26.453282007011612,0,0,0.22302777777777877,Normal
1729,28.816666666666666,1.0,14.006505600699025,14.006505600699025,41.38680535749755,99.98884722222257,26.45031036280559,0,0,0.22305555555555653,Normal
1730,28.833333333333332,1.0,14.00624068083124,14.00624068083124,41.38124918227412,99.98884583333368,26.447345011494647,0,0,0.2230833333333343,Normal
1731,28.85,1.0,14.005975755088087,14.005975755088087,41.375693006973506,99.9888444444448,26.44438593975266,0,0,0.22311111111111206,Normal
1732,28.866666666666667,1.0,14.005710823469846,14.005710823469846,41.37013683159572,99.9888430555559,26.441433134281713,0,0,0.22313888888888983,Normal
1733,28.883333333333333,1.0,14.005445885976805,14.005445885976805,41.36458065614076,99.98884166666701,26.438486581812057,0,0,0.2231666666666676,Normal
1734,28.9,1.0,14.005180942609243,14.005180942609243,41.35902448060862,99.98884027777812,26.435546269102044,0,0,0.22319444444444536,Normal
1735,28.916666666666668,1.0,14.00491599336745,14.00491599336745,41.353468304999296,99.98883888888923,26.432612182938062,0,0,0.22322222222222313,Normal
1736,28.933333333333334,1.0,14.00465103825171,14.00465103825171,41.347912129312796,99.98883750000034,26.429684310134487,0,0,0.2232500000000009,Normal
1737,28.95,1.0,14.004386077262307,14.004386077262307,41.342355953549124,99.98883611111145,26.426762637533614,0,0,0.22327777777777866,Normal
1738,28.966666666666665,1.0,14.00412111039953,14.00412111039953,41.33679977770827,99.98883472222256,26.4238471520056,0,0,0.22330555555555642,Normal
1739,28.983333333333334,1.0,14.003856137663655,14.003856137663655,41.33124360179024,99.98883333333367,26.42093784044841,0,0,0.2233333333333342,Normal
1740,29.0,1.0,14.003591159054979,14.003591159054979,41.32568742579503,99.98883194444478,26.418034689787753,0,0,0.22336111111111195,Normal
1741,29.016666666666666,1.0,14.003326174573782,14.003326174573782,41.32013124972264,99.9888305555559,26.415137686977026,0,0,0.22338888888888972,Normal
1742,29.033333333333335,1.0,14.003061184220353,14.003061184220353,41.31457507357308,99.988829166667,26.41224681899725,0,0,0.22341666666666748,Normal
1743,29.05,1.0,14.002796187994976,14.002796187994976,41.30901889734634,99.98882777777811,26.40936207285702,0,0,0.22344444444444525,Normal
1744,29.066666666666666,1.0,14.002531185897938,14.002531185897938,41.30346272104242,99.98882638888922,26.406483435592442,0,0,0.22347222222222302,Normal
1745,29.083333333333332,1.0,14.002266177929528,14.002266177929528,41.29790654466132,99.98882500000033,26.403610894267068,0,0,0.22350000000000078,Normal
1746,29.1,1.0,14.002001164090027,14.002001164090027,41.292350368203046,99.98882361111144,26.400744435971855,0,0,0.22352777777777855,Normal
1747,29.116666666666667,1.0,14.001736144379729,14.001736144379729,41.286794191667596,99.98882222222255,26.39788404782509,0,0,0.2235555555555563,Normal
1748,29.133333333333333,1.0,14.001471118798916,14.001471118798916,41.28123801505497,99.98882083333366,26.395029716972342,0,0,0.22358333333333408,Normal
1749,29.15,1.0,14.001206087347882,14.001206087347882,41.27568183836516,99.98881944444477,26.3921814305864,0,0,0.22361111111111184,Normal
1750,29.166666666666668,1.0,14.000941050026904,14.000941050026904,41.27012566159817,99.98881805555588,26.389339175867217,0,0,0.2236388888888896,Normal
1751,29.183333333333334,1.0,14.00067600683628,14.00067600683628,41.264569484754006,99.98881666666699,26.38650294004185,0,0,0.22366666666666737,Normal
1752,29.2,1.0,14.00041095777629,14.00041095777629,41.25901330783267,99.9888152777781,26.383672710364408,0,0,0.22369444444444514,Normal
1753,29.216666666666665,1.0,14.00014590284723,14.00014590284723,41.25345713083415,99.98881388888921,26.38084847411599,0,0,0.2237222222222229,Normal
1754,29.233333333333334,1.0,13.999880842049382,13.999880842049382,41.24790095375845,99.98881250000032,26.378030218604625,0,0,0.22375000000000067,Normal
1755,29.25,1.0,13.999615775383036,13.999615775383036,41.24234477660558,99.98881111111143,26.375217931165228,0,0,0.22377777777777844,Normal
1756,29.266666666666666,1.0,13.999350702848481,13.999350702848481,41.23678859937552,99.98880972222254,26.372411599159523,0,0,0.2238055555555562,Normal
1757,29.283333333333335,1.0,13.999085624446007,13.999085624446007,41.231232422068295,99.98880833333365,26.36961120997601,0,0,0.22383333333333397,Normal
1758,29.3,1.0,13.998820540175902,13.998820540175902,41.22567624468389,99.98880694444476,26.366816751029884,0,0,0.22386111111111173,Normal
1759,29.316666666666666,1.0,13.998555450038452,13.998555450038452,41.220120067222304,99.98880555555587,26.364028209762996,0,0,0.2238888888888895,Normal
1760,29.333333333333332,1.0,13.998290354033955,13.998290354033955,41.21456388968354,99.98880416666698,26.361245573643792,0,0,0.22391666666666726,Normal
1761,29.35,1.0,13.998025252162691,13.998025252162691,41.209007712067596,99.98880277777809,26.35846883016725,0,0,0.22394444444444503,Normal
1762,29.366666666666667,1.0,13.997760144424955,13.997760144424955,41.20345153437448,99.9888013888892,26.355697966854837,0,0,0.2239722222222228,Normal
1763,29.383333333333333,1.0,13.997495030821037,13.997495030821037,41.197895356604185,99.98880000000031,26.35293297125444,0,0,0.22400000000000056,Normal
1764,29.4,1.0,13.997229911351225,13.997229911351225,41.19233917875671,99.98879861111142,26.350173830940314,0,0,0.22402777777777833,Normal
1765,29.416666666666668,1.0,13.996964786015809,13.996964786015809,41.18678300083206,99.98879722222253,26.347420533513027,0,0,0.2240555555555561,Normal
1766,29.433333333333334,1.0,13.99669965481508,13.99669965481508,41.181226822830226,99.98879583333364,26.344673066599412,0,0,0.22408333333333386,Normal
1767,29.45,1.0,13.99643451774933,13.99643451774933,41.17567064475122,99.98879444444475,26.341931417852496,0,0,0.22411111111111162,Normal
1768,29.466666666666665,1.0,13.996169374818848,13.996169374818848,41.17011446659504,99.98879305555586,26.339195574951457,0,0,0.2241388888888894,Normal
1769,29.483333333333334,1.0,13.995904226023926,13.995904226023926,41.164558288361675,99.98879166666697,26.33646552560156,0,0,0.22416666666666715,Normal
1770,29.5,1.0,13.995639071364854,13.995639071364854,41.159002110051134,99.98879027777808,26.33374125753411,0,0,0.22419444444444492,Normal
1771,29.516666666666666,1.0,13.995373910841925,13.995373910841925,41.15344593166341,99.98878888888919,26.331022758506393,0,0,0.22422222222222268,Normal
1772,29.533333333333335,1.0,13.995108744455433,13.995108744455433,41.14788975319851,99.9887875000003,26.328310016301614,0,0,0.22425000000000045,Normal
1773,29.55,1.0,13.99484357220566,13.99484357220566,41.14233357465644,99.98878611111141,26.32560301872886,0,0,0.22427777777777821,Normal
1774,29.566666666666666,1.0,13.994578394092908,13.994578394092908,41.13677739603719,99.98878472222252,26.32290175362302,0,0,0.22430555555555598,Normal
1775,29.583333333333332,1.0,13.994313210117463,13.994313210117463,41.13122121734076,99.98878333333363,26.320206208844763,0,0,0.22433333333333375,Normal
1776,29.6,1.0,13.994048020279621,13.994048020279621,41.12566503856715,99.98878194444474,26.317516372280444,0,0,0.2243611111111115,Normal
1777,29.616666666666667,1.0,13.993782824579673,13.993782824579673,41.12010885971636,99.98878055555585,26.314832231842086,0,0,0.22438888888888928,Normal
1778,29.633333333333333,1.0,13.993517623017912,13.993517623017912,41.1145526807884,99.98877916666696,26.3121537754673,0,0,0.22441666666666704,Normal
1779,29.65,1.0,13.993252415594629,13.993252415594629,41.10899650178326,99.98877777777807,26.30948099111925,0,0,0.2244444444444448,Normal
1780,29.666666666666668,1.0,13.992987202310118,13.992987202310118,41.10344032270094,99.98877638888918,26.306813866786587,0,0,0.22447222222222257,Normal
1781,29.683333333333334,1.0,13.992721983164673,13.992721983164673,41.09788414354144,99.98877500000029,26.30415239048339,0,0,0.22450000000000034,Normal
1782,29.7,1.0,13.992456758158584,13.992456758158584,41.092327964304765,99.9887736111114,26.301496550249134,0,0,0.2245277777777781,Normal
1783,29.716666666666665,1.0,13.99219152729215,13.99219152729215,41.086771784990916,99.98877222222251,26.298846334148607,0,0,0.22455555555555587,Normal
1784,29.733333333333334,1.0,13.991926290565658,13.991926290565658,41.08121560559989,99.98877083333362,26.296201730271882,0,0,0.22458333333333363,Normal
1785,29.75,1.0,13.991661047979408,13.991661047979408,41.07565942613168,99.98876944444473,26.293562726734248,0,0,0.2246111111111114,Normal
1786,29.766666666666666,1.0,13.991395799533688,13.991395799533688,41.07010324658629,99.98876805555584,26.290929311676162,0,0,0.22463888888888917,Normal
1787,29.783333333333335,1.0,13.991130545228799,13.991130545228799,41.064547066963726,99.98876666666695,26.2883014732632,0,0,0.22466666666666693,Normal
1788,29.8,1.0,13.990865285065032,13.990865285065032,41.05899088726398,99.98876527777806,26.285679199685994,0,0,0.2246944444444447,Normal
1789,29.816666666666666,1.0,13.99060001904268,13.99060001904268,41.053434707487064,99.98876388888917,26.28306247916019,0,0,0.22472222222222246,Normal
1790,29.833333333333332,1.0,13.99033474716204,13.99033474716204,41.04787852763297,99.98876250000028,26.28045129992638,0,0,0.22475000000000023,Normal
1791,29.85,1.0,13.990069469423403,13.990069469423403,41.04232234770169,99.98876111111139,26.277845650250065,0,0,0.224777777777778,Normal
1792,29.866666666666667,1.0,13.98980418582707,13.98980418582707,41.03676616769324,99.9887597222225,26.275245518421595,0,0,0.22480555555555576,Normal
1793,29.883333333333333,1.0,13.98953889637333,13.98953889637333,41.0312099876076,99.9887583333336,26.272650892756115,0,0,0.22483333333333352,Normal
1794,29.9,1.0,13.989273601062488,13.989273601062488,41.0256538074448,99.98875694444472,26.270061761593514,0,0,0.2248611111111113,Normal
1795,29.916666666666668,1.0,13.989008299894827,13.989008299894827,41.02009762720481,99.98875555555583,26.267478113298374,0,0,0.22488888888888905,Normal
1796,29.933333333333334,1.0,13.988742992870653,13.988742992870653,41.01454144688765,99.98875416666694,26.26489993625992,0,0,0.22491666666666682,Normal
1797,29.95,1.0,13.988477679990257,13.988477679990257,41.008985266493305,99.98875277777805,26.262327218891958,0,0,0.22494444444444459,Normal
1798,29.966666666666665,1.0,13.988212361253934,13.988212361253934,41.00342908602178,99.98875138888916,26.259759949632834,0,0,0.22497222222222235,Normal
1799,29.983333333333334,1.0,13.987947036661986,13.987947036661986,40.99787290547309,99.98875000000027,26.257198116945375,0,0,0.22500000000000012,Normal
1800,30.0,2.0,13.897406242416073,27.794812484832146,40.98676054422133,99.98874722222249,26.254959392121254,0,0,0.22505555555555568,Normal
1801,30.016666666666666,2.0,13.896875549751204,27.79375109950241,40.97564818266087,99.9887444444447,26.252725408137938,0,0,0.22511111111111123,Normal
1802,30.033333333333335,2.0,13.89634483366976,27.79268966733952,40.964535820791696,99.98874166666693,26.250496154956,0,0,0.2251666666666668,Normal
1803,30.05,2.0,13.89581409417412,27.79162818834824,40.95342345861381,99.98873888888915,26.24827162255727,0,0,0.22522222222222235,Normal
1804,30.066666666666666,2.0,13.895283331266663,27.790566662533326,40.94231109612721,99.98873611111136,26.246051800944795,0,0,0.2252777777777779,Normal
1805,30.083333333333332,2.0,13.89475254494978,27.78950508989956,40.931198733331904,99.98873333333358,26.243836680142795,0,0,0.22533333333333347,Normal
1806,30.1,2.0,13.894221735225855,27.78844347045171,40.920086370227885,99.9887305555558,26.24162625019661,0,0,0.22538888888888903,Normal
1807,30.116666666666667,2.0,13.893690902097283,27.787381804194567,40.90897400681515,99.98872777777802,26.239420501172663,0,0,0.22544444444444459,Normal
1808,30.133333333333333,2.0,13.893160045566452,27.786320091132904,40.897861643093705,99.98872500000024,26.237219423158415,0,0,0.22550000000000014,Normal
1809,30.15,2.0,13.892629165635766,27.78525833127153,40.88674927906355,99.98872222222246,26.235023006262313,0,0,0.2255555555555557,Normal
1810,30.166666666666668,2.0,13.892098262307618,27.784196524615236,40.87563691472469,99.98871944444468,26.23283124061376,0,0,0.22561111111111126,Normal
1811,30.183333333333334,2.0,13.891567335584416,27.78313467116883,40.86452455007711,99.9887166666669,26.23064411636305,0,0,0.22566666666666682,Normal
1812,30.2,2.0,13.891036385468563,27.782072770937127,40.85341218512082,99.98871388888912,26.22846162368134,0,0,0.22572222222222238,Normal
1813,30.216666666666665,2.0,13.890505411962469,27.781010823924937,40.84229981985582,99.98871111111134,26.226283752760605,0,0,0.22577777777777794,Normal
1814,30.233333333333334,2.0,13.88997441506854,27.77994883013708,40.8311874542821,99.98870833333356,26.224110493813583,0,0,0.2258333333333335,Normal
1815,30.25,2.0,13.889443394789195,27.77888678957839,40.820075088399676,99.98870555555578,26.221941837073743,0,0,0.22588888888888906,Normal
1816,30.266666666666666,2.0,13.888912351126852,27.777824702253703,40.80896272220854,99.988702777778,26.219777772795233,0,0,0.22594444444444461,Normal
1817,30.283333333333335,2.0,13.888381284083925,27.77676256816785,40.79785035570869,99.98870000000022,26.217618291252844,0,0,0.22600000000000017,Normal
1818,30.3,2.0,13.887850193662844,27.77570038732569,40.78673798890013,99.98869722222244,26.215463382741955,0,0,0.22605555555555573,Normal
1819,30.316666666666666,2.0,13.887319079866026,27.774638159732053,40.77562562178286,99.98869444444466,26.2133130375785,0,0,0.2261111111111113,Normal
1820,30.333333333333332,2.0,13.886787942695904,27.773575885391807,40.76451325435687,99.98869166666688,26.211167246098924,0,0,0.22616666666666685,Normal
1821,30.35,2.0,13.886256782154907,27.772513564309815,40.753400886622174,99.9886888888891,26.209025998660127,0,0,0.2262222222222224,Normal
1822,30.366666666666667,2.0,13.885725598245475,27.77145119649095,40.74228851857877,99.98868611111132,26.206889285639434,0,0,0.22627777777777797,Normal
1823,30.383333333333333,2.0,13.885194390970037,27.770388781940074,40.731176150226645,99.98868333333354,26.204757097434552,0,0,0.22633333333333353,Normal
1824,30.4,2.0,13.884663160331035,27.76932632066207,40.72006378156581,99.98868055555576,26.202629424463513,0,0,0.22638888888888908,Normal
1825,30.416666666666668,2.0,13.884131906330914,27.76826381266183,40.70895141259627,99.98867777777798,26.200506257164648,0,0,0.22644444444444464,Normal
1826,30.433333333333334,2.0,13.883600628972118,27.767201257944237,40.69783904331801,99.9886750000002,26.198387585996535,0,0,0.2265000000000002,Normal
1827,30.45,2.0,13.883069328257092,27.766138656514183,40.686726673731044,99.98867222222242,26.196273401437953,0,0,0.22655555555555576,Normal
1828,30.466666666666665,2.0,13.88253800418829,27.76507600837658,40.67561430383537,99.98866944444464,26.19416369398785,0,0,0.22661111111111132,Normal
1829,30.483333333333334,2.0,13.882006656768167,27.764013313536335,40.66450193363097,99.98866666666686,26.192058454165288,0,0,0.22666666666666688,Normal
1830,30.5,2.0,13.881475285999176,27.762950571998353,40.65338956311787,99.98866388888908,26.189957672509408,0,0,0.22672222222222244,Normal
1831,30.516666666666666,2.0,13.880943891883781,27.761887783767563,40.642277192296056,99.9886611111113,26.18786133957939,0,0,0.226777777777778,Normal
1832,30.533333333333335,2.0,13.88041247442444,27.76082494884888,40.63116482116553,99.98865833333352,26.185769445954396,0,0,0.22683333333333355,Normal
1833,30.55,2.0,13.87988103362362,27.75976206724724,40.62005244972629,99.98865555555574,26.18368198223355,0,0,0.2268888888888891,Normal
1834,30.566666666666666,2.0,13.879349569483791,27.758699138967582,40.60894007797834,99.98865277777796,26.18159893903588,0,0,0.22694444444444467,Normal
1835,30.583333333333332,2.0,13.87881808200742,27.75763616401484,40.597827705921674,99.98865000000018,26.179520307000274,0,0,0.22700000000000023,Normal
1836,30.6,2.0,13.878286571196986,27.75657314239397,40.5867153335563,99.9886472222224,26.17744607678545,0,0,0.2270555555555558,Normal
1837,30.616666666666667,2.0,13.877755037054959,27.755510074109917,40.575602960882215,99.98864444444462,26.175376239069905,0,0,0.22711111111111135,Normal
1838,30.633333333333333,2.0,13.877223479583822,27.754446959167645,40.564490587899414,99.98864166666684,26.173310784551873,0,0,0.2271666666666669,Normal
1839,30.65,2.0,13.876691898786062,27.753383797572123,40.5533782146079,99.98863888888906,26.171249703949293,0,0,0.22722222222222246,Normal
1840,30.666666666666668,2.0,13.876160294664153,27.752320589328306,40.54226584100768,99.98863611111128,26.169192987999754,0,0,0.22727777777777802,Normal
1841,30.683333333333334,2.0,13.875628667220592,27.751257334441185,40.53115346709875,99.9886333333335,26.16714062746046,0,0,0.22733333333333358,Normal
1842,30.7,2.0,13.875097016457866,27.750194032915733,40.5200410928811,99.98863055555572,26.16509261310819,0,0,0.22738888888888914,Normal
1843,30.716666666666665,2.0,13.874565342378471,27.749130684756942,40.50892871835474,99.98862777777794,26.163048935739255,0,0,0.2274444444444447,Normal
1844,30.733333333333334,2.0,13.874033644984902,27.748067289969804,40.497816343519666,99.98862500000016,26.161009586169452,0,0,0.22750000000000026,Normal
1845,30.75,2.0,13.873501924279658,27.747003848559316,40.486703968375885,99.98862222222238,26.158974555234035,0,0,0.22755555555555582,Normal
1846,30.766666666666666,2.0,13.87297018026524,27.74594036053048,40.47559159292339,99.9886194444446,26.156943833787658,0,0,0.22761111111111137,Normal
1847,30.783333333333335,2.0,13.872438412944154,27.74487682588831,40.46447921716218,99.98861666666681,26.154917412704343,0,0,0.22766666666666693,Normal
1848,30.8,2.0,13.871906622318912,27.743813244637824,40.45336684109226,99.98861388888903,26.152895282877438,0,0,0.2277222222222225,Normal
1849,30.816666666666666,2.0,13.871374808392021,27.742749616784042,40.44225446471363,99.98861111111125,26.15087743521958,0,0,0.22777777777777805,Normal
1850,30.833333333333332,2.0,13.870842971165992,27.741685942331983,40.431142088026284,99.98860833333347,26.148863860662644,0,0,0.2278333333333336,Normal
1851,30.85,2.0,13.870311110643344,27.74062222128669,40.420029711030224,99.9886055555557,26.146854550157713,0,0,0.22788888888888917,Normal
1852,30.866666666666667,2.0,13.869779226826598,27.739558453653196,40.408917333725455,99.98860277777791,26.144849494675025,0,0,0.22794444444444473,Normal
1853,30.883333333333333,2.0,13.869247319718271,27.738494639436542,40.397804956111976,99.98860000000013,26.142848685203948,0,0,0.22800000000000029,Normal
1854,30.9,2.0,13.868715389320892,27.737430778641784,40.38669257818978,99.98859722222235,26.140852112752928,0,0,0.22805555555555584,Normal
1855,30.916666666666668,2.0,13.868183435636988,27.736366871273976,40.375580199958875,99.98859444444457,26.13885976834945,0,0,0.2281111111111114,Normal
1856,30.933333333333334,2.0,13.867651458669089,27.735302917338178,40.364467821419254,99.98859166666679,26.136871643040006,0,0,0.22816666666666696,Normal
1857,30.95,2.0,13.86711945841973,27.73423891683946,40.35335544257092,99.98858888888901,26.13488772789004,0,0,0.22822222222222252,Normal
1858,30.966666666666665,2.0,13.866587434891443,27.733174869782886,40.34224306341388,99.98858611111123,26.13290801398392,0,0,0.22827777777777808,Normal
1859,30.983333333333334,2.0,13.866055388086771,27.732110776173542,40.331130683948125,99.98858333333345,26.130932492424893,0,0,0.22833333333333364,Normal
1860,31.0,2.0,13.865523318008254,27.731046636016508,40.32001830417366,99.98858055555567,26.12896115433505,0,0,0.2283888888888892,Normal
1861,31.016666666666666,2.0,13.86499122465844,27.72998244931688,40.308905924090475,99.98857777777789,26.126993990855283,0,0,0.22844444444444476,Normal
1862,31.033333333333335,2.0,13.86445910803987,27.72891821607974,40.29779354369858,99.98857500000011,26.125030993145238,0,0,0.22850000000000031,Normal
1863,31.05,2.0,13.8639269681551,27.7278539363102,40.28668116299797,99.98857222222233,26.123072152383283,0,0,0.22855555555555587,Normal
1864,31.066666666666666,2.0,13.863394805006681,27.726789610013363,40.27556878198865,99.98856944444455,26.12111745976647,0,0,0.22861111111111143,Normal
1865,31.083333333333332,2.0,13.862862618597173,27.725725237194347,40.264456400670625,99.98856666666677,26.119166906510493,0,0,0.228666666666667,Normal
1866,31.1,2.0,13.862330408929129,27.724660817858258,40.25334401904388,99.98856388888899,26.117220483849646,0,0,0.22872222222222255,Normal
1867,31.116666666666667,2.0,13.86179817600511,27.72359635201022,40.242231637108425,99.98856111111121,26.11527818303679,0,0,0.2287777777777781,Normal
1868,31.133333333333333,2.0,13.861265919827687,27.722531839655375,40.231119254864254,99.98855833333343,26.1133399953433,0,0,0.22883333333333367,Normal
1869,31.15,2.0,13.860733640399422,27.721467280798844,40.22000687231137,99.98855555555565,26.11140591205904,0,0,0.22888888888888922,Normal
1870,31.166666666666668,2.0,13.86020133772289,27.72040267544578,40.208894489449776,99.98855277777787,26.10947592449233,0,0,0.22894444444444478,Normal
1871,31.183333333333334,2.0,13.859669011800658,27.719338023601317,40.19778210627947,99.98855000000009,26.107550023969875,0,0,0.22900000000000034,Normal
1872,31.2,2.0,13.859136662635308,27.718273325270616,40.18666972280045,99.98854722222231,26.105628201836762,0,0,0.2290555555555559,Normal
1873,31.216666666666665,2.0,13.858604290229414,27.717208580458827,40.17555733901272,99.98854444444453,26.1037104494564,0,0,0.22911111111111146,Normal
1874,31.233333333333334,2.0,13.85807189458556,27.71614378917112,40.16444495491628,99.98854166666675,26.101796758210494,0,0,0.22916666666666702,Normal
1875,31.25,2.0,13.85753947570633,27.71507895141266,40.15333257051112,99.98853888888897,26.099887119498987,0,0,0.22922222222222258,Normal
1876,31.266666666666666,2.0,13.85700703359431,27.71401406718862,40.14222018579725,99.98853611111119,26.09798152474005,0,0,0.22927777777777814,Normal
1877,31.283333333333335,2.0,13.856474568252093,27.712949136504186,40.131107800774664,99.98853333333341,26.096079965370013,0,0,0.2293333333333337,Normal
1878,31.3,2.0,13.855942079682269,27.711884159364537,40.11999541544337,99.98853055555563,26.094182432843347,0,0,0.22938888888888925,Normal
1879,31.316666666666666,2.0,13.855409567887435,27.71081913577487,40.10888302980336,99.98852777777785,26.09228891863262,0,0,0.2294444444444448,Normal
1880,31.333333333333332,2.0,13.854877032870187,27.709754065740373,40.09777064385464,99.98852500000007,26.090399414228454,0,0,0.22950000000000037,Normal
1881,31.35,2.0,13.854344474633129,27.708688949266257,40.0866582575972,99.98852222222229,26.0885139111395,0,0,0.22955555555555593,Normal
1882,31.366666666666667,2.0,13.853811893178866,27.707623786357733,40.07554587103105,99.9885194444445,26.08663240089238,0,0,0.2296111111111115,Normal
1883,31.383333333333333,2.0,13.853279288510004,27.706558577020008,40.0644334841562,99.98851666666673,26.084754875031667,0,0,0.22966666666666705,Normal
1884,31.4,2.0,13.85274666062915,27.7054933212583,40.053321096972624,99.98851388888895,26.082881325119835,0,0,0.2297222222222226,Normal
1885,31.416666666666668,2.0,13.85221400953892,27.70442801907784,40.04220870948034,99.98851111111117,26.08101174273723,0,0,0.22977777777777816,Normal
1886,31.433333333333334,2.0,13.851681335241928,27.703362670483855,40.03109632167934,99.98850833333339,26.07914611948202,0,0,0.22983333333333372,Normal
1887,31.45,2.0,13.851148637740796,27.70229727548159,40.019983933569634,99.9885055555556,26.077284446970175,0,0,0.22988888888888928,Normal
1888,31.466666666666665,2.0,13.850615917038139,27.701231834076278,40.00887154515121,99.98850277777782,26.075426716835416,0,0,0.22994444444444484,Normal
1889,31.483333333333334,2.0,13.850083173136584,27.700166346273168,39.997759156424074,99.98850000000004,26.073572920729177,0,0,0.2300000000000004,Normal
1890,31.5,2.0,13.849550406038757,27.699100812077514,39.98664676738822,99.98849722222226,26.071723050320575,0,0,0.23005555555555596,Normal
1891,31.516666666666666,2.0,13.849017615747293,27.698035231494586,39.97553437804366,99.98849444444448,26.069877097296366,0,0,0.23011111111111152,Normal
1892,31.533333333333335,2.0,13.848484802264815,27.69696960452963,39.964421988390384,99.9884916666667,26.068035053360916,0,0,0.23016666666666707,Normal
1893,31.55,2.0,13.847951965593964,27.695903931187928,39.9533095984284,99.98848888888892,26.06619691023615,0,0,0.23022222222222263,Normal
1894,31.566666666666666,2.0,13.847419105737377,27.694838211474753,39.942197208157694,99.98848611111114,26.064362659661533,0,0,0.2302777777777782,Normal
1895,31.583333333333332,2.0,13.846886222697696,27.693772445395393,39.93108481757828,99.98848333333336,26.062532293394014,0,0,0.23033333333333375,Normal
1896,31.6,2.0,13.846353316477565,27.69270663295513,39.91997242669015,99.98848055555558,26.060705803208002,0,0,0.2303888888888893,Normal
1897,31.616666666666667,2.0,13.845820387079627,27.691640774159254,39.90886003549331,99.9884777777778,26.058883180895325,0,0,0.23044444444444487,Normal
1898,31.633333333333333,2.0,13.845287434506536,27.690574869013073,39.897747643987756,99.98847500000002,26.057064418265195,0,0,0.23050000000000043,Normal
1899,31.65,2.0,13.84475445876094,27.68950891752188,39.88663525217349,99.98847222222224,26.055249507144165,0,0,0.23055555555555599,Normal
1900,31.666666666666668,2.0,13.844221459845498,27.688442919690996,39.87552286005051,99.98846944444446,26.053438439376094,0,0,0.23061111111111154,Normal
1901,31.683333333333334,2.0,13.843688437762863,27.687376875525725,39.86441046761882,99.98846666666668,26.051631206822123,0,0,0.2306666666666671,Normal
1902,31.7,2.0,13.843155392515701,27.686310785031402,39.85329807487841,99.9884638888889,26.049827801360617,0,0,0.23072222222222266,Normal
1903,31.716666666666665,2.0,13.842622324106673,27.685244648213345,39.84218568182929,99.98846111111112,26.048028214887147,0,0,0.23077777777777822,Normal
1904,31.733333333333334,2.0,13.842089232538445,27.68417846507689,39.83107328847146,99.98845833333334,26.046232439314444,0,0,0.23083333333333378,Normal
1905,31.75,2.0,13.841556117813687,27.683112235627373,39.819960894804915,99.98845555555556,26.044440466572368,0,0,0.23088888888888934,Normal
1906,31.766666666666666,2.0,13.841022979935067,27.682045959870134,39.808848500829654,99.98845277777778,26.04265228860786,0,0,0.2309444444444449,Normal
1907,31.783333333333335,2.0,13.840489818905267,27.680979637810534,39.79773610654568,99.98845,26.040867897384928,0,0,0.23100000000000045,Normal
1908,31.8,2.0,13.839956634726958,27.679913269453916,39.78662371195299,99.98844722222222,26.039087284884584,0,0,0.231055555555556,Normal
1909,31.816666666666666,2.0,13.839423427402828,27.678846854805656,39.77551131705159,99.98844444444444,26.03731044310483,0,0,0.23111111111111157,Normal
1910,31.833333333333332,2.0,13.838890196935552,27.677780393871103,39.764398921841476,99.98844166666666,26.035537364060605,0,0,0.23116666666666713,Normal
1911,31.85,2.0,13.838356943327819,27.676713886655637,39.75328652632265,99.98843888888888,26.03376803978377,0,0,0.2312222222222227,Normal
1912,31.866666666666667,2.0,13.83782366658232,27.67564733316464,39.74217413049511,99.9884361111111,26.03200246232305,0,0,0.23127777777777825,Normal
1913,31.883333333333333,2.0,13.837290366701746,27.67458073340349,39.73106173435885,99.98843333333332,26.030240623744014,0,0,0.2313333333333338,Normal
1914,31.9,2.0,13.83675704368879,27.67351408737758,39.71994933791389,99.98843055555554,26.028482516129028,0,0,0.23138888888888937,Normal
1915,31.916666666666668,2.0,13.83622369754615,27.6724473950923,39.70883694116021,99.98842777777776,26.026728131577226,0,0,0.23144444444444492,Normal
1916,31.933333333333334,2.0,13.835690328276524,27.671380656553048,39.69772454409782,99.98842499999998,26.024977462204475,0,0,0.23150000000000048,Normal
1917,31.95,2.0,13.83515693588262,27.67031387176524,39.68661214672671,99.9884222222222,26.023230500143338,0,0,0.23155555555555604,Normal
1918,31.966666666666665,2.0,13.83462352036714,27.66924704073428,39.67549974904689,99.98841944444442,26.021487237543035,0,0,0.2316111111111116,Normal
1919,31.983333333333334,2.0,13.834090081732793,27.668180163465586,39.66438735105836,99.98841666666664,26.019747666569415,0,0,0.23166666666666716,Normal
1920,32.0,6.0,13.472447897188149,80.8346873831289,39.631050156166616,99.98840833333331,26.021400407475504,0,0,0.23183333333333384,Normal
1921,32.016666666666666,6.0,13.470847204671497,80.82508322802897,39.59771295849645,99.98839999999998,26.02304964877732,0,0,0.2320000000000005,Normal
1922,32.03333333333333,6.0,13.469246304256426,80.81547782553855,39.564375758047866,99.98839166666666,26.024695397885793,0,0,0.2321666666666672,Normal
1923,32.05,6.0,13.467645196016756,80.80587117610054,39.53103855482086,99.98838333333333,26.026337662196152,0,0,0.23233333333333386,Normal
1924,32.06666666666667,6.0,13.466043880026529,80.79626328015917,39.497701348815426,99.988375,26.027976449087973,0,0,0.23250000000000054,Normal
1925,32.083333333333336,6.0,13.464442356360015,80.78665413816009,39.46436414003157,99.98836666666668,26.0296117659252,0,0,0.23266666666666722,Normal
1926,32.1,6.0,13.462840625091715,80.77704375055029,39.431026928469294,99.98835833333335,26.03124362005618,0,0,0.2328333333333339,Normal
1927,32.11666666666667,6.0,13.461238686296358,80.76743211777816,39.39768971412859,99.98835000000003,26.03287201881371,0,0,0.23300000000000057,Normal
1928,32.13333333333333,6.0,13.459636540048896,80.75781924029337,39.36435249700946,99.9883416666667,26.034496969515043,0,0,0.23316666666666724,Normal
1929,32.15,6.0,13.458034186424513,80.74820511854708,39.33101527711191,99.98833333333337,26.03611847946195,0,0,0.23333333333333392,Normal
1930,32.166666666666664,6.0,13.456431625498615,80.73858975299169,39.29767805443593,99.98832500000005,26.037736555940736,0,0,0.2335000000000006,Normal
1931,32.18333333333333,6.0,13.454828857346845,80.72897314408107,39.264340828981524,99.98831666666672,26.039351206222275,0,0,0.23366666666666727,Normal
1932,32.2,6.0,13.453225882045064,80.7193552922704,39.23100360074869,99.98830833333339,26.04096243756204,0,0,0.23383333333333395,Normal
1933,32.21666666666667,6.0,13.451622699669365,80.70973619801619,39.19766636973743,99.98830000000007,26.042570257200143,0,0,0.23400000000000062,Normal
1934,32.233333333333334,6.0,13.45001931029606,80.70011586177637,39.164329135947746,99.98829166666674,26.04417467236137,0,0,0.2341666666666673,Normal
1935,32.25,6.0,13.4484157140017,80.6904942840102,39.13099189937963,99.98828333333341,26.04577569025519,0,0,0.23433333333333398,Normal
1936,32.266666666666666,6.0,13.446811910863055,80.68087146517833,39.097654660033086,99.98827500000009,26.047373318075827,0,0,0.23450000000000065,Normal
1937,32.28333333333333,6.0,13.445207900957124,80.67124740574275,39.064317417908114,99.98826666666676,26.048967563002254,0,0,0.23466666666666733,Normal
1938,32.3,6.0,13.443603684361133,80.66162210616679,39.030980173004714,99.98825833333343,26.050558432198248,0,0,0.234833333333334,Normal
1939,32.31666666666667,6.0,13.441999261152533,80.6519955669152,38.99764292532288,99.98825000000011,26.052145932812415,0,0,0.23500000000000068,Normal
1940,32.333333333333336,6.0,13.440394631409003,80.64236778845401,38.964305674862615,99.98824166666678,26.053730071978226,0,0,0.23516666666666736,Normal
1941,32.35,6.0,13.43878979520845,80.6327387712507,38.93096842162392,99.98823333333345,26.055310856814035,0,0,0.23533333333333403,Normal
1942,32.36666666666667,6.0,13.437184752629003,80.62310851577402,38.897631165606796,99.98822500000013,26.056888294423135,0,0,0.2355000000000007,Normal
1943,32.38333333333333,6.0,13.435579503749018,80.61347702249411,38.86429390681124,99.9882166666668,26.05846239189377,0,0,0.23566666666666738,Normal
1944,32.4,6.0,13.433974048647084,80.6038442918825,38.83095664523725,99.98820833333347,26.06003315629917,0,0,0.23583333333333406,Normal
1945,32.416666666666664,6.0,13.432368387402006,80.59421032441203,38.79761938088483,99.98820000000015,26.061600594697595,0,0,0.23600000000000074,Normal
1946,32.43333333333333,6.0,13.43076252009282,80.58457512055692,38.76428211375398,99.98819166666682,26.063164714132352,0,0,0.2361666666666674,Normal
1947,32.45,6.0,13.42915644679879,80.57493868079274,38.73094484384469,99.9881833333335,26.064725521631836,0,0,0.2363333333333341,Normal
1948,32.46666666666667,6.0,13.427550167599406,80.56530100559644,38.697607571156965,99.98817500000017,26.066283024209557,0,0,0.23650000000000077,Normal
1949,32.483333333333334,6.0,13.425943682574378,80.55566209544627,38.664270295690805,99.98816666666684,26.06783722886417,0,0,0.23666666666666744,Normal
1950,32.5,6.0,13.424336991803647,80.54602195082188,38.63093301744621,99.98815833333352,26.069388142579516,0,0,0.23683333333333412,Normal
1951,32.516666666666666,6.0,13.422730095367374,80.53638057220425,38.59759573642318,99.98815000000019,26.070935772324642,0,0,0.2370000000000008,Normal
1952,32.53333333333333,6.0,13.421122993345952,80.5267379600757,38.564258452621715,99.98814166666686,26.072480125053836,0,0,0.23716666666666747,Normal
1953,32.55,6.0,13.419515685819995,80.51709411491997,38.530921166041814,99.98813333333354,26.074021207706664,0,0,0.23733333333333415,Normal
1954,32.56666666666667,6.0,13.417908172870346,80.50744903722207,38.49758387668348,99.98812500000021,26.07555902720799,0,0,0.23750000000000082,Normal
1955,32.583333333333336,6.0,13.41630045457807,80.49780272746843,38.46424658454671,99.98811666666688,26.07709359046802,0,0,0.2376666666666675,Normal
1956,32.6,6.0,13.414692531024457,80.48815518614674,38.430909289631494,99.98810833333356,26.078624904382323,0,0,0.23783333333333417,Normal
1957,32.61666666666667,6.0,13.413084402291027,80.47850641374616,38.397571991937845,99.98810000000023,26.080152975831865,0,0,0.23800000000000085,Normal
1958,32.63333333333333,6.0,13.411476068459518,80.4688564107571,38.364234691465754,99.9880916666669,26.081677811683043,0,0,0.23816666666666753,Normal
1959,32.65,6.0,13.409867529611892,80.45920517767135,38.33089738821523,99.98808333333358,26.083199418787714,0,0,0.2383333333333342,Normal
1960,32.666666666666664,6.0,13.408258785830348,80.44955271498209,38.29756008218626,99.98807500000025,26.084717803983224,0,0,0.23850000000000088,Normal
1961,32.68333333333333,6.0,13.406649837197296,80.43989902318378,38.26422277337885,99.98806666666692,26.086232974092436,0,0,0.23866666666666755,Normal
1962,32.7,6.0,13.40504068379538,80.43024410277229,38.230885461793,99.9880583333336,26.08774493592377,0,0,0.23883333333333423,Normal
1963,32.71666666666667,6.0,13.40343132570746,80.42058795424477,38.19754814742871,99.98805000000027,26.089253696271225,0,0,0.2390000000000009,Normal
1964,32.733333333333334,6.0,13.40182176301663,80.41093057809978,38.16421083028598,99.98804166666694,26.090759261914414,0,0,0.23916666666666758,Normal
1965,32.75,6.0,13.400211995806199,80.40127197483719,38.13087351036481,99.98803333333362,26.092261639618595,0,0,0.23933333333333426,Normal
1966,32.766666666666666,6.0,13.398602024159707,80.39161214495824,38.09753618766519,99.98802500000029,26.093760836134695,0,0,0.23950000000000093,Normal
1967,32.78333333333333,6.0,13.396991848160916,80.3819510889655,38.06419886218713,99.98801666666697,26.095256858199352,0,0,0.2396666666666676,Normal
1968,32.8,6.0,13.39538146789381,80.37228880736285,38.03086153393063,99.98800833333364,26.09674971253493,0,0,0.2398333333333343,Normal
1969,32.81666666666667,6.0,13.393770883442597,80.36262530065558,37.99752420289569,99.98800000000031,26.09823940584956,0,0,0.24000000000000096,Normal
1970,32.833333333333336,6.0,13.392160094891716,80.3529605693503,37.9641868690823,99.98799166666699,26.099725944837175,0,0,0.24016666666666764,Normal
1971,32.85,6.0,13.390549102325819,80.34329461395491,37.93084953249046,99.98798333333366,26.10120933617752,0,0,0.24033333333333431,Normal
1972,32.86666666666667,6.0,13.38893790582979,80.33362743497874,37.89751219312018,99.98797500000033,26.1026895865362,0,0,0.240500000000001,Normal
1973,32.88333333333333,6.0,13.387326505488732,80.3239590329324,37.86417485097145,99.987966666667,26.10416670256471,0,0,0.24066666666666767,Normal
1974,32.9,6.0,13.385714901387976,80.31428940832785,37.830837506044276,99.98795833333368,26.105640690900458,0,0,0.24083333333333434,Normal
1975,32.916666666666664,6.0,13.38410309361307,80.30461856167842,37.79750015833866,99.98795000000035,26.107111558166785,0,0,0.24100000000000102,Normal
1976,32.93333333333333,6.0,13.382491082249791,80.29494649349874,37.76416280785459,99.98794166666703,26.10857931097302,0,0,0.2411666666666677,Normal
1977,32.95,6.0,13.380878867384135,80.28527320430481,37.73082545459207,99.9879333333337,26.110043955914488,0,0,0.24133333333333437,Normal
1978,32.96666666666667,6.0,13.379266449102323,80.27559869461393,37.69748809855111,99.98792500000037,26.11150549957255,0,0,0.24150000000000105,Normal
1979,32.983333333333334,6.0,13.377653827490802,80.2659229649448,37.6641507397317,99.98791666666705,26.112963948514633,0,0,0.24166666666666772,Normal
1980,33.0,6.0,13.376041002636237,80.25624601581742,37.630813378133844,99.98790833333372,26.11441930929425,0,0,0.2418333333333344,Normal
1981,33.016666666666666,6.0,13.374427974625517,80.2465678477531,37.597476013757536,99.9879000000004,26.115871588451036,0,0,0.24200000000000108,Normal
1982,33.03333333333333,6.0,13.372814743545756,80.23688846127453,37.56413864660278,99.98789166666707,26.117320792510785,0,0,0.24216666666666775,Normal
1983,33.05,6.0,13.37120130948429,80.22720785690574,37.53080127666957,99.98788333333374,26.11876692798547,0,0,0.24233333333333443,Normal
1984,33.06666666666667,6.0,13.369587672528677,80.21752603517206,37.497463903957915,99.98787500000041,26.120210001373263,0,0,0.2425000000000011,Normal
1985,33.083333333333336,6.0,13.367973832766694,80.20784299660016,37.4641265284678,99.98786666666709,26.12165001915859,0,0,0.24266666666666778,Normal
1986,33.1,6.0,13.366359790286346,80.19815874171807,37.43078915019924,99.98785833333376,26.123086987812137,0,0,0.24283333333333446,Normal
1987,33.11666666666667,6.0,13.364745545175857,80.18847327105514,37.39745176915223,99.98785000000044,26.12452091379089,0,0,0.24300000000000113,Normal
1988,33.13333333333333,6.0,13.363131097523674,80.17878658514203,37.36411438532676,99.98784166666711,26.125951803538154,0,0,0.2431666666666678,Normal
1989,33.15,6.0,13.361516447418468,80.16909868451081,37.33077699872284,99.98783333333378,26.1273796634836,0,0,0.24333333333333448,Normal
1990,33.166666666666664,6.0,13.359901594949127,80.15940956969476,37.297439609340465,99.98782500000046,26.128804500043284,0,0,0.24350000000000116,Normal
1991,33.18333333333333,6.0,13.358286540204766,80.1497192412286,37.264102217179634,99.98781666666713,26.130226319619663,0,0,0.24366666666666784,Normal
1992,33.2,6.0,13.356671283274718,80.1400276996483,37.23076482224035,99.9878083333338,26.131645128601644,0,0,0.2438333333333345,Normal
1993,33.21666666666667,6.0,13.355055824248543,80.13033494549126,37.197427424522616,99.98780000000048,26.133060933364604,0,0,0.2440000000000012,Normal
1994,33.233333333333334,6.0,13.353440163216014,80.12064097929608,37.16409002402642,99.98779166666715,26.13447374027042,0,0,0.24416666666666786,Normal
1995,33.25,6.0,13.351824300267134,80.11094580160281,37.13075262075177,99.98778333333382,26.135883555667494,0,0,0.24433333333333454,Normal
1996,33.266666666666666,6.0,13.35020823549212,80.10124941295273,37.097415214698664,99.9877750000005,26.137290385890786,0,0,0.24450000000000122,Normal
1997,33.28333333333333,6.0,13.348591968981419,80.09155181388851,37.0640778058671,99.98776666666717,26.13869423726184,0,0,0.2446666666666679,Normal
1998,33.3,6.0,13.34697550082569,80.08185300495414,37.03074039425708,99.98775833333384,26.140095116088816,0,0,0.24483333333333457,Normal
1999,33.31666666666667,6.0,13.34535883111582,80.07215298669493,36.9974029798686,99.98775000000052,26.14149302866651,0,0,0.24500000000000124,Normal
2000,33.333333333333336,6.0,13.343741959942914,80.06245175965748,36.96406556270167,99.98774166666719,26.14288798127639,0,0,0.24516666666666792,Normal
2001,33.35,6.0,13.342124887398299,80.0527493243898,36.93072814275627,99.98773333333386,26.14427998018663,0,0,0.2453333333333346,Normal
2002,33.36666666666667,6.0,13.340507613573516,80.0430456814411,36.89739072003242,99.98772500000054,26.14566903165212,0,0,0.24550000000000127,Normal
2003,33.38333333333333,6.0,13.33889013856034,80.03334083136204,36.86405329453011,99.98771666666721,26.147055141914503,0,0,0.24566666666666795,Normal
2004,33.4,6.0,13.337272462450754,80.02363477470452,36.830715866249335,99.98770833333388,26.148438317202213,0,0,0.24583333333333462,Normal
2005,33.416666666666664,6.0,13.335654585336972,80.01392751202184,36.7973784351901,99.98770000000056,26.14981856373049,0,0,0.2460000000000013,Normal
2006,33.43333333333333,6.0,13.334036507311417,80.0042190438685,36.7640410013524,99.98769166666723,26.151195887701416,0,0,0.24616666666666798,Normal
2007,33.45,6.0,13.332418228466741,79.99450937080044,36.730703564736245,99.9876833333339,26.15257029530393,0,0,0.24633333333333465,Normal
2008,33.46666666666667,6.0,13.330799748895815,79.9847984933749,36.697366125341624,99.98767500000058,26.153941792713876,0,0,0.24650000000000133,Normal
2009,33.483333333333334,6.0,13.32918106869173,79.97508641215038,36.664028683168546,99.98766666666725,26.155310386094012,0,0,0.246666666666668,Normal
2010,33.5,6.0,13.327562187947791,79.96537312768675,36.630691238217004,99.98765833333393,26.15667608159405,0,0,0.24683333333333468,Normal
2011,33.516666666666666,6.0,13.32594310675753,79.95565864054518,36.597353790487,99.9876500000006,26.158038885350674,0,0,0.24700000000000136,Normal
2012,33.53333333333333,6.0,13.324323825214694,79.94594295128817,36.56401633997853,99.98764166666727,26.15939880348758,0,0,0.24716666666666803,Normal
2013,33.55,6.0,13.322704343413255,79.93622606047953,36.5306788866916,99.98763333333395,26.16075584211549,0,0,0.2473333333333347,Normal
2014,33.56666666666667,6.0,13.321084661447399,79.92650796868439,36.4973414306262,99.98762500000062,26.162110007332185,0,0,0.24750000000000139,Normal
2015,33.583333333333336,6.0,13.319464779411534,79.91678867646921,36.46400397178233,99.9876166666673,26.16346130522254,0,0,0.24766666666666806,Normal
2016,33.6,6.0,13.317844697400288,79.90706818440172,36.43066651016,99.98760833333397,26.16480974185854,0,0,0.24783333333333474,Normal
2017,33.61666666666667,6.0,13.31622441550851,79.89734649305106,36.39732904575921,99.98760000000064,26.16615532329931,0,0,0.2480000000000014,Normal
2018,33.63333333333333,6.0,13.314603933831261,79.88762360298756,36.36399157857994,99.98759166666731,26.167498055591146,0,0,0.2481666666666681,Normal
2019,33.65,6.0,13.31298325246383,79.87789951478298,36.33065410862221,99.98758333333399,26.168837944767542,0,0,0.24833333333333477,Normal
2020,33.666666666666664,6.0,13.311362371501717,79.86817422901031,36.29731663588601,99.98757500000066,26.170174996849212,0,0,0.24850000000000144,Normal
2021,33.68333333333333,6.0,13.309741291040645,79.85844774624387,36.26397916037135,99.98756666666733,26.171509217844118,0,0,0.24866666666666812,Normal
2022,33.7,6.0,13.308120011176557,79.84872006705935,36.230641682078215,99.98755833333401,26.172840613747507,0,0,0.2488333333333348,Normal
2023,33.71666666666667,6.0,13.306498532005612,79.83899119203367,36.19730420100661,99.98755000000068,26.174169190541924,0,0,0.24900000000000147,Normal
2024,33.733333333333334,6.0,13.304876853624187,79.82926112174512,36.16396671715653,99.98754166666735,26.175494954197248,0,0,0.24916666666666815,Normal
2025,33.75,6.0,13.303254976128882,79.81952985677329,36.130629230527994,99.98753333333403,26.176817910670714,0,0,0.24933333333333482,Normal
2026,33.766666666666666,6.0,13.301632899616507,79.80979739769904,36.09729174112098,99.9875250000007,26.17813806590694,0,0,0.2495000000000015,Normal
2027,33.78333333333333,6.0,13.3000106241841,79.80006374510461,36.0639542489355,99.98751666666737,26.17945542583796,0,0,0.24966666666666817,Normal
2028,33.8,6.0,13.298388149928913,79.79032889957348,36.03061675397155,99.98750833333405,26.180769996383244,0,0,0.24983333333333485,Normal
2029,33.81666666666667,6.0,13.29676547694841,79.78059286169047,35.99727925622913,99.98750000000072,26.18208178344973,0,0,0.2500000000000015,Normal
2030,33.833333333333336,6.0,13.295142605340281,79.77085563204169,35.96394175570823,99.9874916666674,26.183390792931835,0,0,0.25016666666666815,Normal
2031,33.85,6.0,13.293519535202432,79.76111721121458,35.930604252408855,99.98748333333407,26.184697030711508,0,0,0.2503333333333348,Normal
2032,33.86666666666667,6.0,13.291896266632985,79.7513775997979,35.89726674633101,99.98747500000074,26.186000502658235,0,0,0.25050000000000144,Normal
2033,33.88333333333333,6.0,13.290272799730278,79.74163679838168,35.86392923747469,99.98746666666742,26.187301214629077,0,0,0.2506666666666681,Normal
2034,33.9,6.0,13.288649134592871,79.73189480755723,35.8305917258399,99.98745833333409,26.188599172468685,0,0,0.25083333333333474,Normal
2035,33.916666666666664,6.0,13.28702527131954,79.72215162791724,35.79725421142663,99.98745000000076,26.18989438200934,0,0,0.2510000000000014,Normal
2036,33.93333333333333,6.0,13.285401210009278,79.71240726005567,35.763916694234894,99.98744166666744,26.191186849070967,0,0,0.25116666666666804,Normal
2037,33.95,6.0,13.28377695076129,79.70266170456773,35.730579174264676,99.98743333333411,26.192476579461168,0,0,0.2513333333333347,Normal
2038,33.96666666666667,6.0,13.282152493675003,79.69291496205003,35.69724165151599,99.98742500000078,26.19376357897525,0,0,0.25150000000000133,Normal
2039,33.983333333333334,6.0,13.280527838850064,79.68316703310039,35.66390412598882,99.98741666666746,26.195047853396243,0,0,0.251666666666668,Normal
2040,34.0,9.0,13.008056477371971,117.07250829634773,35.61389783353035,99.98740416666746,26.201094714690523,0,0,0.25191666666666795,Normal
2041,34.016666666666666,9.0,13.005618646544601,117.05056781890141,35.563891534820314,99.98739166666746,26.207128771938827,0,0,0.2521666666666679,Normal
2042,34.03333333333333,9.0,13.003180371706991,117.02862334536292,35.513885229858694,99.98737916666747,26.213150052255603,0,0,0.2524166666666679,Normal
2043,34.05,9.0,13.00074165319928,117.00667487879352,35.4638789186455,99.98736666666747,26.219158582697887,0,0,0.25266666666666787,Normal
2044,34.06666666666667,9.0,12.998302491362693,116.98472242226424,35.41387260118073,99.98735416666747,26.22515439026541,0,0,0.25291666666666784,Normal
2045,34.083333333333336,9.0,12.995862886539552,116.96276597885597,35.363866277464375,99.98734166666748,26.23113750190073,0,0,0.2531666666666678,Normal
2046,34.1,9.0,12.993422839073268,116.94080555165942,35.31385994749644,99.98732916666748,26.237107944489352,0,0,0.2534166666666678,Normal
2047,34.11666666666667,9.0,12.990982349308352,116.91884114377517,35.26385361127692,99.98731666666748,26.243065744859845,0,0,0.25366666666666776,Normal
2048,34.13333333333333,9.0,12.988541417590401,116.8968727583136,35.21384726880582,99.98730416666749,26.249010929783964,0,0,0.25391666666666773,Normal
2049,34.15,9.0,12.986100044266099,116.87490039839489,35.16384092008313,99.98729166666749,26.254943525976774,0,0,0.2541666666666677,Normal
2050,34.166666666666664,9.0,12.983658229683224,116.85292406714902,35.11383456510885,99.98727916666749,26.260863560096766,0,0,0.2544166666666677,Normal
2051,34.18333333333333,9.0,12.981215974190643,116.8309437677158,35.063828203882984,99.9872666666675,26.266771058745974,0,0,0.25466666666666765,Normal
2052,34.2,9.0,12.978773278138311,116.8089595032448,35.013821836405526,99.9872541666675,26.2726660484701,0,0,0.2549166666666676,Normal
2053,34.21666666666667,9.0,12.976330141877266,116.7869712768954,34.96381546267647,99.9872416666675,26.278548555758633,0,0,0.2551666666666676,Normal
2054,34.233333333333334,9.0,12.973886565759633,116.7649790918367,34.91380908269583,99.9872291666675,26.284418607044966,0,0,0.25541666666666757,Normal
2055,34.25,9.0,12.971442550138622,116.7429829512476,34.86380269646359,99.9872166666675,26.290276228706517,0,0,0.25566666666666754,Normal
2056,34.266666666666666,9.0,12.968998095368534,116.7209828583168,34.81379630397975,99.98720416666751,26.296121447064845,0,0,0.2559166666666675,Normal
2057,34.28333333333333,9.0,12.966553201804745,116.6989788162427,34.76378990524431,99.98719166666751,26.301954288385765,0,0,0.2561666666666675,Normal
2058,34.3,9.0,12.964107869803714,116.67697082823342,34.71378350025727,99.98717916666752,26.307774778879477,0,0,0.25641666666666746,Normal
2059,34.31666666666667,9.0,12.961662099722984,116.65495889750686,34.66377708901863,99.98716666666752,26.313582944700673,0,0,0.25666666666666743,Normal
2060,34.333333333333336,9.0,12.959215891921179,116.63294302729061,34.613770671528385,99.98715416666752,26.31937881194866,0,0,0.2569166666666674,Normal
2061,34.35,9.0,12.956769246758004,116.61092322082203,34.56376424778654,99.98714166666753,26.325162406667474,0,0,0.2571666666666674,Normal
2062,34.36666666666667,9.0,12.954322164594242,116.58889948134818,34.51375781779308,99.98712916666753,26.330933754846,0,0,0.25741666666666735,Normal
2063,34.38333333333333,9.0,12.95187464579175,116.56687181212575,34.463751381548015,99.98711666666753,26.33669288241809,0,0,0.2576666666666673,Normal
2064,34.4,9.0,12.94942669071347,116.54484021642122,34.41374493905134,99.98710416666754,26.342439815262676,0,0,0.2579166666666673,Normal
2065,34.416666666666664,9.0,12.946978299723412,116.52280469751071,34.36373849030306,99.98709166666754,26.348174579203885,0,0,0.25816666666666727,Normal
2066,34.43333333333333,9.0,12.944529473186662,116.50076525867996,34.313732035303154,99.98707916666754,26.353897200011158,0,0,0.25841666666666724,Normal
2067,34.45,9.0,12.942080211469388,116.4787219032245,34.26372557405164,99.98706666666754,26.35960770339937,0,0,0.2586666666666672,Normal
2068,34.46666666666667,9.0,12.93963051493883,116.45667463444947,34.21371910654851,99.98705416666755,26.365306115028936,0,0,0.2589166666666672,Normal
2069,34.483333333333334,9.0,12.937180383963293,116.43462345566964,34.16371263279376,99.98704166666755,26.370992460505935,0,0,0.25916666666666716,Normal
2070,34.5,9.0,12.934729818912157,116.41256837020941,34.113706152787394,99.98702916666755,26.376666765382215,0,0,0.25941666666666713,Normal
2071,34.516666666666666,9.0,12.93227882015588,116.39050938140292,34.06369966652941,99.98701666666756,26.382329055155523,0,0,0.2596666666666671,Normal
2072,34.53333333333333,9.0,12.929827388065979,116.3684464925938,34.0136931740198,99.98700416666756,26.387979355269607,0,0,0.2599166666666671,Normal
2073,34.55,9.0,12.92737552301505,116.34637970713544,33.963686675258565,99.98699166666756,26.39361769111433,0,0,0.26016666666666705,Normal
2074,34.56666666666667,9.0,12.924923225376748,116.32430902839073,33.913680170245705,99.98697916666757,26.399244088025792,0,0,0.260416666666667,Normal
2075,34.583333333333336,9.0,12.922470495525802,116.30223445973222,33.86367365898122,99.98696666666757,26.404858571286443,0,0,0.260666666666667,Normal
2076,34.6,9.0,12.920017333838006,116.28015600454205,33.8136671414651,99.98695416666757,26.410461166125188,0,0,0.26091666666666696,Normal
2077,34.61666666666667,9.0,12.917563740690214,116.25807366621193,33.763660617697354,99.98694166666758,26.416051897717512,0,0,0.26116666666666694,Normal
2078,34.63333333333333,9.0,12.915109716460352,116.23598744814316,33.71365408767797,99.98692916666758,26.42163079118558,0,0,0.2614166666666669,Normal
2079,34.65,9.0,12.912655261527405,116.21389735374665,33.66364755140696,99.98691666666758,26.427197871598366,0,0,0.2616666666666669,Normal
2080,34.666666666666664,9.0,12.91020037627142,116.19180338644279,33.613641008884315,99.98690416666759,26.432753163971746,0,0,0.26191666666666685,Normal
2081,34.68333333333333,9.0,12.907745061073511,116.1697055496616,33.56363446011003,99.98689166666759,26.43829669326863,0,0,0.2621666666666668,Normal
2082,34.7,9.0,12.905289316315843,116.14760384684259,33.51362790508411,99.98687916666759,26.44382848439906,0,0,0.2624166666666668,Normal
2083,34.71666666666667,9.0,12.902833142381649,116.12549828143484,33.463621343806544,99.9868666666676,26.449348562220333,0,0,0.26266666666666677,Normal
2084,34.733333333333334,9.0,12.900376539655221,116.103388856897,33.41361477627734,99.9868541666676,26.454856951537103,0,0,0.26291666666666674,Normal
2085,34.75,9.0,12.897919508521902,116.08127557669712,33.3636082024965,99.9868416666676,26.460353677101494,0,0,0.2631666666666667,Normal
2086,34.766666666666666,9.0,12.895462049368097,116.05915844431287,33.31360162246401,99.9868291666676,26.46583876361322,0,0,0.2634166666666667,Normal
2087,34.78333333333333,9.0,12.893004162581267,116.0370374632314,33.26359503617988,99.98681666666761,26.471312235719687,0,0,0.26366666666666666,Normal
2088,34.8,9.0,12.890545848549927,116.01491263694933,33.2135884436441,99.98680416666761,26.476774118016102,0,0,0.26391666666666663,Normal
2089,34.81666666666667,9.0,12.888087107663644,115.99278396897279,33.163581844856665,99.98679166666761,26.482224435045598,0,0,0.2641666666666666,Normal
2090,34.833333333333336,9.0,12.885627940313038,115.97065146281734,33.113575239817585,99.98677916666762,26.487663211299324,0,0,0.2644166666666666,Normal
2091,34.85,9.0,12.883168346889786,115.94851512200808,33.06356862852685,99.98676666666762,26.493090471216572,0,0,0.26466666666666655,Normal
2092,34.86666666666667,9.0,12.880708327786612,115.9263749500795,33.013562010984465,99.98675416666762,26.498506239184877,0,0,0.2649166666666665,Normal
2093,34.88333333333333,9.0,12.878247883397291,115.90423095057562,32.963555387190425,99.98674166666763,26.503910539540133,0,0,0.2651666666666665,Normal
2094,34.9,9.0,12.875787014116646,115.88208312704981,32.913548757144724,99.98672916666763,26.509303396566693,0,0,0.26541666666666647,Normal
2095,34.916666666666664,9.0,12.873325720340551,115.85993148306495,32.86354212084736,99.98671666666763,26.514684834497494,0,0,0.26566666666666644,Normal
2096,34.93333333333333,9.0,12.870864002465927,115.83777602219334,32.81353547829835,99.98670416666764,26.520054877514145,0,0,0.2659166666666664,Normal
2097,34.95,9.0,12.868401860890735,115.81561674801662,32.763528829497666,99.98669166666764,26.525413549747057,0,0,0.2661666666666664,Normal
2098,34.96666666666667,9.0,12.86593929601399,115.7934536641259,32.71352217444532,99.98667916666764,26.530760875275533,0,0,0.26641666666666636,Normal
2099,34.983333333333334,9.0,12.863476308235745,115.7712867741217,32.66351551314131,99.98666666666765,26.53609687812789,0,0,0.26666666666666633,Normal
2100,35.0,9.0,12.861012897957103,115.74911608161392,32.61350884558564,99.98665416666765,26.541421582281558,0,0,0.2669166666666663,Normal
2101,35.016666666666666,9.0,12.858549065580199,115.7269415902218,32.5635021717783,99.98664166666765,26.5467350116632,0,0,0.2671666666666663,Normal
2102,35.03333333333333,9.0,12.85608481150822,115.70476330357398,32.51349549171929,99.98662916666765,26.552037190148795,0,0,0.26741666666666625,Normal
2103,35.05,9.0,12.853620136145386,115.68258122530847,32.46348880540861,99.98661666666766,26.557328141563772,0,0,0.2676666666666662,Normal
2104,35.06666666666667,9.0,12.851155039896957,115.66039535907261,32.41348211284625,99.98660416666766,26.562607889683107,0,0,0.2679166666666662,Normal
2105,35.083333333333336,9.0,12.848689523169242,115.63820570852317,32.36347541403222,99.98659166666766,26.567876458231424,0,0,0.26816666666666616,Normal
2106,35.1,9.0,12.846223586369566,115.61601227732609,32.31346870896652,99.98657916666767,26.57313387088311,0,0,0.26841666666666614,Normal
2107,35.11666666666667,9.0,12.843757229906313,115.59381506915682,32.26346199764914,99.98656666666767,26.57838015126242,0,0,0.2686666666666661,Normal
2108,35.13333333333333,9.0,12.841290454188886,115.57161408769997,32.213455280080076,99.98655416666767,26.58361532294357,0,0,0.2689166666666661,Normal
2109,35.15,9.0,12.838823259627734,115.5494093366496,32.16344855625934,99.98654166666768,26.588839409450866,0,0,0.26916666666666605,Normal
2110,35.166666666666664,9.0,12.836355646634328,115.52720081970895,32.11344182618692,99.98652916666768,26.594052434258792,0,0,0.269416666666666,Normal
2111,35.18333333333333,9.0,12.833887615621178,115.5049885405906,32.063435089862814,99.98651666666768,26.599254420792125,0,0,0.269666666666666,Normal
2112,35.2,9.0,12.831419167001828,115.48277250301645,32.013428347287025,99.98650416666769,26.604445392426037,0,0,0.26991666666666597,Normal
2113,35.21666666666667,9.0,12.828950301190847,115.46055271071762,31.963421598459547,99.98649166666769,26.609625372486192,0,0,0.27016666666666594,Normal
2114,35.233333333333334,9.0,12.826481018603832,115.43832916743449,31.913414843380384,99.98647916666769,26.614794384248867,0,0,0.2704166666666659,Normal
2115,35.25,9.0,12.824011319657412,115.41610187691671,31.863408082049528,99.9864666666677,26.619952450941046,0,0,0.2706666666666659,Normal
2116,35.266666666666666,9.0,12.821541204769241,115.39387084292318,31.813401314466983,99.9864541666677,26.625099595740522,0,0,0.27091666666666586,Normal
2117,35.28333333333333,9.0,12.819070674358004,115.37163606922203,31.763394540632746,99.9864416666677,26.630235841776013,0,0,0.27116666666666583,Normal
2118,35.3,9.0,12.816599728843405,115.34939755959064,31.713387760546812,99.9864291666677,26.63536121212725,0,0,0.2714166666666658,Normal
2119,35.31666666666667,9.0,12.814128368646172,115.32715531781554,31.663380974209183,99.98641666666771,26.6404757298251,0,0,0.2716666666666658,Normal
2120,35.333333333333336,9.0,12.811656594188063,115.30490934769257,31.613374181619857,99.98640416666771,26.645579417851646,0,0,0.27191666666666575,Normal
2121,35.35,9.0,12.809184405891848,115.28265965302663,31.563367382778832,99.98639166666771,26.650672299140314,0,0,0.2721666666666657,Normal
2122,35.36666666666667,9.0,12.806711804181326,115.26040623763194,31.513360577686107,99.98637916666772,26.655754396575958,0,0,0.2724166666666657,Normal
2123,35.38333333333333,9.0,12.804238789481314,115.23814910533183,31.46335376634168,99.98636666666772,26.660825732994972,0,0,0.27266666666666567,Normal
2124,35.4,9.0,12.801765362217646,115.21588825995882,31.41334694874555,99.98635416666772,26.665886331185394,0,0,0.27291666666666564,Normal
2125,35.416666666666664,9.0,12.799291522817173,115.19362370535455,31.36334012489771,99.98634166666773,26.670936213887,0,0,0.2731666666666656,Normal
2126,35.43333333333333,9.0,12.796817271707766,115.1713554453699,31.313333294798166,99.98632916666773,26.675975403791416,0,0,0.2734166666666656,Normal
2127,35.45,9.0,12.79434260931831,115.14908348386479,31.263326458446915,99.98631666666773,26.68100392354221,0,0,0.27366666666666556,Normal
2128,35.46666666666667,9.0,12.791867536078705,115.12680782470835,31.213319615843954,99.98630416666774,26.686021795735,0,0,0.27391666666666553,Normal
2129,35.483333333333334,9.0,12.789392052419865,115.10452847177879,31.16331276698928,99.98629166666774,26.691029042917563,0,0,0.2741666666666655,Normal
2130,35.5,9.0,12.786916158773714,115.08224542896343,31.113305911882893,99.98627916666774,26.696025687589913,0,0,0.2744166666666655,Normal
2131,35.516666666666666,9.0,12.784439855573192,115.05995870015873,31.06329905052479,99.98626666666775,26.70101175220443,0,0,0.27466666666666545,Normal
2132,35.53333333333333,9.0,12.781963143252243,115.03766828927019,31.013292182914974,99.98625416666775,26.705987259165937,0,0,0.2749166666666654,Normal
2133,35.55,9.0,12.779486022245827,115.01537420021245,30.96328530905344,99.98624166666775,26.710952230831822,0,0,0.2751666666666654,Normal
2134,35.56666666666667,9.0,12.777008492989905,114.99307643690915,30.913278428940185,99.98622916666775,26.71590668951212,0,0,0.27541666666666537,Normal
2135,35.583333333333336,9.0,12.774530555921459,114.97077500329313,30.86327154257521,99.98621666666776,26.720850657469626,0,0,0.27566666666666534,Normal
2136,35.6,9.0,12.772052211478455,114.94846990330609,30.813264649958512,99.98620416666776,26.725784156919985,0,0,0.2759166666666653,Normal
2137,35.61666666666667,9.0,12.769573460099885,114.92616114089896,30.76325775109009,99.98619166666776,26.730707210031802,0,0,0.2761666666666653,Normal
2138,35.63333333333333,9.0,12.767094302225733,114.90384872003159,30.71325084596994,99.98617916666777,26.735619838926734,0,0,0.27641666666666526,Normal
2139,35.65,9.0,12.764614738296988,114.88153264467289,30.663243934598068,99.98616666666777,26.740522065679595,0,0,0.27666666666666523,Normal
2140,35.666666666666664,9.0,12.762134768755647,114.85921291880082,30.613237016974463,99.98615416666777,26.74541391231845,0,0,0.2769166666666652,Normal
2141,35.68333333333333,9.0,12.759654394044698,114.83688954640229,30.56323009309913,99.98614166666778,26.75029540082472,0,0,0.2771666666666652,Normal
2142,35.7,9.0,12.757173614608133,114.8145625314732,30.513223162972064,99.98612916666778,26.755166553133265,0,0,0.27741666666666515,Normal
2143,35.71666666666667,9.0,12.754692430890946,114.79223187801851,30.463216226593264,99.98611666666778,26.76002739113251,0,0,0.2776666666666651,Normal
2144,35.733333333333334,9.0,12.752210843339125,114.76989759005212,30.41320928396273,99.98610416666779,26.764877936664522,0,0,0.2779166666666651,Normal
2145,35.75,9.0,12.749728852399647,114.74755967159682,30.36320233508046,99.98609166666779,26.769718211525113,0,0,0.27816666666666506,Normal
2146,35.766666666666666,9.0,12.747246458520499,114.72521812668448,30.31319537994645,99.98607916666779,26.774548237463943,0,0,0.27841666666666504,Normal
2147,35.78333333333333,9.0,12.744763662150651,114.70287295935586,30.263188418560702,99.9860666666678,26.779368036184607,0,0,0.278666666666665,Normal
2148,35.8,9.0,12.742280463740073,114.68052417366066,30.213181450923212,99.9860541666678,26.784177629344747,0,0,0.278916666666665,Normal
2149,35.81666666666667,9.0,12.739796863739722,114.6581717736575,30.16317447703398,99.9860416666678,26.788977038556133,0,0,0.27916666666666495,Normal
2150,35.833333333333336,9.0,12.737312862601541,114.63581576341387,30.113167496893002,99.9860291666678,26.79376628538478,0,0,0.2794166666666649,Normal
2151,35.85,9.0,12.734828460778475,114.61345614700627,30.06316051050028,99.98601666666781,26.798545391351023,0,0,0.2796666666666649,Normal
2152,35.86666666666667,9.0,12.73234365872445,114.59109292852004,30.01315351785581,99.98600416666781,26.803314377929635,0,0,0.27991666666666487,Normal
2153,35.88333333333333,9.0,12.72985845689438,114.56872611204942,29.96314651895959,99.98599166666781,26.8080732665499,0,0,0.28016666666666484,Normal
2154,35.9,9.0,12.727372855744164,114.54635570169748,29.91313951381162,99.98597916666782,26.812822078595737,0,0,0.2804166666666648,Normal
2155,35.916666666666664,9.0,12.724886855730691,114.52398170157622,29.863132502411897,99.98596666666782,26.817560835405768,0,0,0.2806666666666648,Normal
2156,35.93333333333333,9.0,12.72240045731183,114.50160411580647,29.81312548476042,99.98595416666782,26.82228955827344,0,0,0.28091666666666476,Normal
2157,35.95,9.0,12.719913660946432,114.47922294851789,29.76311846085719,99.98594166666783,26.827008268447095,0,0,0.28116666666666473,Normal
2158,35.96666666666667,9.0,12.717426467094333,114.45683820384899,29.7131114307022,99.98592916666783,26.83171698713009,0,0,0.2814166666666647,Normal
2159,35.983333333333334,9.0,12.714938876216348,114.43444988594713,29.663104394295452,99.98591666666783,26.836415735480873,0,0,0.2816666666666647,Normal
2160,36.0,-3.0,13.795920194830273,-41.38776058449082,29.679773408514954,99.98591250000116,26.833479930521914,0,0,0.281749999999998,Normal
2161,36.016666666666666,-3.0,13.79674936943351,-41.390248108300526,29.696442423429097,99.98590833333449,26.8305503426014,0,0,0.2818333333333313,Normal
2162,36.03333333333333,-3.0,13.797578500008928,-41.39273550002679,29.71311143903788,99.98590416666782,26.827626958553832,0,0,0.28191666666666465,Normal
2163,36.05,-3.0,13.798407586539424,-41.39522275961827,29.729780455341306,99.98590000000115,26.8247097652416,0,0,0.281999999999998,Normal
2164,36.06666666666667,-3.0,13.799236629007915,-41.397709887023744,29.746449472339368,99.98589583333448,26.82179874955491,0,0,0.2820833333333313,Normal
2165,36.083333333333336,-3.0,13.800065627397313,-41.400196882191935,29.76311849003207,99.98589166666781,26.818893898411737,0,0,0.2821666666666646,Normal
2166,36.1,-3.0,13.800894581690557,-41.40268374507167,29.779787508419414,99.98588750000114,26.815995198757747,0,0,0.28224999999999795,Normal
2167,36.11666666666667,-3.0,13.801723491870593,-41.40517047561178,29.796456527501398,99.98588333333447,26.81310263756626,0,0,0.28233333333333127,Normal
2168,36.13333333333333,-3.0,13.802552357920376,-41.40765707376113,29.813125547278023,99.9858791666678,26.810216201838177,0,0,0.2824166666666646,Normal
2169,36.15,-3.0,13.80338117982288,-41.41014353946864,29.82979456774929,99.98587500000113,26.807335878601933,0,0,0.2824999999999979,Normal
2170,36.166666666666664,-3.0,13.804209957561085,-41.412629872683254,29.846463588915196,99.98587083333446,26.80446165491342,0,0,0.28258333333333124,Normal
2171,36.18333333333333,-3.0,13.805038691117987,-41.415116073353964,29.863132610775743,99.98586666666779,26.801593517855956,0,0,0.28266666666666457,Normal
2172,36.2,-3.0,13.80586738047659,-41.41760214142977,29.87980163333093,99.98586250000112,26.798731454540203,0,0,0.2827499999999979,Normal
2173,36.21666666666667,-3.0,13.806696025619914,-41.42008807685974,29.89647065658076,99.98585833333445,26.795875452104116,0,0,0.2828333333333312,Normal
2174,36.233333333333334,-3.0,13.80752462653099,-41.42257387959297,29.91313968052523,99.98585416666778,26.793025497712897,0,0,0.28291666666666454,Normal
2175,36.25,-3.0,13.80835318319286,-41.42505954957858,29.92980870516434,99.98585000000111,26.790181578558915,0,0,0.28299999999999786,Normal
2176,36.266666666666666,-3.0,13.80918169558858,-41.42754508676574,29.946477730498092,99.98584583333444,26.78734368186167,0,0,0.2830833333333312,Normal
2177,36.28333333333333,-3.0,13.810010163701216,-41.43003049110365,29.963146756526484,99.98584166666777,26.78451179486773,0,0,0.2831666666666645,Normal
2178,36.3,-3.0,13.810838587513848,-41.43251576254154,29.979815783249517,99.9858375000011,26.781685904850658,0,0,0.28324999999999784,Normal
2179,36.31666666666667,-3.0,13.811666967009568,-41.4350009010287,29.99648481066719,99.98583333333443,26.778865999110973,0,0,0.28333333333333116,Normal
2180,36.333333333333336,-3.0,13.812495302171477,-41.43748590651443,30.013153838779505,99.98582916666776,26.776052064976092,0,0,0.2834166666666645,Normal
2181,36.35,-3.0,13.813323592982695,-41.43997077894808,30.02982286758646,99.98582500000109,26.77324408980026,0,0,0.2834999999999978,Normal
2182,36.36666666666667,-3.0,13.814151839426346,-41.44245551827904,30.04649189708806,99.98582083333442,26.77044206096451,0,0,0.28358333333333113,Normal
2183,36.38333333333333,-3.0,13.814980041485574,-41.44494012445672,30.0631609272843,99.98581666666774,26.767645965876586,0,0,0.28366666666666446,Normal
2184,36.4,-3.0,13.815808199143525,-41.447424597430576,30.079829958175182,99.98581250000107,26.764855791970906,0,0,0.2837499999999978,Normal
2185,36.416666666666664,-3.0,13.816636312383372,-41.44990893715011,30.096498989760704,99.9858083333344,26.762071526708496,0,0,0.2838333333333311,Normal
2186,36.43333333333333,-3.0,13.817464381188286,-41.452393143564855,30.113168022040867,99.98580416666773,26.759293157576938,0,0,0.28391666666666443,Normal
2187,36.45,-3.0,13.818292405541454,-41.45487721662436,30.129837055015674,99.98580000000106,26.756520672090303,0,0,0.28399999999999775,Normal
2188,36.46666666666667,-3.0,13.819120385426084,-41.45736115627825,30.146506088685122,99.9857958333344,26.753754057789113,0,0,0.2840833333333311,Normal
2189,36.483333333333334,-3.0,13.819948320825384,-41.459844962476154,30.16317512304921,99.98579166666772,26.750993302240264,0,0,0.2841666666666644,Normal
2190,36.5,-3.0,13.820776211722581,-41.462328635167744,30.17984415810794,99.98578750000105,26.748238393036992,0,0,0.2842499999999977,Normal
2191,36.516666666666666,-3.0,13.821604058100911,-41.464812174302736,30.196513193861314,99.98578333333438,26.745489317798796,0,0,0.28433333333333105,Normal
2192,36.53333333333333,-3.0,13.822431859943626,-41.467295579830875,30.21318223030933,99.98577916666771,26.7427460641714,0,0,0.2844166666666644,Normal
2193,36.55,-3.0,13.823259617233987,-41.46977885170196,30.229851267451984,99.98577500000104,26.740008619826682,0,0,0.2844999999999977,Normal
2194,36.56666666666667,-3.0,13.82408732995527,-41.472261989865814,30.246520305289284,99.98577083333437,26.737276972462638,0,0,0.284583333333331,Normal
2195,36.583333333333336,-3.0,13.824914998090758,-41.47474499427227,30.263189343821224,99.9857666666677,26.734551109803306,0,0,0.28466666666666435,Normal
2196,36.6,-3.0,13.825742621623755,-41.47722786487127,30.279858383047806,99.98576250000103,26.731831019598722,0,0,0.28474999999999767,Normal
2197,36.61666666666667,-3.0,13.826570200537567,-41.4797106016127,30.29652742296903,99.98575833333436,26.729116689624867,0,0,0.284833333333331,Normal
2198,36.63333333333333,-3.0,13.82739773481552,-41.48219320444656,30.313196463584898,99.98575416666769,26.726408107683604,0,0,0.2849166666666643,Normal
2199,36.65,-3.0,13.828225224440947,-41.48467567332284,30.32986550489541,99.98575000000102,26.723705261602625,0,0,0.28499999999999764,Normal
2200,36.666666666666664,-3.0,13.8290526693972,-41.4871580081916,30.34653454690056,99.98574583333435,26.72100813923541,0,0,0.28508333333333097,Normal
2201,36.68333333333333,-3.0,13.829880069667635,-41.4896402090029,30.363203589600356,99.98574166666768,26.718316728461144,0,0,0.2851666666666643,Normal
2202,36.7,-3.0,13.830707425235627,-41.492122275706876,30.379872632994793,99.98573750000101,26.715631017184695,0,0,0.2852499999999976,Normal
2203,36.71666666666667,-3.0,13.831534736084556,-41.49460420825367,30.396541677083874,99.98573333333434,26.712950993336538,0,0,0.28533333333333094,Normal
2204,36.733333333333334,-3.0,13.832362002197826,-41.49708600659348,30.413210721867596,99.98572916666767,26.710276644872707,0,0,0.28541666666666426,Normal
2205,36.75,-3.0,13.833189223558838,-41.49956767067651,30.429879767345962,99.985725000001,26.70760795977474,0,0,0.2854999999999976,Normal
2206,36.766666666666666,-3.0,13.83401640015102,-41.50204920045306,30.44654881351897,99.98572083333433,26.70494492604963,0,0,0.2855833333333309,Normal
2207,36.78333333333333,-3.0,13.834843531957805,-41.50453059587342,30.46321786038662,99.98571666666766,26.702287531729763,0,0,0.28566666666666424,Normal
2208,36.8,-3.0,13.835670618962634,-41.5070118568879,30.479886907948913,99.98571250000099,26.699635764872863,0,0,0.28574999999999756,Normal
2209,36.81666666666667,-3.0,13.83649766114897,-41.50949298344691,30.49655595620585,99.98570833333432,26.696989613561957,0,0,0.2858333333333309,Normal
2210,36.833333333333336,-3.0,13.83732465850028,-41.511973975500844,30.51322500515743,99.98570416666765,26.694349065905296,0,0,0.2859166666666642,Normal
2211,36.85,-3.0,13.838151611000049,-41.514454833000144,30.529894054803652,99.98570000000097,26.69171411003632,0,0,0.28599999999999753,Normal
2212,36.86666666666667,-3.0,13.838978518631773,-41.516935555895316,30.546563105144518,99.9856958333343,26.689084734113596,0,0,0.28608333333333086,Normal
2213,36.88333333333333,-3.0,13.839805381378955,-41.51941614413687,30.563232156180025,99.98569166666763,26.686460926320766,0,0,0.2861666666666642,Normal
2214,36.9,-3.0,13.840632199225121,-41.521896597675365,30.579901207910176,99.98568750000096,26.683842674866497,0,0,0.2862499999999975,Normal
2215,36.916666666666664,-3.0,13.8414589721538,-41.5243769164614,30.59657026033497,99.9856833333343,26.68122996798443,0,0,0.28633333333333083,Normal
2216,36.93333333333333,-3.0,13.842285700148533,-41.526857100445596,30.61323931345441,99.98567916666762,26.67862279393311,0,0,0.28641666666666415,Normal
2217,36.95,-3.0,13.843112383192883,-41.52933714957865,30.62990836726849,99.98567500000095,26.676021140995957,0,0,0.2864999999999975,Normal
2218,36.96666666666667,-3.0,13.843939021270414,-41.53181706381124,30.646577421777216,99.98567083333428,26.6734249974812,0,0,0.2865833333333308,Normal
2219,36.983333333333334,-3.0,13.84476561436471,-41.53429684309413,30.663246476980586,99.98566666666761,26.670834351721826,0,0,0.2866666666666641,Normal
2220,37.0,4.0,13.21357317518832,52.85429270075328,30.64102106911657,99.98566111111205,26.668990474835827,0,0,0.28677777777777524,Normal
2221,37.016666666666666,4.0,13.212470955928955,52.84988382371582,30.618795660017632,99.98565555555649,26.66715050272441,0,0,0.28688888888888636,Normal
2222,37.03333333333333,4.0,13.211368656625536,52.845474626502146,30.596570249683772,99.98565000000093,26.66531442711864,0,0,0.2869999999999975,Normal
2223,37.05,4.0,13.210266277317,52.841065109268,30.57434483811499,99.98564444444537,26.663482239767095,0,0,0.2871111111111086,Normal
2224,37.06666666666667,4.0,13.209163818042338,52.83665527216935,30.552119425311286,99.98563888888981,26.661653932435822,0,0,0.2872222222222197,Normal
2225,37.083333333333336,4.0,13.208061278840571,52.832245115362284,30.52989401127266,99.98563333333425,26.659829496908312,0,0,0.28733333333333083,Normal
2226,37.1,4.0,13.206958659750757,52.82783463900303,30.50766859599911,99.98562777777869,26.65800892498545,0,0,0.28744444444444195,Normal
2227,37.11666666666667,4.0,13.205855960812,52.823423843248,30.485443179490638,99.98562222222313,26.65619220848548,0,0,0.28755555555555307,Normal
2228,37.13333333333333,4.0,13.204753182063442,52.81901272825377,30.46321776174724,99.98561666666757,26.65437933924398,0,0,0.2876666666666642,Normal
2229,37.15,4.0,13.20365032354426,52.81460129417704,30.440992342768922,99.98561111111201,26.652570309113816,0,0,0.2877777777777753,Normal
2230,37.166666666666664,4.0,13.202547385293672,52.81018954117469,30.41876692255568,99.98560555555645,26.650765109965104,0,0,0.2878888888888864,Normal
2231,37.18333333333333,4.0,13.201444367350934,52.805777469403736,30.396541501107514,99.98560000000089,26.64896373368518,0,0,0.28799999999999754,Normal
2232,37.2,4.0,13.200341269755343,52.80136507902137,30.374316078424425,99.98559444444533,26.64716617217855,0,0,0.28811111111110865,Normal
2233,37.21666666666667,4.0,13.199238092546231,52.796952370184925,30.352090654506412,99.98558888888977,26.64537241736688,0,0,0.28822222222221977,Normal
2234,37.233333333333334,4.0,13.198134835762973,52.79253934305189,30.329865229353477,99.9855833333342,26.643582461188924,0,0,0.2883333333333309,Normal
2235,37.25,4.0,13.197031499444979,52.788125997779915,30.307639802965618,99.98557777777864,26.641796295600525,0,0,0.288444444444442,Normal
2236,37.266666666666666,4.0,13.195928083631701,52.783712334526804,30.285414375342835,99.98557222222308,26.640013912574545,0,0,0.2885555555555531,Normal
2237,37.28333333333333,4.0,13.194824588362629,52.779298353450514,30.263188946485126,99.98556666666752,26.638235304100856,0,0,0.28866666666666424,Normal
2238,37.3,4.0,13.193721013677285,52.77488405470914,30.240963516392494,99.98556111111196,26.63646046218629,0,0,0.28877777777777536,Normal
2239,37.31666666666667,4.0,13.192617359615245,52.77046943846098,30.21873808506494,99.9855555555564,26.6346893788546,0,0,0.2888888888888865,Normal
2240,37.333333333333336,4.0,13.191513626216107,52.76605450486443,30.196512652502456,99.98555000000084,26.632922046146437,0,0,0.2889999999999976,Normal
2241,37.35,4.0,13.190409813519521,52.761639254078084,30.17428721870505,99.98554444444528,26.6311584561193,0,0,0.2891111111111087,Normal
2242,37.36666666666667,4.0,13.189305921565166,52.757223686260666,30.15206178367272,99.98553888888972,26.62939860084752,0,0,0.2892222222222198,Normal
2243,37.38333333333333,4.0,13.188201950392763,52.75280780157105,30.129836347405465,99.98553333333416,26.627642472422195,0,0,0.28933333333333094,Normal
2244,37.4,4.0,13.187097900042076,52.748391600168304,30.107610909903286,99.9855277777786,26.625890062951182,0,0,0.28944444444444206,Normal
2245,37.416666666666664,4.0,13.185993770552898,52.74397508221159,30.08538547116618,99.98552222222304,26.62414136455905,0,0,0.2895555555555532,Normal
2246,37.43333333333333,4.0,13.184889561965068,52.73955824786027,30.063160031194148,99.98551666666748,26.622396369387044,0,0,0.2896666666666643,Normal
2247,37.45,4.0,13.183785274318463,52.73514109727385,30.04093458998719,99.98551111111192,26.62065506959305,0,0,0.2897777777777754,Normal
2248,37.46666666666667,4.0,13.182680907652998,52.73072363061199,30.01870914754531,99.98550555555636,26.618917457351557,0,0,0.28988888888888653,Normal
2249,37.483333333333334,4.0,13.181576462008623,52.72630584803449,29.9964837038685,99.9855000000008,26.617183524853637,0,0,0.28999999999999765,Normal
2250,37.5,4.0,13.180471937425331,52.721887749701324,29.974258258956766,99.98549444444524,26.615453264306886,0,0,0.29011111111110877,Normal
2251,37.516666666666666,4.0,13.179367333943151,52.717469335772606,29.952032812810106,99.98548888888968,26.613726667935413,0,0,0.2902222222222199,Normal
2252,37.53333333333333,4.0,13.17826265160215,52.7130506064086,29.92980736542852,99.98548333333412,26.612003727979786,0,0,0.290333333333331,Normal
2253,37.55,4.0,13.177157890442434,52.708631561769735,29.907581916812006,99.98547777777856,26.610284436697004,0,0,0.2904444444444421,Normal
2254,37.56666666666667,4.0,13.176053050504152,52.704212202016606,29.885356466960566,99.985472222223,26.60856878636047,0,0,0.29055555555555324,Normal
2255,37.583333333333336,4.0,13.174948131827483,52.69979252730993,29.8631310158742,99.98546666666743,26.60685676925994,0,0,0.29066666666666435,Normal
2256,37.6,4.0,13.173843134452651,52.695372537810606,29.840905563552905,99.98546111111187,26.605148377701507,0,0,0.29077777777777547,Normal
2257,37.61666666666667,4.0,13.172738058419917,52.69095223367967,29.818680109996684,99.98545555555631,26.603443604007552,0,0,0.2908888888888866,Normal
2258,37.63333333333333,4.0,13.171632903769577,52.68653161507831,29.796454655205537,99.98545000000075,26.601742440516713,0,0,0.2909999999999977,Normal
2259,37.65,4.0,13.170527670541968,52.682110682167874,29.774229199179462,99.98544444444519,26.600044879583855,0,0,0.2911111111111088,Normal
2260,37.666666666666664,4.0,13.169422358777465,52.67768943510986,29.75200374191846,99.98543888888963,26.59835091358003,0,0,0.29122222222221994,Normal
2261,37.68333333333333,4.0,13.168316968516484,52.673267874065935,29.729778283422533,99.98543333333407,26.59666053489245,0,0,0.29133333333333106,Normal
2262,37.7,4.0,13.167211499799471,52.668845999197885,29.707552823691678,99.98542777777851,26.594973735924444,0,0,0.2914444444444422,Normal
2263,37.71666666666667,4.0,13.166105952666921,52.664423810667685,29.685327362725893,99.98542222222295,26.59329050909543,0,0,0.2915555555555533,Normal
2264,37.733333333333334,4.0,13.16500032715936,52.66000130863744,29.66310190052518,99.98541666666739,26.591610846840872,0,0,0.2916666666666644,Normal
2265,37.75,4.0,13.16389462331735,52.6555784932694,29.640876437089542,99.98541111111183,26.589934741612268,0,0,0.2917777777777755,Normal
2266,37.766666666666666,4.0,13.162788841181504,52.651155364726016,29.618650972418973,99.98540555555627,26.58826218587709,0,0,0.29188888888888664,Normal
2267,37.78333333333333,4.0,13.16168298079246,52.64673192316984,29.596425506513476,99.98540000000071,26.58659317211876,0,0,0.29199999999999776,Normal
2268,37.8,4.0,13.160577042190898,52.64230816876359,29.574200039373054,99.98539444444515,26.584927692836626,0,0,0.2921111111111089,Normal
2269,37.81666666666667,4.0,13.159471025417535,52.63788410167014,29.5519745709977,99.98538888888959,26.58326574054591,0,0,0.29222222222222,Normal
2270,37.833333333333336,4.0,13.158364930513132,52.63345972205253,29.52974910138742,99.98538333333403,26.5816073077777,0,0,0.2923333333333311,Normal
2271,37.85,4.0,13.157258757518479,52.629035030073915,29.50752363054221,99.98537777777847,26.579952387078876,0,0,0.29244444444444223,Normal
2272,37.86666666666667,4.0,13.156152506474413,52.62461002589765,29.48529815846207,99.9853722222229,26.57830097101212,0,0,0.29255555555555335,Normal
2273,37.88333333333333,4.0,13.155046177421806,52.62018470968722,29.463072685147,99.98536666666735,26.57665305215586,0,0,0.29266666666666447,Normal
2274,37.9,4.0,13.15393977040156,52.61575908160624,29.440847210597003,99.98536111111179,26.575008623104235,0,0,0.2927777777777756,Normal
2275,37.916666666666664,4.0,13.15283328545463,52.61133314181852,29.418621734812074,99.98535555555623,26.573367676467072,0,0,0.2928888888888867,Normal
2276,37.93333333333333,4.0,13.151726722621998,52.60690689048799,29.39639625779222,99.98535000000066,26.571730204869848,0,0,0.2929999999999978,Normal
2277,37.95,4.0,13.150620081944686,52.60248032777874,29.374170779537433,99.9853444444451,26.570096200953653,0,0,0.29311111111110894,Normal
2278,37.96666666666667,4.0,13.149513363463752,52.59805345385501,29.351945300047717,99.98533888888954,26.568465657375164,0,0,0.29322222222222005,Normal
2279,37.983333333333334,4.0,13.1484065672203,52.5936262688812,29.32971981932307,99.98533333333398,26.566838566806606,0,0,0.29333333333333117,Normal
2280,38.0,4.0,13.147299693255466,52.58919877302186,29.307494337363494,99.98532777777842,26.56521492193572,0,0,0.2934444444444423,Normal
2281,38.016666666666666,4.0,13.146192741610424,52.584770966441695,29.285268854168987,99.98532222222286,26.563594715465737,0,0,0.2935555555555534,Normal
2282,38.03333333333333,4.0,13.145085712326384,52.58034284930554,29.26304336973955,99.9853166666673,26.561977940115337,0,0,0.2936666666666645,Normal
2283,38.05,4.0,13.1439786054446,52.5759144217784,29.24081788407518,99.98531111111174,26.560364588618622,0,0,0.29377777777777564,Normal
2284,38.06666666666667,4.0,13.142871421006355,52.57148568402542,29.218592397175883,99.98530555555618,26.558754653725078,0,0,0.29388888888888676,Normal
2285,38.083333333333336,4.0,13.141764159052979,52.567056636211916,29.196366909041654,99.98530000000062,26.557148128199543,0,0,0.2939999999999979,Normal
2286,38.1,4.0,13.140656819625834,52.562627278503335,29.174141419672495,99.98529444444506,26.55554500482218,0,0,0.294111111111109,Normal
2287,38.11666666666667,4.0,13.139549402766324,52.558197611065296,29.151915929068405,99.9852888888895,26.553945276388436,0,0,0.2942222222222201,Normal
2288,38.13333333333333,4.0,13.138441908515885,52.55376763406354,29.129690437229385,99.98528333333394,26.552348935709027,0,0,0.2943333333333312,Normal
2289,38.15,4.0,13.137334336915995,52.54933734766398,29.10746494415543,99.98527777777838,26.550755975609878,0,0,0.29444444444444234,Normal
2290,38.166666666666664,4.0,13.136226688008165,52.54490675203266,29.085239449846547,99.98527222222282,26.549166388932115,0,0,0.29455555555555346,Normal
2291,38.18333333333333,4.0,13.13511896183395,52.5404758473358,29.063013954302733,99.98526666666726,26.547580168532022,0,0,0.2946666666666646,Normal
2292,38.2,4.0,13.134011158434944,52.53604463373978,29.040788457523984,99.9852611111117,26.545997307281013,0,0,0.2947777777777757,Normal
2293,38.21666666666667,4.0,13.132903277852769,52.531613111411076,29.018562959510305,99.98525555555614,26.544417798065595,0,0,0.2948888888888868,Normal
2294,38.233333333333334,4.0,13.131795320129092,52.527181280516366,28.996337460261692,99.98525000000058,26.54284163378734,0,0,0.29499999999999793,Normal
2295,38.25,4.0,13.130687285305614,52.522749141222455,28.97411195977815,99.98524444444502,26.54126880736285,0,0,0.29511111111110905,Normal
2296,38.266666666666666,4.0,13.129579173424078,52.51831669369631,28.951886458059672,99.98523888888946,26.53969931172373,0,0,0.29522222222222017,Normal
2297,38.28333333333333,4.0,13.128470984526261,52.513883938105046,28.929660955106264,99.9852333333339,26.53813313981655,0,0,0.2953333333333313,Normal
2298,38.3,4.0,13.127362718653977,52.50945087461591,28.907435450917923,99.98522777777833,26.53657028460282,0,0,0.2954444444444424,Normal
2299,38.31666666666667,4.0,13.12625437584908,52.50501750339632,28.88520994549465,99.98522222222277,26.535010739058954,0,0,0.2955555555555535,Normal
2300,38.333333333333336,4.0,13.12514595615346,52.50058382461384,28.862984438836445,99.98521666666721,26.53345449617624,0,0,0.29566666666666463,Normal
2301,38.35,4.0,13.124037459609045,52.49614983843618,28.840758930943306,99.98521111111165,26.531901548960807,0,0,0.29577777777777575,Normal
2302,38.36666666666667,4.0,13.1229288862578,52.4917155450312,28.818533421815232,99.98520555555609,26.530351890433597,0,0,0.29588888888888687,Normal
2303,38.38333333333333,4.0,13.121820236141724,52.4872809445669,28.796307911452228,99.98520000000053,26.528805513630324,0,0,0.295999999999998,Normal
2304,38.4,4.0,13.120711509302863,52.48284603721145,28.77408239985429,99.98519444444497,26.52726241160146,0,0,0.2961111111111091,Normal
2305,38.416666666666664,4.0,13.119602705783295,52.47841082313318,28.751856887021418,99.98518888888941,26.525722577412186,0,0,0.2962222222222202,Normal
2306,38.43333333333333,4.0,13.11849382562513,52.47397530250052,28.729631372953612,99.98518333333385,26.524186004142372,0,0,0.29633333333333134,Normal
2307,38.45,4.0,13.117384868870523,52.469539475482094,28.707405857650873,99.98517777777829,26.52265268488654,0,0,0.29644444444444246,Normal
2308,38.46666666666667,4.0,13.116275835561662,52.46510334224665,28.6851803411132,99.98517222222273,26.52112261275384,0,0,0.2965555555555536,Normal
2309,38.483333333333334,4.0,13.115166725740774,52.4606669029631,28.66295482334059,99.98516666666717,26.519595780868006,0,0,0.2966666666666647,Normal
2310,38.5,4.0,13.114057539450126,52.456230157800505,28.64072930433305,99.98516111111161,26.518072182367344,0,0,0.2967777777777758,Normal
2311,38.516666666666666,4.0,13.112948276732016,52.451793106928065,28.618503784090574,99.98515555555605,26.516551810404685,0,0,0.2968888888888869,Normal
2312,38.53333333333333,4.0,13.111838937628782,52.44735575051513,28.596278262613165,99.98515000000049,26.515034658147357,0,0,0.29699999999999804,Normal
2313,38.55,4.0,13.110729522182805,52.44291808873122,28.57405273990082,99.98514444444493,26.513520718777162,0,0,0.29711111111110916,Normal
2314,38.56666666666667,4.0,13.109620030436492,52.43848012174597,28.55182721595354,99.98513888888937,26.51200998549034,0,0,0.2972222222222203,Normal
2315,38.583333333333336,4.0,13.108510462432298,52.43404184972919,28.529601690771326,99.9851333333338,26.510502451497537,0,0,0.2973333333333314,Normal
2316,38.6,4.0,13.107400818212705,52.42960327285082,28.507376164354177,99.98512777777825,26.50899811002378,0,0,0.2974444444444425,Normal
2317,38.61666666666667,4.0,13.106291097820243,52.42516439128097,28.48515063670209,99.98512222222269,26.507496954308433,0,0,0.29755555555555363,Normal
2318,38.63333333333333,4.0,13.10518130129747,52.42072520518988,28.46292510781507,99.98511666666712,26.50599897760519,0,0,0.29766666666666475,Normal
2319,38.65,4.0,13.10407142868699,52.41628571474796,28.440699577693117,99.98511111111156,26.504504173182028,0,0,0.29777777777777586,Normal
2320,38.666666666666664,1.0,13.373834152394878,13.373834152394878,28.435143194853893,99.98510972222267,26.50142406246382,0,0,0.29780555555555366,Normal
2321,38.68333333333333,1.0,13.373556671350613,13.373556671350613,28.429586811937487,99.98510833333378,26.498350474334483,0,0,0.29783333333333145,Normal
2322,38.7,1.0,13.373279185554868,13.373279185554868,28.424030428943897,99.9851069444449,26.49528339498148,0,0,0.29786111111110924,Normal
2323,38.71666666666667,1.0,13.373001695008304,13.373001695008304,28.418474045873126,99.985105555556,26.49222281062152,0,0,0.29788888888888704,Normal
2324,38.733333333333334,1.0,13.372724199711588,13.372724199711588,28.412917662725167,99.98510416666711,26.489168707500497,0,0,0.29791666666666483,Normal
2325,38.75,1.0,13.37244669966539,13.37244669966539,28.407361279500027,99.98510277777822,26.486121071893436,0,0,0.2979444444444426,Normal
2326,38.766666666666666,1.0,13.372169194870375,13.372169194870375,28.401804896197703,99.98510138888933,26.483079890104428,0,0,0.2979722222222204,Normal
2327,38.78333333333333,1.0,13.371891685327213,13.371891685327213,28.396248512818197,99.98510000000044,26.48004514846656,0,0,0.2979999999999982,Normal
2328,38.8,1.0,13.371614171036569,13.371614171036569,28.390692129361508,99.98509861111155,26.477016833341864,0,0,0.298027777777776,Normal
2329,38.81666666666667,1.0,13.371336651999112,13.371336651999112,28.385135745827633,99.98509722222266,26.473994931121258,0,0,0.2980555555555538,Normal
2330,38.833333333333336,1.0,13.371059128215506,13.371059128215506,28.379579362216575,99.98509583333377,26.47097942822447,0,0,0.2980833333333316,Normal
2331,38.85,1.0,13.370781599686428,13.370781599686428,28.374022978528334,99.98509444444488,26.467970311099997,0,0,0.2981111111111094,Normal
2332,38.86666666666667,1.0,13.370504066412538,13.370504066412538,28.36846659476291,99.98509305555599,26.46496756622502,0,0,0.2981388888888872,Normal
2333,38.88333333333333,1.0,13.370226528394506,13.370226528394506,28.3629102109203,99.9850916666671,26.46197118010537,0,0,0.29816666666666497,Normal
2334,38.9,1.0,13.369948985633004,13.369948985633004,28.35735382700051,99.98509027777821,26.45898113927544,0,0,0.29819444444444276,Normal
2335,38.916666666666664,1.0,13.369671438128693,13.369671438128693,28.351797443003534,99.98508888888932,26.45599743029815,0,0,0.29822222222222056,Normal
2336,38.93333333333333,1.0,13.36939388588225,13.36939388588225,28.346241058929376,99.98508750000043,26.453020039764873,0,0,0.29824999999999835,Normal
2337,38.95,1.0,13.369116328894341,13.369116328894341,28.340684674778036,99.98508611111154,26.450048954295372,0,0,0.29827777777777614,Normal
2338,38.96666666666667,1.0,13.368838767165633,13.368838767165633,28.33512829054951,99.98508472222265,26.447084160537745,0,0,0.29830555555555394,Normal
2339,38.983333333333334,1.0,13.368561200696796,13.368561200696796,28.3295719062438,99.98508333333376,26.44412564516837,0,0,0.29833333333333173,Normal
2340,39.0,1.0,13.3682836294885,13.3682836294885,28.324015521860908,99.98508194444487,26.441173394891837,0,0,0.2983611111111095,Normal
2341,39.016666666666666,1.0,13.368006053541418,13.368006053541418,28.318459137400833,99.98508055555598,26.43822739644089,0,0,0.2983888888888873,Normal
2342,39.03333333333333,1.0,13.367728472856209,13.367728472856209,28.31290275286357,99.98507916666709,26.43528763657637,0,0,0.2984166666666651,Normal
2343,39.05,1.0,13.367450887433556,13.367450887433556,28.307346368249128,99.9850777777782,26.43235410208715,0,0,0.2984444444444429,Normal
2344,39.06666666666667,1.0,13.36717329727412,13.36717329727412,28.3017899835575,99.98507638888931,26.429426779790084,0,0,0.2984722222222207,Normal
2345,39.083333333333336,1.0,13.366895702378573,13.366895702378573,28.296233598788692,99.98507500000042,26.42650565652994,0,0,0.2984999999999985,Normal
2346,39.1,1.0,13.366618102747585,13.366618102747585,28.290677213942697,99.98507361111153,26.423590719179348,0,0,0.2985277777777763,Normal
2347,39.11666666666667,1.0,13.36634049838183,13.36634049838183,28.28512082901952,99.98507222222264,26.420681954638734,0,0,0.2985555555555541,Normal
2348,39.13333333333333,1.0,13.36606288928197,13.36606288928197,28.279564444019158,99.98507083333375,26.417779349836263,0,0,0.29858333333333187,Normal
2349,39.15,1.0,13.365785275448687,13.365785275448687,28.274008058941615,99.98506944444486,26.414882891727785,0,0,0.29861111111110966,Normal
2350,39.166666666666664,1.0,13.365507656882643,13.365507656882643,28.26845167378689,99.98506805555597,26.411992567296775,0,0,0.29863888888888745,Normal
2351,39.18333333333333,1.0,13.36523003358451,13.36523003358451,28.262895288554976,99.98506666666708,26.409108363554264,0,0,0.29866666666666525,Normal
2352,39.2,1.0,13.364952405554964,13.364952405554964,28.25733890324588,99.98506527777819,26.406230267538795,0,0,0.29869444444444304,Normal
2353,39.21666666666667,1.0,13.36467477279467,13.36467477279467,28.251782517859603,99.9850638888893,26.40335826631636,0,0,0.29872222222222083,Normal
2354,39.233333333333334,1.0,13.364397135304305,13.364397135304305,28.246226132396142,99.98506250000041,26.400492346980336,0,0,0.29874999999999863,Normal
2355,39.25,1.0,13.364119493084534,13.364119493084534,28.240669746855495,99.98506111111152,26.397632496651436,0,0,0.2987777777777764,Normal
2356,39.266666666666666,1.0,13.363841846136037,13.363841846136037,28.235113361237666,99.98505972222263,26.394778702477645,0,0,0.2988055555555542,Normal
2357,39.28333333333333,1.0,13.363564194459475,13.363564194459475,28.229556975542653,99.98505833333374,26.391930951634162,0,0,0.298833333333332,Normal
2358,39.3,1.0,13.36328653805553,13.36328653805553,28.22400058977046,99.98505694444485,26.38908923132335,0,0,0.2988611111111098,Normal
2359,39.31666666666667,1.0,13.36300887692487,13.36300887692487,28.218444203921077,99.98505555555596,26.386253528774667,0,0,0.2988888888888876,Normal
2360,39.333333333333336,1.0,13.362731211068164,13.362731211068164,28.212887817994513,99.98505416666707,26.383423831244613,0,0,0.2989166666666654,Normal
2361,39.35,1.0,13.36245354048609,13.36245354048609,28.207331431990767,99.98505277777818,26.380600126016684,0,0,0.2989444444444432,Normal
2362,39.36666666666667,1.0,13.362175865179315,13.362175865179315,28.201775045909837,99.98505138888929,26.377782400401298,0,0,0.298972222222221,Normal
2363,39.38333333333333,1.0,13.361898185148517,13.361898185148517,28.19621865975172,99.9850500000004,26.374970641735743,0,0,0.29899999999999877,Normal
2364,39.4,1.0,13.361620500394364,13.361620500394364,28.190662273516423,99.98504861111151,26.372164837384126,0,0,0.29902777777777656,Normal
2365,39.416666666666664,1.0,13.361342810917533,13.361342810917533,28.185105887203942,99.98504722222262,26.369364974737312,0,0,0.29905555555555435,Normal
2366,39.43333333333333,1.0,13.361065116718697,13.361065116718697,28.17954950081428,99.98504583333373,26.366571041212868,0,0,0.29908333333333215,Normal
2367,39.45,1.0,13.360787417798523,13.360787417798523,28.17399311434743,99.98504444444484,26.363783024255007,0,0,0.29911111111110994,Normal
2368,39.46666666666667,1.0,13.36050971415769,13.36050971415769,28.168436727803396,99.98504305555595,26.361000911334525,0,0,0.29913888888888773,Normal
2369,39.483333333333334,1.0,13.360232005796869,13.360232005796869,28.16288034118218,99.98504166666706,26.35822468994876,0,0,0.2991666666666655,Normal
2370,39.5,1.0,13.359954292716738,13.359954292716738,28.157323954483783,99.98504027777817,26.355454347621514,0,0,0.2991944444444433,Normal
2371,39.516666666666666,1.0,13.359676574917966,13.359676574917966,28.151767567708198,99.98503888888928,26.35268987190302,0,0,0.2992222222222211,Normal
2372,39.53333333333333,1.0,13.359398852401227,13.359398852401227,28.14621118085543,99.98503750000039,26.349931250369874,0,0,0.2992499999999989,Normal
2373,39.55,1.0,13.359121125167198,13.359121125167198,28.14065479392548,99.9850361111115,26.34717847062497,0,0,0.2992777777777767,Normal
2374,39.56666666666667,1.0,13.358843393216551,13.358843393216551,28.13509840691835,99.98503472222261,26.344431520297473,0,0,0.2993055555555545,Normal
2375,39.583333333333336,1.0,13.358565656549963,13.358565656549963,28.12954201983403,99.98503333333372,26.341690387042725,0,0,0.2993333333333323,Normal
2376,39.6,1.0,13.358287915168102,13.358287915168102,28.12398563267253,99.98503194444483,26.338955058542222,0,0,0.2993611111111101,Normal
2377,39.61666666666667,1.0,13.358010169071651,13.358010169071651,28.118429245433845,99.98503055555594,26.336225522503543,0,0,0.29938888888888787,Normal
2378,39.63333333333333,1.0,13.357732418261278,13.357732418261278,28.112872858117978,99.98502916666705,26.3335017666603,0,0,0.29941666666666567,Normal
2379,39.65,1.0,13.357454662737663,13.357454662737663,28.107316470724925,99.98502777777816,26.33078377877208,0,0,0.29944444444444346,Normal
2380,39.666666666666664,1.0,13.357176902501475,13.357176902501475,28.10176008325469,99.98502638888927,26.328071546624386,0,0,0.29947222222222125,Normal
2381,39.68333333333333,1.0,13.356899137553398,13.356899137553398,28.09620369570727,99.98502500000038,26.325365058028595,0,0,0.29949999999999904,Normal
2382,39.7,1.0,13.356621367894098,13.356621367894098,28.09064730808267,99.98502361111149,26.322664300821888,0,0,0.29952777777777684,Normal
2383,39.71666666666667,1.0,13.356343593524258,13.356343593524258,28.085090920380882,99.9850222222226,26.319969262867208,0,0,0.29955555555555463,Normal
2384,39.733333333333334,1.0,13.35606581444455,13.35606581444455,28.07953453260191,99.9850208333337,26.317279932053193,0,0,0.2995833333333324,Normal
2385,39.75,1.0,13.35578803065565,13.35578803065565,28.07397814474576,99.98501944444482,26.314596296294138,0,0,0.2996111111111102,Normal
2386,39.766666666666666,1.0,13.355510242158234,13.355510242158234,28.068421756812423,99.98501805555593,26.311918343529925,0,0,0.299638888888888,Normal
2387,39.78333333333333,1.0,13.355232448952975,13.355232448952975,28.0628653688019,99.98501666666704,26.30924606172598,0,0,0.2996666666666658,Normal
2388,39.8,1.0,13.354954651040556,13.354954651040556,28.057308980714197,99.98501527777815,26.306579438873207,0,0,0.2996944444444436,Normal
2389,39.81666666666667,1.0,13.354676848421647,13.354676848421647,28.05175259254931,99.98501388888926,26.303918462987948,0,0,0.2997222222222214,Normal
2390,39.833333333333336,1.0,13.35439904109693,13.35439904109693,28.04619620430724,99.98501250000037,26.301263122111916,0,0,0.2997499999999992,Normal
2391,39.85,1.0,13.354121229067076,13.354121229067076,28.040639815987983,99.98501111111148,26.29861340431215,0,0,0.299777777777777,Normal
2392,39.86666666666667,1.0,13.353843412332767,13.353843412332767,28.035083427591545,99.98500972222259,26.29596929768096,0,0,0.29980555555555477,Normal
2393,39.88333333333333,1.0,13.353565590894677,13.353565590894677,28.029527039117923,99.9850083333337,26.29333079033587,0,0,0.29983333333333256,Normal
2394,39.9,1.0,13.353287764753482,13.353287764753482,28.02397065056712,99.9850069444448,26.29069787041957,0,0,0.29986111111111036,Normal
2395,39.916666666666664,1.0,13.353009933909862,13.353009933909862,28.018414261939128,99.98500555555592,26.288070526099858,0,0,0.29988888888888815,Normal
2396,39.93333333333333,1.0,13.352732098364493,13.352732098364493,28.012857873233955,99.98500416666703,26.28544874556959,0,0,0.29991666666666594,Normal
2397,39.95,1.0,13.352454258118053,13.352454258118053,28.0073014844516,99.98500277777813,26.282832517046618,0,0,0.29994444444444374,Normal
2398,39.96666666666667,1.0,13.352176413171218,13.352176413171218,28.00174509559206,99.98500138888924,26.280221828773755,0,0,0.29997222222222153,Normal
2399,39.983333333333334,1.0,13.351898563524667,13.351898563524667,27.996188706655335,99.98500000000035,26.277616669018705,0,0,0.2999999999999993,Normal
2400,40.0,2.0,13.261329347638991,26.522658695277983,27.98507592862752,99.98499722222257,26.275334720790195,0,0,0.30005555555555485,Normal
2401,40.016666666666666,2.0,13.260773612962588,26.521547225925175,27.97396315029097,99.9849944444448,26.273057604934404,0,0,0.3001111111111104,Normal
2402,40.03333333333333,2.0,13.260217859500884,26.520435719001767,27.962850371645686,99.98499166666701,26.270785311218074,0,0,0.3001666666666659,Normal
2403,40.05,2.0,13.25966208725931,26.51932417451862,27.951737592691668,99.98498888888923,26.268517829429612,0,0,0.30022222222222145,Normal
2404,40.06666666666667,2.0,13.259106296243298,26.518212592486595,27.940624813428915,99.98498611111145,26.266255149379056,0,0,0.300277777777777,Normal
2405,40.083333333333336,2.0,13.258550486458283,26.517100972916566,27.929512033857428,99.98498333333367,26.26399726089802,0,0,0.3003333333333325,Normal
2406,40.1,2.0,13.257994657909702,26.515989315819404,27.918399253977206,99.9849805555559,26.261744153839647,0,0,0.30038888888888804,Normal
2407,40.11666666666667,2.0,13.257438810602991,26.514877621205983,27.907286473788247,99.98497777777811,26.259495818078573,0,0,0.30044444444444357,Normal
2408,40.13333333333333,2.0,13.256882944543593,26.513765889087185,27.896173693290553,99.98497500000033,26.257252243510877,0,0,0.3004999999999991,Normal
2409,40.15,2.0,13.25632705973695,26.5126541194739,27.885060912484125,99.98497222222255,26.25501342005403,0,0,0.30055555555555463,Normal
2410,40.166666666666664,2.0,13.255771156188509,26.511542312377017,27.873948131368962,99.98496944444477,26.252779337646857,0,0,0.30061111111111016,Normal
2411,40.18333333333333,2.0,13.25521523390372,26.51043046780744,27.862835349945065,99.98496666666699,26.250549986249485,0,0,0.3006666666666657,Normal
2412,40.2,2.0,13.254659292888029,26.509318585776057,27.851722568212434,99.98496388888921,26.24832535584331,0,0,0.3007222222222212,Normal
2413,40.21666666666667,2.0,13.254103333146887,26.508206666293773,27.84060978617107,99.98496111111143,26.246105436430934,0,0,0.30077777777777676,Normal
2414,40.233333333333334,2.0,13.253547354685757,26.507094709371515,27.82949700382097,99.98495833333365,26.24389021803614,0,0,0.3008333333333323,Normal
2415,40.25,2.0,13.25299135751009,26.50598271502018,27.818384221162134,99.98495555555587,26.241679690703826,0,0,0.3008888888888878,Normal
2416,40.266666666666666,2.0,13.252435341625345,26.50487068325069,27.80727143819456,99.98495277777809,26.239473844499983,0,0,0.30094444444444335,Normal
2417,40.28333333333333,2.0,13.251879307036985,26.50375861407397,27.796158654918255,99.98495000000031,26.23727266951163,0,0,0.3009999999999989,Normal
2418,40.3,2.0,13.251323253750474,26.50264650750095,27.785045871333214,99.98494722222253,26.23507615584678,0,0,0.3010555555555544,Normal
2419,40.31666666666667,2.0,13.250767181771279,26.501534363542557,27.77393308743944,99.98494444444475,26.2328842936344,0,0,0.30111111111110994,Normal
2420,40.333333333333336,2.0,13.250211091104868,26.500422182209736,27.76282030323693,99.98494166666697,26.23069707302435,0,0,0.3011666666666655,Normal
2421,40.35,2.0,13.249654981756711,26.499309963513422,27.751707518725684,99.98493888888919,26.228514484187357,0,0,0.301222222222221,Normal
2422,40.36666666666667,2.0,13.249098853732281,26.498197707464563,27.740594733905702,99.98493611111141,26.226336517314962,0,0,0.30127777777777653,Normal
2423,40.38333333333333,2.0,13.248542707037052,26.497085414074103,27.729481948776986,99.98493333333363,26.224163162619472,0,0,0.30133333333333207,Normal
2424,40.4,2.0,13.247986541676505,26.49597308335301,27.718369163339535,99.98493055555585,26.221994410333924,0,0,0.3013888888888876,Normal
2425,40.416666666666664,2.0,13.247430357656118,26.494860715312235,27.70725637759335,99.98492777777807,26.21983025071204,0,0,0.3014444444444431,Normal
2426,40.43333333333333,2.0,13.246874154981374,26.493748309962747,27.69614359153843,99.98492500000029,26.217670674028177,0,0,0.30149999999999866,Normal
2427,40.45,2.0,13.246317933657755,26.49263586731551,27.685030805174776,99.98492222222251,26.215515670577293,0,0,0.3015555555555542,Normal
2428,40.46666666666667,2.0,13.24576169369075,26.4915233873815,27.673918018502384,99.98491944444473,26.213365230674896,0,0,0.3016111111111097,Normal
2429,40.483333333333334,2.0,13.245205435085845,26.49041087017169,27.662805231521258,99.98491666666695,26.211219344656996,0,0,0.30166666666666525,Normal
2430,40.5,2.0,13.244649157848533,26.489298315697066,27.651692444231397,99.98491388888917,26.209078002880076,0,0,0.3017222222222208,Normal
2431,40.516666666666666,2.0,13.24409286198431,26.48818572396862,27.640579656632802,99.98491111111139,26.206941195721036,0,0,0.3017777777777763,Normal
2432,40.53333333333333,2.0,13.24353654749867,26.48707309499734,27.629466868725473,99.9849083333336,26.204808913577157,0,0,0.30183333333333184,Normal
2433,40.55,2.0,13.242980214397107,26.485960428794215,27.618354080509405,99.98490555555583,26.202681146866052,0,0,0.3018888888888874,Normal
2434,40.56666666666667,2.0,13.242423862685127,26.484847725370255,27.607241291984604,99.98490277777805,26.20055788602563,0,0,0.3019444444444429,Normal
2435,40.583333333333336,2.0,13.241867492368229,26.483734984736458,27.596128503151068,99.98490000000027,26.19843912151405,0,0,0.30199999999999844,Normal
2436,40.6,2.0,13.241311103451919,26.482622206903837,27.585015714008797,99.98489722222249,26.196324843809666,0,0,0.30205555555555397,Normal
2437,40.61666666666667,2.0,13.240754695941707,26.481509391883414,27.57390292455779,99.9848944444447,26.19421504341101,0,0,0.3021111111111095,Normal
2438,40.63333333333333,2.0,13.240198269843095,26.48039653968619,27.562790134798046,99.98489166666693,26.19210971083673,0,0,0.30216666666666503,Normal
2439,40.65,2.0,13.2396418251616,26.4792836503232,27.55167734472957,99.98488888888915,26.190008836625545,0,0,0.30222222222222056,Normal
2440,40.666666666666664,2.0,13.239085361902736,26.478170723805473,27.540564554352358,99.98488611111136,26.18791241133622,0,0,0.3022777777777761,Normal
2441,40.68333333333333,2.0,13.238528880072018,26.477057760144035,27.52945176366641,99.98488333333358,26.185820425547508,0,0,0.3023333333333316,Normal
2442,40.7,2.0,13.237972379674963,26.475944759349925,27.518338972671724,99.9848805555558,26.18373286985811,0,0,0.30238888888888715,Normal
2443,40.71666666666667,2.0,13.237415860717094,26.47483172143419,27.507226181368306,99.98487777777802,26.181649734886648,0,0,0.3024444444444427,Normal
2444,40.733333333333334,2.0,13.236859323203932,26.473718646407864,27.496113389756154,99.98487500000024,26.179571011271594,0,0,0.3024999999999982,Normal
2445,40.75,2.0,13.236302767141003,26.472605534282007,27.485000597835263,99.98487222222246,26.177496689671255,0,0,0.30255555555555375,Normal
2446,40.766666666666666,2.0,13.235746192533837,26.471492385067673,27.47388780560564,99.98486944444468,26.175426760763717,0,0,0.3026111111111093,Normal
2447,40.78333333333333,2.0,13.235189599387958,26.470379198775916,27.46277501306728,99.9848666666669,26.173361215246807,0,0,0.3026666666666648,Normal
2448,40.8,2.0,13.234632987708903,26.469265975417805,27.451662220220186,99.98486388888912,26.17130004383805,0,0,0.30272222222222034,Normal
2449,40.81666666666667,2.0,13.234076357502202,26.468152715004404,27.440549427064354,99.98486111111134,26.169243237274628,0,0,0.30277777777777587,Normal
2450,40.833333333333336,2.0,13.233519708773397,26.467039417546793,27.42943663359979,99.98485833333356,26.16719078631334,0,0,0.3028333333333314,Normal
2451,40.85,2.0,13.23296304152802,26.46592608305604,27.41832383982649,99.98485555555578,26.16514268173056,0,0,0.30288888888888693,Normal
2452,40.86666666666667,2.0,13.232406355771618,26.464812711543235,27.40721104574445,99.984852777778,26.16309891432219,0,0,0.30294444444444246,Normal
2453,40.88333333333333,2.0,13.231849651509728,26.463699303019457,27.396098251353678,99.98485000000022,26.161059474903627,0,0,0.302999999999998,Normal
2454,40.9,2.0,13.231292928747905,26.46258585749581,27.38498545665417,99.98484722222244,26.159024354309715,0,0,0.3030555555555535,Normal
2455,40.916666666666664,2.0,13.230736187491686,26.461472374983373,27.373872661645926,99.98484444444466,26.156993543394705,0,0,0.30311111111110906,Normal
2456,40.93333333333333,2.0,13.230179427746627,26.460358855493254,27.362759866328947,99.98484166666688,26.15496703303222,0,0,0.3031666666666646,Normal
2457,40.95,2.0,13.229622649518278,26.459245299036557,27.351647070703233,99.9848388888891,26.152944814115212,0,0,0.3032222222222201,Normal
2458,40.96666666666667,2.0,13.229065852812196,26.458131705624393,27.340534274768782,99.98483611111132,26.15092687755591,0,0,0.30327777777777565,Normal
2459,40.983333333333334,2.0,13.22850903763394,26.45701807526788,27.329421478525596,99.98483333333354,26.14891321428579,0,0,0.3033333333333312,Normal
2460,41.0,2.0,13.22795220398906,26.45590440797812,27.318308681973676,99.98483055555576,26.146903815255538,0,0,0.3033888888888867,Normal
2461,41.016666666666666,2.0,13.227395351883125,26.45479070376625,27.307195885113018,99.98482777777798,26.144898671434998,0,0,0.30344444444444224,Normal
2462,41.03333333333333,2.0,13.226838481321694,26.45367696264339,27.296083087943625,99.9848250000002,26.142897773813136,0,0,0.30349999999999777,Normal
2463,41.05,2.0,13.226281592310338,26.452563184620676,27.2849702904655,99.98482222222242,26.140901113398,0,0,0.3035555555555533,Normal
2464,41.06666666666667,2.0,13.225724684854619,26.451449369709238,27.273857492678633,99.98481944444464,26.138908681216687,0,0,0.30361111111110883,Normal
2465,41.083333333333336,2.0,13.22516775896011,26.45033551792022,27.262744694583034,99.98481666666686,26.13692046831529,0,0,0.30366666666666436,Normal
2466,41.1,2.0,13.224610814632385,26.44922162926477,27.251631896178697,99.98481388888908,26.134936465758855,0,0,0.3037222222222199,Normal
2467,41.11666666666667,2.0,13.224053851877017,26.448107703754033,27.240519097465626,99.9848111111113,26.132956664631365,0,0,0.3037777777777754,Normal
2468,41.13333333333333,2.0,13.223496870699583,26.446993741399165,27.22940629844382,99.98480833333352,26.130981056035676,0,0,0.30383333333333096,Normal
2469,41.15,2.0,13.22293987110566,26.44587974221132,27.218293499113276,99.98480555555574,26.12900963109348,0,0,0.3038888888888865,Normal
2470,41.166666666666664,2.0,13.222382853100836,26.44476570620167,27.207180699473998,99.98480277777796,26.127042380945284,0,0,0.303944444444442,Normal
2471,41.18333333333333,2.0,13.22182581669069,26.44365163338138,27.196067899525982,99.98480000000018,26.12507929675034,0,0,0.30399999999999755,Normal
2472,41.2,2.0,13.221268761880806,26.44253752376161,27.18495509926923,99.9847972222224,26.12312036968663,0,0,0.3040555555555531,Normal
2473,41.21666666666667,2.0,13.220711688676776,26.44142337735355,27.173842298703747,99.98479444444462,26.121165590950824,0,0,0.3041111111111086,Normal
2474,41.233333333333334,2.0,13.22015459708419,26.44030919416838,27.162729497829524,99.98479166666684,26.119214951758224,0,0,0.30416666666666414,Normal
2475,41.25,2.0,13.219597487108638,26.439194974217276,27.151616696646567,99.98478888888906,26.117268443342734,0,0,0.3042222222222197,Normal
2476,41.266666666666666,2.0,13.219040358755718,26.438080717511436,27.140503895154872,99.98478611111128,26.11532605695683,0,0,0.3042777777777752,Normal
2477,41.28333333333333,2.0,13.218483212031026,26.436966424062053,27.129391093354442,99.9847833333335,26.113387783871513,0,0,0.30433333333333074,Normal
2478,41.3,2.0,13.21792604694016,26.43585209388032,27.11827829124528,99.98478055555572,26.111453615376256,0,0,0.30438888888888627,Normal
2479,41.31666666666667,2.0,13.217368863488725,26.43473772697745,27.107165488827377,99.98477777777794,26.109523542778987,0,0,0.3044444444444418,Normal
2480,41.333333333333336,2.0,13.216811661682321,26.433623323364642,27.09605268610074,99.98477500000016,26.107597557406045,0,0,0.30449999999999733,Normal
2481,41.35,2.0,13.216254441526557,26.432508883053114,27.084939883065367,99.98477222222238,26.105675650602127,0,0,0.30455555555555286,Normal
2482,41.36666666666667,2.0,13.215697203027041,26.431394406054082,27.07382707972126,99.9847694444446,26.10375781373026,0,0,0.3046111111111084,Normal
2483,41.38333333333333,2.0,13.21513994618938,26.43027989237876,27.062714276068412,99.98476666666681,26.101844038171773,0,0,0.3046666666666639,Normal
2484,41.4,2.0,13.214582671019192,26.429165342038385,27.05160147210683,99.98476388888903,26.099934315326234,0,0,0.30472222222221945,Normal
2485,41.416666666666664,2.0,13.214025377522091,26.428050755044183,27.040488667836513,99.98476111111125,26.098028636611424,0,0,0.304777777777775,Normal
2486,41.43333333333333,2.0,13.213468065703688,26.426936131407377,27.02937586325746,99.98475833333347,26.096126993463304,0,0,0.3048333333333305,Normal
2487,41.45,2.0,13.212910735569611,26.425821471139223,27.01826305836967,99.9847555555557,26.09422937733597,0,0,0.30488888888888604,Normal
2488,41.46666666666667,2.0,13.212353387125477,26.424706774250954,27.007150253173144,99.98475277777791,26.092335779701614,0,0,0.3049444444444416,Normal
2489,41.483333333333334,2.0,13.211796020376912,26.423592040753825,26.99603744766788,99.98475000000013,26.090446192050482,0,0,0.3049999999999971,Normal
2490,41.5,2.0,13.21123863532954,26.42247727065908,26.984924641853883,99.98474722222235,26.088560605890844,0,0,0.30505555555555264,Normal
2491,41.516666666666666,2.0,13.21068123198899,26.42136246397798,26.973811835731148,99.98474444444457,26.08667901274896,0,0,0.30511111111110817,Normal
2492,41.53333333333333,2.0,13.210123810360896,26.420247620721792,26.962699029299678,99.98474166666679,26.08480140416902,0,0,0.3051666666666637,Normal
2493,41.55,2.0,13.209566370450887,26.419132740901773,26.95158622255947,99.98473888888901,26.082927771713134,0,0,0.30522222222221923,Normal
2494,41.56666666666667,2.0,13.209008912264599,26.418017824529198,26.940473415510528,99.98473611111123,26.081058106961272,0,0,0.30527777777777476,Normal
2495,41.583333333333336,2.0,13.20845143580767,26.41690287161534,26.929360608152848,99.98473333333345,26.079192401511236,0,0,0.3053333333333303,Normal
2496,41.6,2.0,13.20789394108574,26.41578788217148,26.918247800486434,99.98473055555567,26.077330646978623,0,0,0.3053888888888858,Normal
2497,41.61666666666667,2.0,13.207336428104448,26.414672856208895,26.90713499251128,99.98472777777789,26.075472834996788,0,0,0.30544444444444135,Normal
2498,41.63333333333333,2.0,13.206778896869443,26.413557793738885,26.896022184227395,99.98472500000011,26.073618957216794,0,0,0.3054999999999969,Normal
2499,41.65,2.0,13.206221347386364,26.41244269477273,26.88490937563477,99.98472222222233,26.071769005307395,0,0,0.3055555555555524,Normal
2500,41.666666666666664,2.0,13.205663779660867,26.411327559321734,26.87379656673341,99.98471944444455,26.06992297095498,0,0,0.30561111111110795,Normal
2501,41.68333333333333,2.0,13.205106193698597,26.410212387397195,26.862683757523314,99.98471666666677,26.068080845863545,0,0,0.3056666666666635,Normal
2502,41.7,2.0,13.204548589505213,26.409097179010427,26.851570948004483,99.98471388888899,26.066242621754657,0,0,0.305722222222219,Normal
2503,41.71666666666667,2.0,13.203990967086366,26.40798193417273,26.840458138176913,99.98471111111121,26.064408290367414,0,0,0.30577777777777454,Normal
2504,41.733333333333334,2.0,13.20343332644771,26.40686665289542,26.82934532804061,99.98470833333343,26.0625778434584,0,0,0.30583333333333007,Normal
2505,41.75,2.0,13.202875667594911,26.405751335189823,26.81823251759557,99.98470555555565,26.060751272801664,0,0,0.3058888888888856,Normal
2506,41.766666666666666,2.0,13.202317990533626,26.40463598106725,26.80711970684179,99.98470277777787,26.058928570188673,0,0,0.30594444444444113,Normal
2507,41.78333333333333,2.0,13.201760295269525,26.40352059053905,26.796006895779275,99.98470000000009,26.057109727428273,0,0,0.30599999999999666,Normal
2508,41.8,2.0,13.201202581808266,26.402405163616532,26.784894084408023,99.98469722222231,26.05529473634666,0,0,0.3060555555555522,Normal
2509,41.81666666666667,2.0,13.200644850155525,26.40128970031105,26.773781272728037,99.98469444444453,26.053483588787337,0,0,0.3061111111111077,Normal
2510,41.833333333333336,2.0,13.200087100316969,26.400174200633938,26.762668460739313,99.98469166666675,26.051676276611083,0,0,0.30616666666666326,Normal
2511,41.85,2.0,13.19952933229827,26.39905866459654,26.75155564844185,99.98468888888897,26.049872791695908,0,0,0.3062222222222188,Normal
2512,41.86666666666667,2.0,13.198971546105104,26.39794309221021,26.740442835835655,99.98468611111119,26.048073125937023,0,0,0.3062777777777743,Normal
2513,41.88333333333333,2.0,13.198413741743149,26.396827483486298,26.72933002292072,99.98468333333341,26.046277271246804,0,0,0.30633333333332985,Normal
2514,41.9,2.0,13.197855919218085,26.39571183843617,26.718217209697052,99.98468055555563,26.04448521955475,0,0,0.3063888888888854,Normal
2515,41.916666666666664,2.0,13.197298078535594,26.394596157071188,26.707104396164645,99.98467777777785,26.042696962807458,0,0,0.3064444444444409,Normal
2516,41.93333333333333,2.0,13.196740219701358,26.393480439402715,26.6959915823235,99.98467500000007,26.040912492968573,0,0,0.30649999999999644,Normal
2517,41.95,2.0,13.196182342721062,26.392364685442125,26.684878768173622,99.98467222222229,26.03913180201876,0,0,0.306555555555552,Normal
2518,41.96666666666667,2.0,13.195624447600398,26.391248895200796,26.673765953715005,99.9846694444445,26.03735488195566,0,0,0.3066111111111075,Normal
2519,41.983333333333334,2.0,13.195066534345054,26.39013306869011,26.662653138947654,99.98466666666673,26.03558172479387,0,0,0.30666666666666303,Normal
2520,42.0,6.0,12.833337455874394,77.00002473524637,26.629314693719387,99.9846583333334,26.03720107769431,0,0,0.3068333333333297,Normal
2521,42.016666666666666,6.0,12.831663414396704,76.98998048638023,26.59597624571249,99.98465000000007,26.038817001694486,0,0,0.30699999999999633,Normal
2522,42.03333333333333,6.0,12.829989210065984,76.9799352603959,26.56263779492696,99.98464166666675,26.040429504055602,0,0,0.307166666666663,Normal
2523,42.05,6.0,12.82831484303642,76.96988905821851,26.5292993413628,99.98463333333342,26.042038592023484,0,0,0.30733333333332963,Normal
2524,42.06666666666667,6.0,12.826640313462367,76.9598418807742,26.49596088502001,99.9846250000001,26.04364427282861,0,0,0.3074999999999963,Normal
2525,42.083333333333336,6.0,12.824965621498368,76.94979372899022,26.462622425898587,99.98461666666677,26.04524655368615,0,0,0.3076666666666629,Normal
2526,42.1,6.0,12.823290767299136,76.93974460379482,26.429283963998532,99.98460833333344,26.04684544179599,0,0,0.3078333333333296,Normal
2527,42.11666666666667,6.0,12.821615751019566,76.9296945061174,26.395945499319843,99.98460000000011,26.048440944342776,0,0,0.3079999999999962,Normal
2528,42.13333333333333,6.0,12.819940572814732,76.91964343688839,26.36260703186252,99.98459166666679,26.05003306849593,0,0,0.30816666666666287,Normal
2529,42.15,6.0,12.818265232839881,76.90959139703929,26.329268561626566,99.98458333333346,26.051621821409704,0,0,0.3083333333333295,Normal
2530,42.166666666666664,6.0,12.81658973125044,76.89953838750264,26.29593008861198,99.98457500000013,26.05320721022319,0,0,0.30849999999999617,Normal
2531,42.18333333333333,6.0,12.814914068202011,76.88948440921206,26.262591612818753,99.98456666666681,26.054789242060362,0,0,0.3086666666666628,Normal
2532,42.2,6.0,12.813238243850378,76.87942946310227,26.229253134246893,99.98455833333348,26.056367924030116,0,0,0.30883333333332946,Normal
2533,42.21666666666667,6.0,12.811562258351497,76.86937355010897,26.1959146528964,99.98455000000016,26.05794326322629,0,0,0.3089999999999961,Normal
2534,42.233333333333334,6.0,12.809886111861504,76.85931667116903,26.162576168767266,99.98454166666683,26.059515266727693,0,0,0.30916666666666276,Normal
2535,42.25,6.0,12.808209804536709,76.84925882722025,26.1292376818595,99.9845333333335,26.061083941598152,0,0,0.3093333333333294,Normal
2536,42.266666666666666,6.0,12.806533336533597,76.83920001920158,26.095899192173096,99.98452500000018,26.062649294886533,0,0,0.30949999999999606,Normal
2537,42.28333333333333,6.0,12.80485670800884,76.82914024805304,26.062560699708055,99.98451666666685,26.064211333626773,0,0,0.3096666666666627,Normal
2538,42.3,6.0,12.803179919119268,76.81907951471561,26.029222204464375,99.98450833333352,26.065770064837917,0,0,0.30983333333332935,Normal
2539,42.31666666666667,6.0,12.8015029700219,76.8090178201314,25.995883706442058,99.9845000000002,26.06732549552414,0,0,0.309999999999996,Normal
2540,42.333333333333336,6.0,12.799825860873929,76.79895516524357,25.9625452056411,99.98449166666687,26.068877632674795,0,0,0.31016666666666265,Normal
2541,42.35,6.0,12.798148591832717,76.78889155099631,25.929206702061503,99.98448333333354,26.070426483264423,0,0,0.3103333333333293,Normal
2542,42.36666666666667,6.0,12.796471163055811,76.77882697833486,25.895868195703265,99.98447500000022,26.071972054252804,0,0,0.31049999999999595,Normal
2543,42.38333333333333,6.0,12.794793574700927,76.76876144820557,25.86252968656639,99.98446666666689,26.073514352584976,0,0,0.3106666666666626,Normal
2544,42.4,6.0,12.793115826925954,76.75869496155572,25.829191174650873,99.98445833333356,26.075053385191268,0,0,0.31083333333332924,Normal
2545,42.416666666666664,6.0,12.79143791988896,76.74862751933375,25.795852659956715,99.98445000000024,26.076589158987332,0,0,0.3109999999999959,Normal
2546,42.43333333333333,6.0,12.789759853748192,76.73855912248915,25.762514142483916,99.98444166666691,26.078121680874183,0,0,0.31116666666666254,Normal
2547,42.45,6.0,12.788081628662056,76.72848977197233,25.729175622232475,99.98443333333358,26.079650957738213,0,0,0.3113333333333292,Normal
2548,42.46666666666667,6.0,12.78640324478915,76.71841946873491,25.69583709920239,99.98442500000026,26.081176996451237,0,0,0.31149999999999584,Normal
2549,42.483333333333334,6.0,12.784724702288234,76.70834821372941,25.662498573393663,99.98441666666693,26.08269980387052,0,0,0.3116666666666625,Normal
2550,42.5,6.0,12.78304600131825,76.6982760079095,25.62916004480629,99.9844083333336,26.084219386838793,0,0,0.31183333333332913,Normal
2551,42.516666666666666,6.0,12.781367142038306,76.68820285222984,25.595821513440274,99.98440000000028,26.08573575218431,0,0,0.3119999999999958,Normal
2552,42.53333333333333,6.0,12.779688124607691,76.67812874764616,25.562482979295613,99.98439166666695,26.08724890672086,0,0,0.31216666666666243,Normal
2553,42.55,6.0,12.778008949185862,76.66805369511518,25.529144442372306,99.98438333333362,26.088758857247804,0,0,0.3123333333333291,Normal
2554,42.56666666666667,6.0,12.776329615932454,76.65797769559472,25.495805902670355,99.9843750000003,26.0902656105501,0,0,0.3124999999999957,Normal
2555,42.583333333333336,6.0,12.774650125007268,76.6479007500436,25.46246736018976,99.98436666666697,26.091769173398347,0,0,0.3126666666666624,Normal
2556,42.6,6.0,12.772970476570285,76.6378228594217,25.429128814930518,99.98435833333365,26.093269552548797,0,0,0.312833333333329,Normal
2557,42.61666666666667,6.0,12.771290670781655,76.62774402468993,25.39579026689263,99.98435000000032,26.0947667547434,0,0,0.31299999999999567,Normal
2558,42.63333333333333,6.0,12.769610707801702,76.61766424681021,25.362451716076094,99.98434166666699,26.096260786709827,0,0,0.3131666666666623,Normal
2559,42.65,6.0,12.767930587790921,76.60758352674553,25.329113162480912,99.98433333333367,26.0977516551615,0,0,0.31333333333332897,Normal
2560,42.666666666666664,6.0,12.766250310909982,76.59750186545989,25.29577460610708,99.98432500000034,26.099239366797626,0,0,0.3134999999999956,Normal
2561,42.68333333333333,6.0,12.764569877319722,76.58741926391833,25.2624360469546,99.98431666666701,26.100723928303232,0,0,0.31366666666666226,Normal
2562,42.7,6.0,12.762889287181157,76.57733572308695,25.229097485023473,99.98430833333369,26.102205346349177,0,0,0.3138333333333289,Normal
2563,42.71666666666667,6.0,12.761208540655469,76.56725124393282,25.195758920313693,99.98430000000036,26.1036836275922,0,0,0.31399999999999556,Normal
2564,42.733333333333334,6.0,12.759527637904009,76.55716582742406,25.162420352825265,99.98429166666703,26.105158778674948,0,0,0.3141666666666622,Normal
2565,42.75,6.0,12.757846579088307,76.54707947452984,25.129081782558185,99.9842833333337,26.10663080622599,0,0,0.31433333333332886,Normal
2566,42.766666666666666,6.0,12.756165364370059,76.53699218622035,25.095743209512456,99.98427500000038,26.108099716859865,0,0,0.3144999999999955,Normal
2567,42.78333333333333,6.0,12.754483993911135,76.52690396346681,25.062404633688075,99.98426666666705,26.109565517177103,0,0,0.31466666666666215,Normal
2568,42.8,6.0,12.752802467873572,76.51681480724143,25.029066055085043,99.98425833333373,26.111028213764257,0,0,0.3148333333333288,Normal
2569,42.81666666666667,6.0,12.75112078641958,76.50672471851749,24.995727473703358,99.9842500000004,26.112487813193933,0,0,0.31499999999999545,Normal
2570,42.833333333333336,6.0,12.749438949711541,76.49663369826925,24.962388889543018,99.98424166666707,26.113944322024818,0,0,0.3151666666666621,Normal
2571,42.85,6.0,12.747756957912006,76.48654174747205,24.929050302604026,99.98423333333375,26.115397746801705,0,0,0.31533333333332875,Normal
2572,42.86666666666667,6.0,12.746074811183693,76.47644886710216,24.89571171288638,99.98422500000042,26.116848094055538,0,0,0.3154999999999954,Normal
2573,42.88333333333333,6.0,12.744392509689492,76.46635505813695,24.86237312039008,99.9842166666671,26.11829537030342,0,0,0.31566666666666204,Normal
2574,42.9,6.0,12.742710053592463,76.45626032155478,24.829034525115127,99.98420833333377,26.119739582048663,0,0,0.3158333333333287,Normal
2575,42.916666666666664,6.0,12.74102744305584,76.44616465833504,24.795695927061516,99.98420000000044,26.121180735780793,0,0,0.31599999999999534,Normal
2576,42.93333333333333,6.0,12.739344678243013,76.43606806945807,24.76235732622925,99.98419166666712,26.12261883797561,0,0,0.316166666666662,Normal
2577,42.95,6.0,12.73766175931756,76.42597055590535,24.729018722618328,99.98418333333379,26.124053895095194,0,0,0.31633333333332864,Normal
2578,42.96666666666667,6.0,12.735978686443211,76.41587211865927,24.69568011622875,99.98417500000046,26.125485913587934,0,0,0.3164999999999953,Normal
2579,42.983333333333334,6.0,12.734295459783876,76.40577275870325,24.662341507060518,99.98416666666714,26.126914899888572,0,0,0.31666666666666193,Normal
2580,43.0,6.0,12.732612079503626,76.39567247702176,24.629002895113626,99.98415833333381,26.12834086041822,0,0,0.3168333333333286,Normal
2581,43.016666666666666,6.0,12.730928545766709,76.38557127460025,24.595664280388075,99.98415000000048,26.129763801584392,0,0,0.31699999999999523,Normal
2582,43.03333333333333,6.0,12.729244858737529,76.37546915242517,24.562325662883868,99.98414166666716,26.131183729781036,0,0,0.3171666666666619,Normal
2583,43.05,6.0,12.72756101858067,76.36536611148401,24.528987042601003,99.98413333333383,26.132600651388557,0,0,0.3173333333333285,Normal
2584,43.06666666666667,6.0,12.725877025460878,76.35526215276528,24.495648419539478,99.9841250000005,26.134014572773854,0,0,0.3174999999999952,Normal
2585,43.083333333333336,6.0,12.724192879543066,76.3451572772584,24.462309793699294,99.98411666666718,26.13542550029033,0,0,0.3176666666666618,Normal
2586,43.1,6.0,12.722508580992322,76.33505148595393,24.428971165080448,99.98410833333385,26.13683344027795,0,0,0.31783333333332847,Normal
2587,43.11666666666667,6.0,12.72082412997389,76.32494477984334,24.395632533682942,99.98410000000052,26.138238399063244,0,0,0.3179999999999951,Normal
2588,43.13333333333333,6.0,12.71913952665319,76.31483715991914,24.362293899506774,99.9840916666672,26.139640382959346,0,0,0.31816666666666177,Normal
2589,43.15,6.0,12.717454771195806,76.30472862717484,24.328955262551947,99.98408333333387,26.14103939826602,0,0,0.3183333333333284,Normal
2590,43.166666666666664,6.0,12.715769863767486,76.29461918260492,24.295616622818457,99.98407500000054,26.14243545126969,0,0,0.31849999999999506,Normal
2591,43.18333333333333,6.0,12.71408480453415,76.28450882720489,24.262277980306305,99.98406666666722,26.143828548243473,0,0,0.3186666666666617,Normal
2592,43.2,6.0,12.71239959366188,76.27439756197128,24.22893933501549,99.98405833333389,26.14521869544719,0,0,0.31883333333332836,Normal
2593,43.21666666666667,6.0,12.710714231316928,76.26428538790157,24.19560068694601,99.98405000000056,26.146605899127422,0,0,0.318999999999995,Normal
2594,43.233333333333334,6.0,12.70902871766571,76.25417230599426,24.162262036097864,99.98404166666724,26.147990165517506,0,0,0.31916666666666166,Normal
2595,43.25,6.0,12.707343052874807,76.24405831724884,24.128923382471058,99.98403333333391,26.149371500837585,0,0,0.3193333333333283,Normal
2596,43.266666666666666,6.0,12.705657237110968,76.2339434226658,24.095584726065585,99.98402500000059,26.150749911294636,0,0,0.31949999999999495,Normal
2597,43.28333333333333,6.0,12.703971270541107,76.22382762324665,24.062246066881446,99.98401666666726,26.152125403082483,0,0,0.3196666666666616,Normal
2598,43.3,6.0,12.7022851533323,76.2137109199938,24.02890740491864,99.98400833333393,26.153497982381836,0,0,0.31983333333332825,Normal
2599,43.31666666666667,6.0,12.700598885651793,76.20359331391076,23.99556874017717,99.9840000000006,26.15486765536032,0,0,0.3199999999999949,Normal
2600,43.333333333333336,6.0,12.698912467666995,76.19347480600197,23.962230072657032,99.98399166666728,26.1562344281725,0,0,0.32016666666666155,Normal
2601,43.35,6.0,12.697225899545478,76.18335539727286,23.92889140235823,99.98398333333395,26.157598306959898,0,0,0.3203333333333282,Normal
2602,43.36666666666667,6.0,12.695539181454981,76.17323508872988,23.89555272928076,99.98397500000063,26.15895929785104,0,0,0.32049999999999484,Normal
2603,43.38333333333333,6.0,12.693852313563408,76.16311388138044,23.86221405342462,99.9839666666673,26.160317406961475,0,0,0.3206666666666615,Normal
2604,43.4,6.0,12.692165296038826,76.15299177623297,23.82887537478981,99.98395833333397,26.161672640393792,0,0,0.32083333333332814,Normal
2605,43.416666666666664,6.0,12.690478129049467,76.1428687742968,23.795536693376334,99.98395000000065,26.163025004237664,0,0,0.3209999999999948,Normal
2606,43.43333333333333,6.0,12.688790812763726,76.13274487658235,23.76219800918419,99.98394166666732,26.164374504569867,0,0,0.32116666666666144,Normal
2607,43.45,6.0,12.687103347350156,76.12262008410093,23.728859322213374,99.983933333334,26.165721147454306,0,0,0.3213333333333281,Normal
2608,43.46666666666667,6.0,12.685415732977486,76.11249439786491,23.69552063246389,99.98392500000067,26.16706493894205,0,0,0.32149999999999473,Normal
2609,43.483333333333334,6.0,12.6837279698146,76.1023678188876,23.66218193993573,99.98391666666734,26.16840588507135,0,0,0.3216666666666614,Normal
2610,43.5,6.0,12.682040058030543,76.09224034818325,23.628843244628904,99.98390833333401,26.16974399186767,0,0,0.32183333333332803,Normal
2611,43.516666666666666,6.0,12.680351997794531,76.08211198676719,23.595504546543403,99.98390000000069,26.171079265343714,0,0,0.3219999999999947,Normal
2612,43.53333333333333,6.0,12.678663789275937,76.07198273565562,23.562165845679232,99.98389166666736,26.172411711499457,0,0,0.3221666666666613,Normal
2613,43.55,6.0,12.6769754326443,76.0618525958658,23.528827142036388,99.98388333333403,26.173741336322163,0,0,0.322333333333328,Normal
2614,43.56666666666667,6.0,12.675286928069319,76.05172156841591,23.49548843561487,99.98387500000071,26.175068145786422,0,0,0.3224999999999946,Normal
2615,43.583333333333336,6.0,12.673598275720853,76.04158965432512,23.46214972641468,99.98386666666738,26.17639214585417,0,0,0.3226666666666613,Normal
2616,43.6,6.0,12.671909475768926,76.03145685461355,23.428811014435816,99.98385833333406,26.177713342474714,0,0,0.3228333333333279,Normal
2617,43.61666666666667,6.0,12.670220528383723,76.02132317030234,23.395472299678275,99.98385000000073,26.17903174158477,0,0,0.32299999999999457,Normal
2618,43.63333333333333,6.0,12.668531433735597,76.01118860241358,23.36213358214206,99.9838416666674,26.180347349108473,0,0,0.3231666666666612,Normal
2619,43.65,6.0,12.66684219199505,76.0010531519703,23.32879486182717,99.98383333333408,26.18166017095742,0,0,0.32333333333332787,Normal
2620,43.666666666666664,6.0,12.665152803332756,75.99091681999653,23.295456138733602,99.98382500000075,26.18297021303069,0,0,0.3234999999999945,Normal
2621,43.68333333333333,6.0,12.663463267919543,75.98077960751726,23.262117412861357,99.98381666666742,26.18427748121486,0,0,0.32366666666666116,Normal
2622,43.7,6.0,12.661773585926404,75.97064151555843,23.228778684210436,99.9838083333341,26.18558198138405,0,0,0.3238333333333278,Normal
2623,43.71666666666667,6.0,12.660083757524498,75.960502545147,23.195439952780838,99.98380000000077,26.186883719399944,0,0,0.32399999999999446,Normal
2624,43.733333333333334,6.0,12.65839378288513,75.95036269731078,23.162101218572563,99.98379166666744,26.188182701111803,0,0,0.3241666666666611,Normal
2625,43.75,6.0,12.656703662179778,75.94022197307866,23.12876248158561,99.98378333333412,26.189478932356508,0,0,0.32433333333332776,Normal
2626,43.766666666666666,6.0,12.65501339558007,75.93008037348042,23.095423741819978,99.98377500000079,26.190772418958577,0,0,0.3244999999999944,Normal
2627,43.78333333333333,6.0,12.653322983257807,75.91993789954684,23.06208499927567,99.98376666666746,26.192063166730193,0,0,0.32466666666666105,Normal
2628,43.8,6.0,12.651632425384939,75.90979455230963,23.02874625395268,99.98375833333414,26.193351181471236,0,0,0.3248333333333277,Normal
2629,43.81666666666667,6.0,12.649941722133581,75.89965033280149,22.99540750585101,99.98375000000081,26.194636468969296,0,0,0.32499999999999435,Normal
2630,43.833333333333336,6.0,12.648250873676004,75.88950524205602,22.96206875497066,99.98374166666748,26.195919034999715,0,0,0.325166666666661,Normal
2631,43.85,6.0,12.646559880184642,75.87935928110785,22.928730001311628,99.98373333333416,26.197198885325598,0,0,0.32533333333332765,Normal
2632,43.86666666666667,6.0,12.64486874183208,75.86921245099248,22.895391244873913,99.98372500000083,26.19847602569785,0,0,0.3254999999999943,Normal
2633,43.88333333333333,6.0,12.643177458791072,75.85906475274643,22.862052485657518,99.9837166666675,26.199750461855196,0,0,0.32566666666666094,Normal
2634,43.9,6.0,12.64148603123453,75.84891618740718,22.82871372366244,99.98370833333418,26.201022199524207,0,0,0.3258333333333276,Normal
2635,43.916666666666664,6.0,12.639794459335512,75.83876675601307,22.79537495888868,99.98370000000085,26.20229124441933,0,0,0.32599999999999424,Normal
2636,43.93333333333333,6.0,12.638102743267252,75.82861645960351,22.762036191336236,99.98369166666753,26.203557602242913,0,0,0.3261666666666609,Normal
2637,43.95,6.0,12.636410883203126,75.81846529921876,22.72869742100511,99.9836833333342,26.204821278685223,0,0,0.32633333333332754,Normal
2638,43.96666666666667,6.0,12.63471887931668,75.80831327590008,22.695358647895297,99.98367500000087,26.20608227942448,0,0,0.3264999999999942,Normal
2639,43.983333333333334,6.0,12.633026731781609,75.79816039068965,22.662019872006802,99.98366666666755,26.207340610126874,0,0,0.32666666666666083,Normal
2640,44.0,9.0,12.360444107821086,111.24399697038977,22.61201170400603,99.98365416666755,26.213361761318662,0,0,0.3269166666666608,Normal
2641,44.016666666666666,9.0,12.357905261629814,111.22114735466832,22.562003529753213,99.98364166666755,26.2193701629094,0,0,0.3271666666666608,Normal
2642,44.03333333333333,9.0,12.355366093796016,111.19829484416415,22.51199534924835,99.98362916666755,26.22536584189824,0,0,0.32741666666666075,Normal
2643,44.05,9.0,12.352826604908714,111.17543944417842,22.461987162491447,99.98361666666756,26.23134882522716,0,0,0.3276666666666607,Normal
2644,44.06666666666667,9.0,12.350286795557711,111.1525811600194,22.411978969482494,99.98360416666756,26.23731913978109,0,0,0.3279166666666607,Normal
2645,44.083333333333336,9.0,12.34774666633361,111.12971999700248,22.36197077022149,99.98359166666756,26.24327681238802,0,0,0.32816666666666067,Normal
2646,44.1,9.0,12.345206217827798,111.10685596045018,22.311962564708434,99.98357916666757,26.24922186981914,0,0,0.32841666666666064,Normal
2647,44.11666666666667,9.0,12.34266545063245,111.08398905569206,22.261954352943327,99.98356666666757,26.255154338788937,0,0,0.3286666666666606,Normal
2648,44.13333333333333,9.0,12.340124365340534,111.0611192880648,22.211946134926166,99.98355416666757,26.261074245955324,0,0,0.3289166666666606,Normal
2649,44.15,9.0,12.337582962545794,111.03824666291214,22.16193791065695,99.98354166666758,26.26698161791977,0,0,0.32916666666666056,Normal
2650,44.166666666666664,9.0,12.335041242842758,111.01537118558483,22.111929680135678,99.98352916666758,26.272876481227414,0,0,0.32941666666666053,Normal
2651,44.18333333333333,9.0,12.332499206826743,110.99249286144068,22.061921443362348,99.98351666666758,26.278758862367166,0,0,0.3296666666666605,Normal
2652,44.2,9.0,12.329956855093842,110.96961169584458,22.011913200336956,99.98350416666759,26.284628787771858,0,0,0.3299166666666605,Normal
2653,44.21666666666667,9.0,12.327414188240924,110.94672769416832,21.961904951059502,99.98349166666759,26.290486283818343,0,0,0.33016666666666045,Normal
2654,44.233333333333334,9.0,12.324871206865641,110.92384086179077,21.911896695529986,99.98347916666759,26.29633137682761,0,0,0.3304166666666604,Normal
2655,44.25,9.0,12.322327911566415,110.90095120409774,21.861888433748405,99.9834666666676,26.302164093064917,0,0,0.3306666666666604,Normal
2656,44.266666666666666,9.0,12.319784302942452,110.87805872648207,21.811880165714758,99.9834541666676,26.3079844587399,0,0,0.33091666666666036,Normal
2657,44.28333333333333,9.0,12.317240381593717,110.85516343434345,21.761871891429042,99.9834416666676,26.313792500006684,0,0,0.33116666666666034,Normal
2658,44.3,9.0,12.314696148120959,110.83226533308863,21.711863610891257,99.9834291666676,26.319588242964024,0,0,0.3314166666666603,Normal
2659,44.31666666666667,9.0,12.312151603125692,110.80936442813123,21.6618553241014,99.98341666666761,26.325371713655393,0,0,0.3316666666666603,Normal
2660,44.333333333333336,9.0,12.3096067472102,110.7864607248918,21.61184703105947,99.98340416666761,26.331142938069124,0,0,0.33191666666666025,Normal
2661,44.35,9.0,12.30706158097753,110.76355422879777,21.561838731765466,99.98339166666761,26.336901942138507,0,0,0.3321666666666602,Normal
2662,44.36666666666667,9.0,12.304516105031501,110.7406449452835,21.511830426219387,99.98337916666762,26.34264875174192,0,0,0.3324166666666602,Normal
2663,44.38333333333333,9.0,12.30197031997669,110.7177328797902,21.46182211442123,99.98336666666762,26.348383392702935,0,0,0.33266666666666017,Normal
2664,44.4,9.0,12.29942422641844,110.69481803776596,21.411813796370996,99.98335416666762,26.354105890790446,0,0,0.33291666666666014,Normal
2665,44.416666666666664,9.0,12.29687782496286,110.67190042466574,21.36180547206868,99.98334166666763,26.359816271718774,0,0,0.3331666666666601,Normal
2666,44.43333333333333,9.0,12.294331116216805,110.64898004595125,21.311797141514283,99.98332916666763,26.36551456114778,0,0,0.3334166666666601,Normal
2667,44.45,9.0,12.291784100787899,110.62605690709108,21.261788804707802,99.98331666666763,26.371200784682998,0,0,0.33366666666666006,Normal
2668,44.46666666666667,9.0,12.289236779284524,110.60313101356071,21.211780461649237,99.98330416666764,26.37687496787573,0,0,0.33391666666666003,Normal
2669,44.483333333333334,9.0,12.28668915231581,110.5802023708423,21.161772112338586,99.98329166666764,26.382537136223167,0,0,0.33416666666666,Normal
2670,44.5,9.0,12.284141220491641,110.55727098442478,21.111763756775844,99.98327916666764,26.38818731516852,0,0,0.33441666666666,Normal
2671,44.516666666666666,9.0,12.281592984422659,110.53433685980393,21.06175539496101,99.98326666666765,26.393825530101104,0,0,0.33466666666665995,Normal
2672,44.53333333333333,9.0,12.279044444720252,110.51140000248228,21.01174702689409,99.98325416666765,26.399451806356478,0,0,0.3349166666666599,Normal
2673,44.55,9.0,12.276495601996562,110.48846041796905,20.96173865257507,99.98324166666765,26.405066169216546,0,0,0.3351666666666599,Normal
2674,44.56666666666667,9.0,12.273946456864474,110.46551811178027,20.91173027200396,99.98322916666766,26.410668643909677,0,0,0.33541666666665987,Normal
2675,44.583333333333336,9.0,12.271397009937616,110.44257308943854,20.861721885180756,99.98321666666766,26.41625925561081,0,0,0.33566666666665984,Normal
2676,44.6,9.0,12.268847261830368,110.41962535647332,20.81171349210545,99.98320416666766,26.421838029441577,0,0,0.3359166666666598,Normal
2677,44.61666666666667,9.0,12.26629721315785,110.39667491842066,20.761705092778048,99.98319166666766,26.427404990470407,0,0,0.3361666666666598,Normal
2678,44.63333333333333,9.0,12.263746864535925,110.37372178082333,20.711696687198543,99.98317916666767,26.432960163712647,0,0,0.33641666666665976,Normal
2679,44.65,9.0,12.261196216581189,110.35076594923069,20.661688275366938,99.98316666666767,26.438503574130667,0,0,0.33666666666665973,Normal
2680,44.666666666666664,9.0,12.258645269910987,110.32780742919888,20.611679857283228,99.98315416666767,26.44403524663398,0,0,0.3369166666666597,Normal
2681,44.68333333333333,9.0,12.256094025143394,110.30484622629055,20.561671432947414,99.98314166666768,26.449555206079342,0,0,0.3371666666666597,Normal
2682,44.7,9.0,12.253542482897224,110.28188234607501,20.51166300235949,99.98312916666768,26.45506347727088,0,0,0.33741666666665965,Normal
2683,44.71666666666667,9.0,12.250990643792022,110.2589157941282,20.46165456551946,99.98311666666768,26.46056008496019,0,0,0.3376666666666596,Normal
2684,44.733333333333334,9.0,12.248438508448066,110.23594657603259,20.411646122427317,99.98310416666769,26.46604505384645,0,0,0.3379166666666596,Normal
2685,44.75,9.0,12.245886077486364,110.21297469737728,20.361637673083063,99.98309166666769,26.47151840857654,0,0,0.33816666666665957,Normal
2686,44.766666666666666,9.0,12.243333351528658,110.19000016375793,20.311629217486697,99.9830791666677,26.47698017374514,0,0,0.33841666666665954,Normal
2687,44.78333333333333,9.0,12.240780331197417,110.16702298077675,20.261620755638216,99.9830666666677,26.482430373894857,0,0,0.3386666666666595,Normal
2688,44.8,9.0,12.238227017115827,110.14404315404245,20.21161228753762,99.9830541666677,26.487869033516315,0,0,0.3389166666666595,Normal
2689,44.81666666666667,9.0,12.235673409907811,110.12106068917029,20.161603813184904,99.9830416666677,26.49329617704828,0,0,0.33916666666665946,Normal
2690,44.833333333333336,9.0,12.233119510198007,110.09807559178206,20.11159533258007,99.9830291666677,26.498711828877767,0,0,0.33941666666665943,Normal
2691,44.85,9.0,12.230565318611783,110.07508786750604,20.061586845723113,99.98301666666771,26.50411601334014,0,0,0.3396666666666594,Normal
2692,44.86666666666667,9.0,12.228010835775212,110.0520975219769,20.011578352614034,99.98300416666771,26.509508754719246,0,0,0.3399166666666594,Normal
2693,44.88333333333333,9.0,12.2254560623151,110.0291045608359,19.96156985325283,99.98299166666771,26.514890077247486,0,0,0.34016666666665935,Normal
2694,44.9,9.0,12.22290099885897,110.00610898973073,19.9115613476395,99.98297916666772,26.52026000510596,0,0,0.3404166666666593,Normal
2695,44.916666666666664,9.0,12.220345646035048,109.98311081431542,19.86155283577404,99.98296666666772,26.525618562424558,0,0,0.3406666666666593,Normal
2696,44.93333333333333,9.0,12.217790004472285,109.96011004025056,19.811544317656455,99.98295416666772,26.53096577328207,0,0,0.34091666666665926,Normal
2697,44.95,9.0,12.21523407480034,109.93710667320306,19.76153579328674,99.98294166666773,26.536301661706297,0,0,0.34116666666665924,Normal
2698,44.96666666666667,9.0,12.212677857649586,109.91410071884627,19.71152726266489,99.98292916666773,26.541626251674153,0,0,0.3414166666666592,Normal
2699,44.983333333333334,9.0,12.210121353651102,109.89109218285992,19.66151872579091,99.98291666666773,26.546939567111785,0,0,0.3416666666666592,Normal
2700,45.0,9.0,12.207564563436675,109.86808107093007,19.61151018266479,99.98290416666774,26.552241631894667,0,0,0.34191666666665915,Normal
2701,45.016666666666666,9.0,12.205007487638794,109.84506738874914,19.561501633286536,99.98289166666774,26.557532469847715,0,0,0.3421666666666591,Normal
2702,45.03333333333333,9.0,12.202450126890666,109.822051142016,19.511493077656144,99.98287916666774,26.56281210474539,0,0,0.3424166666666591,Normal
2703,45.05,9.0,12.199892481826188,109.79903233643569,19.461484515773613,99.98286666666775,26.568080560311813,0,0,0.34266666666665907,Normal
2704,45.06666666666667,9.0,12.197334553079964,109.77601097771968,19.41147594763894,99.98285416666775,26.57333786022086,0,0,0.34291666666665904,Normal
2705,45.083333333333336,9.0,12.194776341287294,109.75298707158565,19.361467373252125,99.98284166666775,26.578584028096277,0,0,0.343166666666659,Normal
2706,45.1,9.0,12.192217847084182,109.72996062375763,19.311458792613166,99.98282916666776,26.583819087511777,0,0,0.343416666666659,Normal
2707,45.11666666666667,9.0,12.189659071107323,109.70693163996592,19.26145020572206,99.98281666666776,26.589043061991163,0,0,0.34366666666665896,Normal
2708,45.13333333333333,9.0,12.187100013994115,109.68390012594703,19.211441612578806,99.98280416666776,26.594255975008416,0,0,0.34391666666665893,Normal
2709,45.15,9.0,12.184540676382637,109.66086608744374,19.1614330131834,99.98279166666777,26.59945784998781,0,0,0.3441666666666589,Normal
2710,45.166666666666664,9.0,12.181981058911674,109.63782953020507,19.111424407535846,99.98277916666777,26.604648710304012,0,0,0.3444166666666589,Normal
2711,45.18333333333333,9.0,12.179421162220693,109.61479045998624,19.06141579563614,99.98276666666777,26.60982857928219,0,0,0.34466666666665885,Normal
2712,45.2,9.0,12.176860986949851,109.59174888254866,19.01140717748428,99.98275416666777,26.614997480198124,0,0,0.3449166666666588,Normal
2713,45.21666666666667,9.0,12.174300533739999,109.56870480365998,18.961398553080265,99.98274166666778,26.620155436278292,0,0,0.3451666666666588,Normal
2714,45.233333333333334,9.0,12.171739803232656,109.5456582290939,18.911389922424092,99.98272916666778,26.625302470699996,0,0,0.34541666666665877,Normal
2715,45.25,9.0,12.169178796070046,109.52260916463041,18.861381285515762,99.98271666666778,26.630438606591454,0,0,0.34566666666665874,Normal
2716,45.266666666666666,9.0,12.166617512895066,109.4995576160556,18.81137264235527,99.98270416666779,26.63556386703191,0,0,0.3459166666666587,Normal
2717,45.28333333333333,9.0,12.164055954351292,109.47650358916164,18.761363992942616,99.98269166666779,26.640678275051723,0,0,0.3461666666666587,Normal
2718,45.3,9.0,12.161494121082981,109.45344708974683,18.711355337277798,99.9826791666678,26.645781853632496,0,0,0.34641666666665866,Normal
2719,45.31666666666667,9.0,12.158932013735074,109.43038812361566,18.661346675360814,99.9826666666678,26.650874625707157,0,0,0.34666666666665863,Normal
2720,45.333333333333336,9.0,12.156369632953178,109.4073266965786,18.611338007191666,99.9826541666678,26.655956614160072,0,0,0.3469166666666586,Normal
2721,45.35,9.0,12.15380697938358,109.38426281445221,18.56132933277035,99.9826416666678,26.661027841827146,0,0,0.3471666666666586,Normal
2722,45.36666666666667,9.0,12.151244053673242,109.36119648305917,18.511320652096863,99.9826291666678,26.666088331495924,0,0,0.34741666666665855,Normal
2723,45.38333333333333,9.0,12.148680856469793,109.33812770822814,18.461311965171205,99.98261666666781,26.671138105905698,0,0,0.3476666666666585,Normal
2724,45.4,9.0,12.146117388421535,109.31505649579381,18.411303271993376,99.98260416666781,26.6761771877476,0,0,0.3479166666666585,Normal
2725,45.416666666666664,9.0,12.143553650177434,109.29198285159691,18.36129457256337,99.98259166666782,26.681205599664725,0,0,0.34816666666665846,Normal
2726,45.43333333333333,9.0,12.14098964238713,109.26890678148416,18.31128586688119,99.98257916666782,26.6862233642522,0,0,0.34841666666665844,Normal
2727,45.45,9.0,12.13842536570092,109.24582829130829,18.261277154946832,99.98256666666782,26.691230504057312,0,0,0.3486666666666584,Normal
2728,45.46666666666667,9.0,12.13586082076977,109.22274738692792,18.211268436760296,99.98255416666782,26.696227041579604,0,0,0.3489166666666584,Normal
2729,45.483333333333334,9.0,12.133296008245303,109.19966407420773,18.161259712321577,99.98254166666783,26.701212999270965,0,0,0.34916666666665835,Normal
2730,45.5,9.0,12.13073092877981,109.1765783590183,18.11125098163068,99.98252916666783,26.706188399535744,0,0,0.3494166666666583,Normal
2731,45.516666666666666,9.0,12.128165583026231,109.15349024723608,18.061242244687595,99.98251666666783,26.711153264730847,0,0,0.3496666666666583,Normal
2732,45.53333333333333,9.0,12.125599971638167,109.1303997447435,18.011233501492327,99.98250416666784,26.71610761716583,0,0,0.34991666666665827,Normal
2733,45.55,9.0,12.123034095269878,109.1073068574289,17.961224752044874,99.98249166666784,26.721051479103007,0,0,0.35016666666665824,Normal
2734,45.56666666666667,9.0,12.120467954576275,109.08421159118647,17.91121599634523,99.98247916666784,26.725984872757554,0,0,0.3504166666666582,Normal
2735,45.583333333333336,9.0,12.117901550212917,109.06111395191625,17.861207234393397,99.98246666666785,26.730907820297595,0,0,0.3506666666666582,Normal
2736,45.6,9.0,12.115334882836018,109.03801394552417,17.811198466189374,99.98245416666785,26.735820343844317,0,0,0.35091666666665816,Normal
2737,45.61666666666667,9.0,12.112767953102443,109.01491157792199,17.761189691733158,99.98244166666785,26.740722465472057,0,0,0.35116666666665813,Normal
2738,45.63333333333333,9.0,12.110200761669699,108.99180685502729,17.711180911024744,99.98242916666786,26.745614207208412,0,0,0.3514166666666581,Normal
2739,45.65,9.0,12.107633309195943,108.9686997827635,17.661172124064137,99.98241666666786,26.750495591034323,0,0,0.3516666666666581,Normal
2740,45.666666666666664,9.0,12.105065596339971,108.94559036705974,17.61116333085133,99.98240416666786,26.75536663888419,0,0,0.35191666666665805,Normal
2741,45.68333333333333,9.0,12.102497623761227,108.92247861385104,17.561154531386325,99.98239166666787,26.760227372645964,0,0,0.352166666666658,Normal
2742,45.7,9.0,12.099929392119794,108.89936452907814,17.51114572566912,99.98237916666787,26.765077814161245,0,0,0.352416666666658,Normal
2743,45.71666666666667,9.0,12.09736090207639,108.87624811868751,17.46113691369971,99.98236666666787,26.769917985225373,0,0,0.35266666666665797,Normal
2744,45.733333333333334,9.0,12.094792154292374,108.85312938863137,17.411128095478098,99.98235416666788,26.774747907587543,0,0,0.35291666666665794,Normal
2745,45.75,9.0,12.092223149429742,108.83000834486768,17.36111927100428,99.98234166666788,26.779567602950888,0,0,0.3531666666666579,Normal
2746,45.766666666666666,9.0,12.089653888151124,108.80688499336011,17.311110440278256,99.98232916666788,26.78437709297258,0,0,0.3534166666666579,Normal
2747,45.78333333333333,9.0,12.087084371119783,108.78375934007805,17.261101603300023,99.98231666666788,26.789176399263933,0,0,0.35366666666665786,Normal
2748,45.8,9.0,12.084514598999606,108.76063139099645,17.21109276006958,99.98230416666789,26.79396554339049,0,0,0.35391666666665783,Normal
2749,45.81666666666667,9.0,12.08194457245512,108.73750115209607,17.161083910586925,99.98229166666789,26.798744546872136,0,0,0.3541666666666578,Normal
2750,45.833333333333336,9.0,12.07937429215147,108.71436862936324,17.111075054852055,99.9822791666679,26.80351343118317,0,0,0.3544166666666578,Normal
2751,45.85,9.0,12.076803758754437,108.69123382878993,17.06106619286497,99.9822666666679,26.808272217752428,0,0,0.35466666666665775,Normal
2752,45.86666666666667,9.0,12.074232972930417,108.66809675637376,17.01105732462567,99.9822541666679,26.813020927963365,0,0,0.3549166666666577,Normal
2753,45.88333333333333,9.0,12.071661935346436,108.64495741811793,16.961048450134154,99.9822416666679,26.81775958315415,0,0,0.3551666666666577,Normal
2754,45.9,9.0,12.069090646670135,108.62181582003122,16.911039569390415,99.9822291666679,26.822488204617763,0,0,0.35541666666665767,Normal
2755,45.916666666666664,9.0,12.066519107569777,108.59867196812799,16.861030682394457,99.98221666666791,26.8272068136021,0,0,0.35566666666665764,Normal
2756,45.93333333333333,9.0,12.063947318714249,108.57552586842823,16.811021789146274,99.98220416666791,26.83191543131006,0,0,0.3559166666666576,Normal
2757,45.95,9.0,12.061375280773039,108.55237752695734,16.76101288964587,99.98219166666792,26.836614078899636,0,0,0.3561666666666576,Normal
2758,45.96666666666667,9.0,12.058802994416267,108.5292269497464,16.711003983893235,99.98217916666792,26.841302777484024,0,0,0.35641666666665756,Normal
2759,45.983333333333334,9.0,12.056230460314652,108.50607414283186,16.660995071888376,99.98216666666792,26.845981548131704,0,0,0.35666666666665753,Normal
2760,46.0,-3.0,13.13728057673909,-39.411841730217276,16.677664711307404,99.98216250000125,26.84302552189301,0,0,0.35674999999999085,Normal
2761,46.016666666666666,-3.0,13.138138065757516,-39.41441419727255,16.694334351421126,99.98215833333458,26.840075755514295,0,0,0.3568333333333242,Normal
2762,46.03333333333333,-3.0,13.138995527345045,-39.416986582035136,16.71100399222954,99.98215416666791,26.837132235739382,0,0,0.3569166666666575,Normal
2763,46.05,-3.0,13.139852961476816,-39.419558884430444,16.727673633732646,99.98215000000124,26.83419494934017,0,0,0.3569999999999908,Normal
2764,46.06666666666667,-3.0,13.140710368127971,-39.422131104383915,16.744343275930444,99.98214583333457,26.831263883116566,0,0,0.35708333333332415,Normal
2765,46.083333333333336,-3.0,13.14156774727366,-39.42470324182098,16.761012918822935,99.9821416666679,26.828339023896437,0,0,0.3571666666666575,Normal
2766,46.1,-3.0,13.142425098889046,-39.42727529666713,16.777682562410117,99.98213750000123,26.82542035853554,0,0,0.3572499999999908,Normal
2767,46.11666666666667,-3.0,13.143282422949293,-39.42984726884788,16.794352206691993,99.98213333333456,26.822507873917463,0,0,0.3573333333333241,Normal
2768,46.13333333333333,-3.0,13.144139719429573,-39.43241915828872,16.811021851668563,99.98212916666789,26.81960155695358,0,0,0.35741666666665745,Normal
2769,46.15,-3.0,13.144996988305069,-39.43499096491521,16.827691497339824,99.98212500000122,26.81670139458297,0,0,0.35749999999999077,Normal
2770,46.166666666666664,-3.0,13.145854229550974,-39.43756268865292,16.84436114370578,99.98212083333455,26.813807373772384,0,0,0.3575833333333241,Normal
2771,46.18333333333333,-3.0,13.146711443142479,-39.44013432942744,16.861030790766428,99.98211666666788,26.81091948151616,0,0,0.3576666666666574,Normal
2772,46.2,-3.0,13.147568629054794,-39.44270588716438,16.877700438521767,99.98211250000121,26.808037704836185,0,0,0.35774999999999074,Normal
2773,46.21666666666667,-3.0,13.148425787263125,-39.44527736178938,16.8943700869718,99.98210833333454,26.805162030781826,0,0,0.35783333333332407,Normal
2774,46.233333333333334,-3.0,13.149282917742697,-39.447848753228094,16.91103973611653,99.98210416666787,26.802292446429878,0,0,0.3579166666666574,Normal
2775,46.25,-3.0,13.150140020468735,-39.450420061406206,16.927709385955946,99.9821000000012,26.799428938884496,0,0,0.3579999999999907,Normal
2776,46.266666666666666,-3.0,13.150997095416473,-39.45299128624942,16.94437903649006,99.98209583333453,26.796571495277153,0,0,0.35808333333332404,Normal
2777,46.28333333333333,-3.0,13.151854142561154,-39.45556242768346,16.961048687718865,99.98209166666786,26.793720102766567,0,0,0.35816666666665736,Normal
2778,46.3,-3.0,13.15271116187803,-39.458133485634086,16.97771833964236,99.98208750000119,26.79087474853865,0,0,0.3582499999999907,Normal
2779,46.31666666666667,-3.0,13.153568153342354,-39.46070446002706,16.994387992260553,99.98208333333451,26.788035419806448,0,0,0.358333333333324,Normal
2780,46.333333333333336,-3.0,13.154425116929396,-39.46327535078819,17.011057645573437,99.98207916666784,26.785202103810093,0,0,0.35841666666665734,Normal
2781,46.35,-3.0,13.155282052614426,-39.46584615784328,17.027727299581016,99.98207500000117,26.78237478781673,0,0,0.35849999999999066,Normal
2782,46.36666666666667,-3.0,13.156138960372727,-39.46841688111818,17.04439695428329,99.9820708333345,26.77955345912047,0,0,0.358583333333324,Normal
2783,46.38333333333333,-3.0,13.156995840179587,-39.470987520538756,17.061066609680253,99.98206666666783,26.776738105042334,0,0,0.3586666666666573,Normal
2784,46.4,-3.0,13.1578526920103,-39.4735580760309,17.07773626577191,99.98206250000116,26.773928712930186,0,0,0.35874999999999063,Normal
2785,46.416666666666664,-3.0,13.15870951584017,-39.47612854752051,17.094405922558263,99.98205833333449,26.771125270158688,0,0,0.35883333333332396,Normal
2786,46.43333333333333,-3.0,13.159566311644511,-39.47869893493353,17.11107558003931,99.98205416666782,26.768327764129236,0,0,0.3589166666666573,Normal
2787,46.45,-3.0,13.16042307939864,-39.48126923819592,17.12774523821505,99.98205000000115,26.7655361822699,0,0,0.3589999999999906,Normal
2788,46.46666666666667,-3.0,13.161279819077883,-39.48383945723365,17.144414897085483,99.98204583333448,26.76275051203539,0,0,0.35908333333332393,Normal
2789,46.483333333333334,-3.0,13.162136530657577,-39.48640959197273,17.16108455665061,99.98204166666781,26.75997074090696,0,0,0.35916666666665725,Normal
2790,46.5,-3.0,13.162993214113062,-39.48897964233919,17.177754216910433,99.98203750000114,26.757196856392394,0,0,0.3592499999999906,Normal
2791,46.516666666666666,-3.0,13.163849869419687,-39.491549608259064,17.19442387786495,99.98203333333447,26.754428846025917,0,0,0.3593333333333239,Normal
2792,46.53333333333333,-3.0,13.164706496552812,-39.49411948965844,17.21109353951416,99.9820291666678,26.751666697368155,0,0,0.3594166666666572,Normal
2793,46.55,-3.0,13.165563095487801,-39.49668928646341,17.227763201858064,99.98202500000113,26.748910398006082,0,0,0.35949999999999055,Normal
2794,46.56666666666667,-3.0,13.166419666200028,-39.499258998600084,17.244432864896662,99.98202083333446,26.746159935552953,0,0,0.3595833333333239,Normal
2795,46.583333333333336,-3.0,13.167276208664871,-39.50182862599461,17.261102528629955,99.98201666666779,26.74341529764825,0,0,0.3596666666666572,Normal
2796,46.6,-3.0,13.168132722857722,-39.50439816857317,17.27777219305794,99.98201250000112,26.740676471957645,0,0,0.3597499999999905,Normal
2797,46.61666666666667,-3.0,13.168989208753977,-39.50696762626193,17.294441858180623,99.98200833333445,26.73794344617291,0,0,0.35983333333332385,Normal
2798,46.63333333333333,-3.0,13.169845666329037,-39.50953699898711,17.311111523997997,99.98200416666778,26.735216208011895,0,0,0.35991666666665717,Normal
2799,46.65,-3.0,13.170702095558317,-39.51210628667495,17.327781190510066,99.98200000000111,26.732494745218457,0,0,0.3599999999999905,Normal
2800,46.666666666666664,-3.0,13.171558496417235,-39.51467548925171,17.34445085771683,99.98199583333444,26.729779045562406,0,0,0.3600833333333238,Normal
2801,46.68333333333333,-3.0,13.172414868881221,-39.517244606643665,17.361120525618286,99.98199166666777,26.72706909683945,0,0,0.36016666666665714,Normal
2802,46.7,-3.0,13.173271212925705,-39.519813638777116,17.377790194214437,99.9819875000011,26.724364886871143,0,0,0.36024999999999047,Normal
2803,46.71666666666667,-3.0,13.174127528526133,-39.5223825855784,17.394459863505286,99.98198333333443,26.721666403504827,0,0,0.3603333333333238,Normal
2804,46.733333333333334,-3.0,13.174983815657956,-39.52495144697387,17.41112953349083,99.98197916666776,26.71897363461358,0,0,0.3604166666666571,Normal
2805,46.75,-3.0,13.175840074296636,-39.527520222889905,17.427799204171066,99.98197500000109,26.716286568096162,0,0,0.36049999999999044,Normal
2806,46.766666666666666,-3.0,13.176696304417632,-39.5300889132529,17.444468875545997,99.98197083333442,26.713605191876958,0,0,0.36058333333332376,Normal
2807,46.78333333333333,-3.0,13.177552505996422,-39.532657517989264,17.461138547615622,99.98196666666774,26.710929493905926,0,0,0.3606666666666571,Normal
2808,46.8,-3.0,13.17840867900849,-39.53522603702547,17.477808220379945,99.98196250000107,26.708259462158537,0,0,0.3607499999999904,Normal
2809,46.81666666666667,-3.0,13.179264823429323,-39.53779447028797,17.494477893838962,99.9819583333344,26.705595084635732,0,0,0.36083333333332374,Normal
2810,46.833333333333336,-3.0,13.180120939234419,-39.540362817703254,17.511147567992673,99.98195416666773,26.702936349363856,0,0,0.36091666666665706,Normal
2811,46.85,-3.0,13.180977026399285,-39.54293107919786,17.52781724284108,99.98195000000106,26.700283244394615,0,0,0.3609999999999904,Normal
2812,46.86666666666667,-3.0,13.181833084899434,-39.5454992546983,17.544486918384184,99.9819458333344,26.697635757805013,0,0,0.3610833333333237,Normal
2813,46.88333333333333,-3.0,13.182689114710385,-39.548067344131155,17.56115659462198,99.98194166666772,26.694993877697307,0,0,0.36116666666665703,Normal
2814,46.9,-3.0,13.183545115807672,-39.55063534742301,17.577826271554475,99.98193750000105,26.69235759219895,0,0,0.36124999999999036,Normal
2815,46.916666666666664,-3.0,13.18440108816683,-39.55320326450049,17.594495949181663,99.98193333333438,26.689726889462527,0,0,0.3613333333333237,Normal
2816,46.93333333333333,-3.0,13.1852570317634,-39.555771095290204,17.611165627503546,99.98192916666771,26.687101757665722,0,0,0.361416666666657,Normal
2817,46.95,-3.0,13.18611294657294,-39.55833883971882,17.627835306520126,99.98192500000104,26.684482185011255,0,0,0.36149999999999033,Normal
2818,46.96666666666667,-3.0,13.18696883257101,-39.56090649771303,17.6445049862314,99.98192083333437,26.681868159726818,0,0,0.36158333333332365,Normal
2819,46.983333333333334,-3.0,13.187824689733176,-39.56347406919953,17.66117466663737,99.9819166666677,26.679259670065044,0,0,0.361666666666657,Normal
2820,47.0,4.0,12.556569610385626,50.226278441542505,17.638948425169815,99.98191111111214,26.677398014857847,0,0,0.3617777777777681,Normal
2821,47.016666666666666,4.0,12.555428404661892,50.22171361864757,17.616722182467246,99.98190555555658,26.675540302073443,0,0,0.3618888888888792,Normal
2822,47.03333333333333,4.0,12.554287147619881,50.217148590479525,17.59449593852966,99.98190000000102,26.67368652336317,0,0,0.36199999999999033,Normal
2823,47.05,4.0,12.553145839317525,50.2125833572701,17.572269693357065,99.98189444444546,26.671836670396047,0,0,0.36211111111110145,Normal
2824,47.06666666666667,4.0,12.552004479812776,50.208017919251105,17.550043446949452,99.9818888888899,26.669990734858736,0,0,0.36222222222221256,Normal
2825,47.083333333333336,4.0,12.550863069163613,50.20345227665445,17.527817199306824,99.98188333333434,26.668148708455504,0,0,0.3623333333333237,Normal
2826,47.1,4.0,12.549721607428042,50.19888642971217,17.50559095042918,99.98187777777878,26.66631058290819,0,0,0.3624444444444348,Normal
2827,47.11666666666667,4.0,12.548580094664084,50.194320378656336,17.48336470031652,99.98187222222322,26.664476349956146,0,0,0.3625555555555459,Normal
2828,47.13333333333333,4.0,12.5474385309298,50.1897541237192,17.461138448968846,99.98186666666766,26.66264600135624,0,0,0.36266666666665703,Normal
2829,47.15,4.0,12.546296916283266,50.185187665133064,17.438912196386156,99.9818611111121,26.66081952888278,0,0,0.36277777777776815,Normal
2830,47.166666666666664,4.0,12.545155250782583,50.180621003130334,17.41668594256845,99.98185555555654,26.658996924327496,0,0,0.36288888888887927,Normal
2831,47.18333333333333,4.0,12.544013534485881,50.176054137943524,17.394459687515727,99.98185000000097,26.65717817949951,0,0,0.3629999999999904,Normal
2832,47.2,4.0,12.542871767451311,50.171487069805245,17.37223343122799,99.98184444444541,26.655363286225278,0,0,0.3631111111111015,Normal
2833,47.21666666666667,4.0,12.54172994973705,50.1669197989482,17.350007173705237,99.98183888888985,26.653552236348567,0,0,0.3632222222222126,Normal
2834,47.233333333333334,4.0,12.540588081401301,50.162352325605205,17.327780914947464,99.9818333333343,26.651745021730417,0,0,0.36333333333332374,Normal
2835,47.25,4.0,12.539446162502289,50.157784650009155,17.305554654954676,99.98182777777873,26.649941634249107,0,0,0.36344444444443486,Normal
2836,47.266666666666666,4.0,12.538304193098268,50.15321677239307,17.283328393726872,99.98182222222317,26.64814206580011,0,0,0.363555555555546,Normal
2837,47.28333333333333,4.0,12.53716217324751,50.14864869299004,17.261102131264053,99.98181666666761,26.64634630829606,0,0,0.3636666666666571,Normal
2838,47.3,4.0,12.536020103008317,50.14408041203327,17.238875867566215,99.98181111111205,26.644554353666727,0,0,0.3637777777777682,Normal
2839,47.31666666666667,4.0,12.534877982439014,50.139511929756054,17.21664960263336,99.98180555555649,26.64276619385896,0,0,0.3638888888888793,Normal
2840,47.333333333333336,4.0,12.533735811597952,50.134943246391806,17.194423336465487,99.98180000000093,26.64098182083667,0,0,0.36399999999999044,Normal
2841,47.35,4.0,12.532593590543502,50.13037436217401,17.172197069062598,99.98179444444537,26.63920122658078,0,0,0.36411111111110156,Normal
2842,47.36666666666667,4.0,12.531451319334066,50.12580527733626,17.14997080042469,99.98178888888981,26.6374244030892,0,0,0.3642222222222127,Normal
2843,47.38333333333333,4.0,12.530308998028064,50.121235992112254,17.127744530551766,99.98178333333425,26.635651342376775,0,0,0.3643333333333238,Normal
2844,47.4,4.0,12.529166626683944,50.116666506735775,17.105518259443823,99.98177777777869,26.63388203647527,0,0,0.3644444444444349,Normal
2845,47.416666666666664,4.0,12.528024205360179,50.112096821440716,17.083291987100864,99.98177222222313,26.63211647743332,0,0,0.36455555555554603,Normal
2846,47.43333333333333,4.0,12.526881734115262,50.10752693646105,17.061065713522886,99.98176666666757,26.630354657316403,0,0,0.36466666666665715,Normal
2847,47.45,4.0,12.525739213007716,50.102956852030864,17.03883943870989,99.98176111111201,26.62859656820679,0,0,0.36477777777776826,Normal
2848,47.46666666666667,4.0,12.524596642096085,50.09838656838434,17.016613162661873,99.98175555555645,26.62684220220353,0,0,0.3648888888888794,Normal
2849,47.483333333333334,4.0,12.523454021438939,50.093816085755755,16.99438688537884,99.98175000000089,26.625091551422393,0,0,0.3649999999999905,Normal
2850,47.5,4.0,12.522311351094869,50.089245404379476,16.97216060686079,99.98174444444533,26.62334460799585,0,0,0.3651111111111016,Normal
2851,47.516666666666666,4.0,12.521168631122492,50.08467452448997,16.94993432710772,99.98173888888977,26.621601364073037,0,0,0.36522222222221273,Normal
2852,47.53333333333333,4.0,12.520025861580452,50.08010344632181,16.92770804611963,99.9817333333342,26.619861811819707,0,0,0.36533333333332385,Normal
2853,47.55,4.0,12.518883042527413,50.07553217010965,16.90548176389652,99.98172777777864,26.618125943418207,0,0,0.36544444444443497,Normal
2854,47.56666666666667,4.0,12.517740174022068,50.07096069608827,16.883255480438393,99.98172222222308,26.616393751067438,0,0,0.3655555555555461,Normal
2855,47.583333333333336,4.0,12.516597256123125,50.0663890244925,16.861029195745246,99.98171666666752,26.614665226982826,0,0,0.3656666666666572,Normal
2856,47.6,4.0,12.515454288889329,50.061817155557314,16.83880290981708,99.98171111111196,26.612940363396273,0,0,0.3657777777777683,Normal
2857,47.61666666666667,4.0,12.514311272379436,50.05724508951774,16.816576622653894,99.9817055555564,26.61121915255614,0,0,0.36588888888887944,Normal
2858,47.63333333333333,4.0,12.513168206652235,50.05267282660894,16.79435033425569,99.98170000000084,26.609501586727195,0,0,0.36599999999999056,Normal
2859,47.65,4.0,12.512025091766537,50.04810036706615,16.772124044622466,99.98169444444528,26.607787658190595,0,0,0.3661111111111017,Normal
2860,47.666666666666664,4.0,12.510881927781174,50.043527711124696,16.749897753754222,99.98168888888972,26.606077359243837,0,0,0.3662222222222128,Normal
2861,47.68333333333333,4.0,12.509738714755004,50.038954859020016,16.727671461650957,99.98168333333416,26.604370682200734,0,0,0.3663333333333239,Normal
2862,47.7,4.0,12.508595452746912,50.03438181098765,16.70544516831267,99.9816777777786,26.60266761939137,0,0,0.366444444444435,Normal
2863,47.71666666666667,4.0,12.507452141815799,50.029808567263196,16.683218873739367,99.98167222222304,26.60096816316207,0,0,0.36655555555554614,Normal
2864,47.733333333333334,4.0,12.506308782020598,50.02523512808239,16.66099257793104,99.98166666666748,26.599272305875374,0,0,0.36666666666665726,Normal
2865,47.75,4.0,12.505165373420258,50.02066149368103,16.638766280887694,99.98166111111192,26.597580039909992,0,0,0.3667777777777684,Normal
2866,47.766666666666666,4.0,12.504021916073762,50.01608766429505,16.616539982609325,99.98165555555636,26.595891357660772,0,0,0.3668888888888795,Normal
2867,47.78333333333333,4.0,12.50287841004011,50.01151364016044,16.594313683095937,99.9816500000008,26.594206251538665,0,0,0.3669999999999906,Normal
2868,47.8,4.0,12.501734855378324,50.006939421513295,16.572087382347526,99.98164444444524,26.5925247139707,0,0,0.36711111111110173,Normal
2869,47.81666666666667,4.0,12.500591252147451,50.002365008589805,16.549861080364096,99.98163888888968,26.59084673739994,0,0,0.36722222222221285,Normal
2870,47.833333333333336,4.0,12.499447600406567,49.99779040162627,16.527634777145643,99.98163333333412,26.589172314285445,0,0,0.36733333333332396,Normal
2871,47.85,4.0,12.498303900214767,49.99321560085907,16.50540847269217,99.98162777777856,26.58750143710225,0,0,0.3674444444444351,Normal
2872,47.86666666666667,4.0,12.497160151631167,49.98864060652467,16.483182167003676,99.981622222223,26.58583409834133,0,0,0.3675555555555462,Normal
2873,47.88333333333333,4.0,12.496016354714913,49.98406541885965,16.46095586008016,99.98161666666743,26.584170290509547,0,0,0.3676666666666573,Normal
2874,47.9,4.0,12.494872509525171,49.979490038100685,16.43872955192162,99.98161111111187,26.582510006129645,0,0,0.36777777777776843,Normal
2875,47.916666666666664,4.0,12.493728616121132,49.97491446448453,16.416503242528062,99.98160555555631,26.580853237740193,0,0,0.36788888888887955,Normal
2876,47.93333333333333,4.0,12.492584674562003,49.970338698248014,16.39427693189948,99.98160000000075,26.579199977895566,0,0,0.36799999999999067,Normal
2877,47.95,4.0,12.49144068490703,49.96576273962812,16.372050620035875,99.9815944444452,26.577550219165904,0,0,0.3681111111111018,Normal
2878,47.96666666666667,4.0,12.490296647215466,49.961186588861864,16.349824306937247,99.98158888888963,26.575903954137083,0,0,0.3682222222222129,Normal
2879,47.983333333333334,4.0,12.4891525615466,49.9566102461864,16.327597992603597,99.98158333333407,26.574261175410676,0,0,0.368333333333324,Normal
2880,48.0,4.0,12.488008427959736,49.95203371183894,16.305371677034923,99.98157777777851,26.572621875603925,0,0,0.36844444444443514,Normal
2881,48.016666666666666,4.0,12.486864246514207,49.94745698605683,16.283145360231227,99.98157222222295,26.570986047349706,0,0,0.36855555555554625,Normal
2882,48.03333333333333,4.0,12.485720017269363,49.942880069077454,16.26091904219251,99.98156666666739,26.569353683296494,0,0,0.36866666666665737,Normal
2883,48.05,4.0,12.484575740284583,49.938302961138334,16.238692722918767,99.98156111111183,26.56772477610834,0,0,0.3687777777777685,Normal
2884,48.06666666666667,4.0,12.48343141561927,49.93372566247708,16.216466402410003,99.98155555555627,26.566099318464815,0,0,0.3688888888888796,Normal
2885,48.083333333333336,4.0,12.482287043332844,49.92914817333138,16.194240080666216,99.98155000000071,26.564477303061008,0,0,0.3689999999999907,Normal
2886,48.1,4.0,12.481142623484752,49.92457049393901,16.172013757687402,99.98154444444515,26.562858722607466,0,0,0.36911111111110184,Normal
2887,48.11666666666667,4.0,12.479998156134467,49.91999262453787,16.149787433473566,99.98153888888959,26.56124356983018,0,0,0.36922222222221296,Normal
2888,48.13333333333333,4.0,12.478853641341479,49.915414565365914,16.127561108024707,99.98153333333403,26.559631837470537,0,0,0.3693333333333241,Normal
2889,48.15,4.0,12.477709079165306,49.910836316661225,16.105334781340826,99.98152777777847,26.558023518285307,0,0,0.3694444444444352,Normal
2890,48.166666666666664,4.0,12.476564469665485,49.90625787866194,16.083108453421918,99.9815222222229,26.556418605046584,0,0,0.3695555555555463,Normal
2891,48.18333333333333,4.0,12.475419812901581,49.901679251606325,16.060882124267987,99.98151666666735,26.55481709054178,0,0,0.36966666666665743,Normal
2892,48.2,4.0,12.474275108933178,49.89710043573271,16.03865579387903,99.98151111111179,26.55321896757357,0,0,0.36977777777776855,Normal
2893,48.21666666666667,4.0,12.473130357819887,49.89252143127955,16.01642946225505,99.98150555555623,26.551624228959884,0,0,0.36988888888887966,Normal
2894,48.233333333333334,4.0,12.471985559621334,49.88794223848534,15.994203129396046,99.98150000000066,26.55003286753385,0,0,0.3699999999999908,Normal
2895,48.25,4.0,12.47084071439718,49.88336285758872,15.971976795302018,99.9814944444451,26.54844487614378,0,0,0.3701111111111019,Normal
2896,48.266666666666666,4.0,12.469695822207099,49.878783288828394,15.949750459972963,99.98148888888954,26.54686024765312,0,0,0.370222222222213,Normal
2897,48.28333333333333,4.0,12.46855088311079,49.87420353244316,15.927524123408883,99.98148333333398,26.545278974940445,0,0,0.37033333333332413,Normal
2898,48.3,4.0,12.467405897167978,49.869623588671914,15.905297785609779,99.98147777777842,26.543701050899394,0,0,0.37044444444443525,Normal
2899,48.31666666666667,4.0,12.466260864438407,49.86504345775363,15.883071446575649,99.98147222222286,26.542126468438667,0,0,0.37055555555554637,Normal
2900,48.333333333333336,4.0,12.465115784981847,49.86046313992739,15.860845106306494,99.9814666666673,26.540555220481973,0,0,0.3706666666666575,Normal
2901,48.35,4.0,12.46397065885809,49.85588263543236,15.838618764802312,99.98146111111174,26.53898729996801,0,0,0.3707777777777686,Normal
2902,48.36666666666667,4.0,12.462825486126949,49.851301944507796,15.816392422063107,99.98145555555618,26.53742269985043,0,0,0.3708888888888797,Normal
2903,48.38333333333333,4.0,12.46168026684826,49.84672106739304,15.794166078088875,99.98145000000062,26.535861413097805,0,0,0.37099999999999084,Normal
2904,48.4,4.0,12.460535001081885,49.84214000432754,15.771939732879616,99.98144444444506,26.534303432693598,0,0,0.37111111111110195,Normal
2905,48.416666666666664,4.0,12.459389688887704,49.837558755550816,15.749713386435332,99.9814388888895,26.532748751636127,0,0,0.37122222222221307,Normal
2906,48.43333333333333,4.0,12.458244330325623,49.832977321302494,15.72748703875602,99.98143333333394,26.531197362938546,0,0,0.3713333333333242,Normal
2907,48.45,4.0,12.45709892545557,49.82839570182228,15.705260689841683,99.98142777777838,26.529649259628794,0,0,0.3714444444444353,Normal
2908,48.46666666666667,4.0,12.455953474337495,49.82381389734998,15.68303433969232,99.98142222222282,26.52810443474958,0,0,0.3715555555555464,Normal
2909,48.483333333333334,4.0,12.454807977031368,49.819231908125474,15.66080798830793,99.98141666666726,26.526562881358345,0,0,0.37166666666665754,Normal
2910,48.5,4.0,12.453662433597188,49.81464973438875,15.638581635688512,99.9814111111117,26.525024592527235,0,0,0.37177777777776866,Normal
2911,48.516666666666666,4.0,12.45251684409497,49.81006737637988,15.616355281834068,99.98140555555614,26.52348956134306,0,0,0.3718888888888798,Normal
2912,48.53333333333333,4.0,12.451371208584753,49.80548483433901,15.594128926744597,99.98140000000058,26.52195778090727,0,0,0.3719999999999909,Normal
2913,48.55,4.0,12.4502255271266,49.8009021085064,15.571902570420098,99.98139444444502,26.52042924433594,0,0,0.372111111111102,Normal
2914,48.56666666666667,4.0,12.4490797997806,49.7963191991224,15.549676212860573,99.98138888888946,26.5189039447597,0,0,0.37222222222221313,Normal
2915,48.583333333333336,4.0,12.447934026606852,49.79173610642741,15.52744985406602,99.9813833333339,26.51738187532374,0,0,0.37233333333332425,Normal
2916,48.6,4.0,12.446788207665493,49.787152830661974,15.50522349403644,99.98137777777833,26.51586302918776,0,0,0.37244444444443536,Normal
2917,48.61666666666667,4.0,12.445642343016674,49.782569372066696,15.48299713277183,99.98137222222277,26.51434739952595,0,0,0.3725555555555465,Normal
2918,48.63333333333333,4.0,12.444496432720564,49.77798573088226,15.460770770272193,99.98136666666721,26.512834979526954,0,0,0.3726666666666576,Normal
2919,48.65,4.0,12.443350476837365,49.77340190734946,15.438544406537527,99.98136111111165,26.511325762393838,0,0,0.3727777777777687,Normal
2920,48.666666666666664,1.0,12.713114309494665,12.713114309494665,15.432987815295105,99.98135972222276,26.508231209927885,0,0,0.3728055555555465,Normal
2921,48.68333333333333,1.0,12.712827814307483,12.712827814307483,15.427431223975493,99.98135833333387,26.50514321063333,0,0,0.3728333333333243,Normal
2922,48.7,1.0,12.712541316276749,12.712541316276749,15.42187463257869,99.98135694444498,26.502061750632873,0,0,0.3728611111111021,Normal
2923,48.71666666666667,1.0,12.712254815403412,12.712254815403412,15.416318041104699,99.98135555555609,26.49898681607859,0,0,0.3728888888888799,Normal
2924,48.733333333333334,1.0,12.711968311688407,12.711968311688407,15.410761449553519,99.9813541666672,26.495918393151896,0,0,0.3729166666666577,Normal
2925,48.75,1.0,12.711681805132681,12.711681805132681,15.405204857925149,99.98135277777831,26.492856468063458,0,0,0.3729444444444355,Normal
2926,48.766666666666666,1.0,12.711395295737173,12.711395295737173,15.39964826621959,99.98135138888942,26.489801027053147,0,0,0.37297222222221327,Normal
2927,48.78333333333333,1.0,12.711108783502825,12.711108783502825,15.394091674436842,99.98135000000053,26.486752056389975,0,0,0.37299999999999106,Normal
2928,48.8,1.0,12.710822268430578,12.710822268430578,15.388535082576905,99.98134861111164,26.483709542372033,0,0,0.37302777777776885,Normal
2929,48.81666666666667,1.0,12.710535750521373,12.710535750521373,15.382978490639777,99.98134722222275,26.480673471326423,0,0,0.37305555555554665,Normal
2930,48.833333333333336,1.0,12.710249229776156,12.710249229776156,15.377421898625462,99.98134583333386,26.477643829609203,0,0,0.37308333333332444,Normal
2931,48.85,1.0,12.709962706195865,12.709962706195865,15.371865306533957,99.98134444444497,26.474620603605324,0,0,0.37311111111110223,Normal
2932,48.86666666666667,1.0,12.709676179781447,12.709676179781447,15.366308714365262,99.98134305555608,26.47160377972857,0,0,0.37313888888888,Normal
2933,48.88333333333333,1.0,12.709389650533835,12.709389650533835,15.360752122119377,99.98134166666719,26.4685933444215,0,0,0.3731666666666578,Normal
2934,48.9,1.0,12.709103118453982,12.709103118453982,15.355195529796305,99.9813402777783,26.46558928415537,0,0,0.3731944444444356,Normal
2935,48.916666666666664,1.0,12.708816583542822,12.708816583542822,15.349638937396042,99.98133888888941,26.4625915854301,0,0,0.3732222222222134,Normal
2936,48.93333333333333,1.0,12.708530045801302,12.708530045801302,15.34408234491859,99.98133750000052,26.45960023477419,0,0,0.3732499999999912,Normal
2937,48.95,1.0,12.708243505230362,12.708243505230362,15.33852575236395,99.98133611111163,26.456615218744666,0,0,0.373277777777769,Normal
2938,48.96666666666667,1.0,12.707956961830947,12.707956961830947,15.33296915973212,99.98133472222274,26.45363652392703,0,0,0.3733055555555468,Normal
2939,48.983333333333334,1.0,12.707670415604,12.707670415604,15.3274125670231,99.98133333333385,26.450664136935185,0,0,0.3733333333333246,Normal
2940,49.0,1.0,12.707383866550456,12.707383866550456,15.32185597423689,99.98133194444496,26.447698044411382,0,0,0.3733611111111024,Normal
2941,49.016666666666666,1.0,12.707097314671273,12.707097314671273,15.316299381373492,99.98133055555607,26.444738233026158,0,0,0.37338888888888017,Normal
2942,49.03333333333333,1.0,12.706810759967379,12.706810759967379,15.310742788432904,99.98132916666718,26.44178468947828,0,0,0.37341666666665796,Normal
2943,49.05,1.0,12.706524202439725,12.706524202439725,15.305186195415127,99.98132777777829,26.438837400494677,0,0,0.37344444444443575,Normal
2944,49.06666666666667,1.0,12.70623764208925,12.70623764208925,15.299629602320161,99.9813263888894,26.435896352830394,0,0,0.37347222222221355,Normal
2945,49.083333333333336,1.0,12.705951078916904,12.705951078916904,15.294073009148006,99.98132500000051,26.432961533268518,0,0,0.37349999999999134,Normal
2946,49.1,1.0,12.705664512923622,12.705664512923622,15.28851641589866,99.98132361111162,26.430032928620125,0,0,0.37352777777776913,Normal
2947,49.11666666666667,1.0,12.705377944110351,12.705377944110351,15.282959822572126,99.98132222222273,26.427110525724224,0,0,0.3735555555555469,Normal
2948,49.13333333333333,1.0,12.705091372478037,12.705091372478037,15.277403229168403,99.98132083333384,26.42419431144769,0,0,0.3735833333333247,Normal
2949,49.15,1.0,12.70480479802762,12.70480479802762,15.27184663568749,99.98131944444495,26.421284272685213,0,0,0.3736111111111025,Normal
2950,49.166666666666664,1.0,12.704518220760045,12.704518220760045,15.266290042129388,99.98131805555606,26.418380396359233,0,0,0.3736388888888803,Normal
2951,49.18333333333333,1.0,12.704231640676253,12.704231640676253,15.260733448494097,99.98131666666717,26.415482669419884,0,0,0.3736666666666581,Normal
2952,49.2,1.0,12.703945057777194,12.703945057777194,15.255176854781617,99.98131527777828,26.412591078844937,0,0,0.3736944444444359,Normal
2953,49.21666666666667,1.0,12.703658472063807,12.703658472063807,15.249620260991946,99.98131388888939,26.409705611639737,0,0,0.3737222222222137,Normal
2954,49.233333333333334,1.0,12.703371883537036,12.703371883537036,15.244063667125086,99.9813125000005,26.406826254837146,0,0,0.3737499999999915,Normal
2955,49.25,1.0,12.703085292197828,12.703085292197828,15.238507073181038,99.98131111111161,26.40395299549749,0,0,0.37377777777776927,Normal
2956,49.266666666666666,1.0,12.702798698047122,12.702798698047122,15.2329504791598,99.98130972222272,26.401085820708495,0,0,0.37380555555554706,Normal
2957,49.28333333333333,1.0,12.702512101085867,12.702512101085867,15.227393885061373,99.98130833333383,26.39822471758523,0,0,0.37383333333332486,Normal
2958,49.3,1.0,12.702225501315008,12.702225501315008,15.221837290885755,99.98130694444494,26.39536967327005,0,0,0.37386111111110265,Normal
2959,49.31666666666667,1.0,12.701938898735486,12.701938898735486,15.21628069663295,99.98130555555605,26.392520674932538,0,0,0.37388888888888044,Normal
2960,49.333333333333336,1.0,12.701652293348245,12.701652293348245,15.210724102302954,99.98130416666716,26.389677709769444,0,0,0.37391666666665824,Normal
2961,49.35,1.0,12.701365685154233,12.701365685154233,15.20516750789577,99.98130277777827,26.38684076500464,0,0,0.37394444444443603,Normal
2962,49.36666666666667,1.0,12.701079074154393,12.701079074154393,15.199610913411394,99.98130138888938,26.38400982788904,0,0,0.3739722222222138,Normal
2963,49.38333333333333,1.0,12.70079246034967,12.70079246034967,15.194054318849831,99.98130000000049,26.38118488570057,0,0,0.3739999999999916,Normal
2964,49.4,1.0,12.700505843741007,12.700505843741007,15.188497724211079,99.9812986111116,26.378365925744088,0,0,0.3740277777777694,Normal
2965,49.416666666666664,1.0,12.700219224329352,12.700219224329352,15.182941129495136,99.98129722222271,26.375552935351337,0,0,0.3740555555555472,Normal
2966,49.43333333333333,1.0,12.699932602115648,12.699932602115648,15.177384534702004,99.98129583333382,26.372745901880887,0,0,0.374083333333325,Normal
2967,49.45,1.0,12.699645977100841,12.699645977100841,15.171827939831683,99.98129444444493,26.36994481271808,0,0,0.3741111111111028,Normal
2968,49.46666666666667,1.0,12.699359349285876,12.699359349285876,15.166271344884173,99.98129305555604,26.36714965527497,0,0,0.3741388888888806,Normal
2969,49.483333333333334,1.0,12.699072718671697,12.699072718671697,15.160714749859473,99.98129166666715,26.364360416990273,0,0,0.3741666666666584,Normal
2970,49.5,1.0,12.69878608525925,12.69878608525925,15.155158154757583,99.98129027777826,26.361577085329294,0,0,0.37419444444443617,Normal
2971,49.516666666666666,1.0,12.698499449049484,12.698499449049484,15.149601559578505,99.98128888888937,26.35879964778389,0,0,0.37422222222221396,Normal
2972,49.53333333333333,1.0,12.698212810043337,12.698212810043337,15.144044964322237,99.98128750000048,26.356028091872407,0,0,0.37424999999999176,Normal
2973,49.55,1.0,12.69792616824176,12.69792616824176,15.13848836898878,99.98128611111159,26.353262405139617,0,0,0.37427777777776955,Normal
2974,49.56666666666667,1.0,12.697639523645698,12.697639523645698,15.132931773578132,99.9812847222227,26.350502575156675,0,0,0.37430555555554734,Normal
2975,49.583333333333336,1.0,12.6973528762561,12.6973528762561,15.127375178090297,99.9812833333338,26.34774858952105,0,0,0.37433333333332514,Normal
2976,49.6,1.0,12.697066226073902,12.697066226073902,15.121818582525272,99.98128194444492,26.345000435856477,0,0,0.37436111111110293,Normal
2977,49.61666666666667,1.0,12.696779573100061,12.696779573100061,15.116261986883057,99.98128055555603,26.3422581018129,0,0,0.3743888888888807,Normal
2978,49.63333333333333,1.0,12.696492917335513,12.696492917335513,15.110705391163652,99.98127916666714,26.339521575066414,0,0,0.3744166666666585,Normal
2979,49.65,1.0,12.696206258781213,12.696206258781213,15.10514879536706,99.98127777777825,26.336790843319214,0,0,0.3744444444444363,Normal
2980,49.666666666666664,1.0,12.695919597438104,12.695919597438104,15.099592199493276,99.98127638888936,26.33406589429954,0,0,0.3744722222222141,Normal
2981,49.68333333333333,1.0,12.695632933307131,12.695632933307131,15.094035603542304,99.98127500000047,26.331346715761608,0,0,0.3744999999999919,Normal
2982,49.7,1.0,12.69534626638924,12.69534626638924,15.088479007514142,99.98127361111158,26.328633295485584,0,0,0.3745277777777697,Normal
2983,49.71666666666667,1.0,12.69505959668538,12.69505959668538,15.08292241140879,99.98127222222269,26.3259256212775,0,0,0.3745555555555475,Normal
2984,49.733333333333334,1.0,12.694772924196496,12.694772924196496,15.07736581522625,99.9812708333338,26.323223680969203,0,0,0.3745833333333253,Normal
2985,49.75,1.0,12.694486248923534,12.694486248923534,15.07180921896652,99.9812694444449,26.320527462418326,0,0,0.37461111111110307,Normal
2986,49.766666666666666,1.0,12.69419957086744,12.69419957086744,15.0662526226296,99.98126805555601,26.317836953508206,0,0,0.37463888888888086,Normal
2987,49.78333333333333,1.0,12.693912890029164,12.693912890029164,15.06069602621549,99.98126666666712,26.315152142147834,0,0,0.37466666666665865,Normal
2988,49.8,1.0,12.69362620640965,12.69362620640965,15.055139429724193,99.98126527777823,26.312473016271817,0,0,0.37469444444443645,Normal
2989,49.81666666666667,1.0,12.693339520009848,12.693339520009848,15.049582833155705,99.98126388888934,26.3097995638403,0,0,0.37472222222221424,Normal
2990,49.833333333333336,1.0,12.693052830830702,12.693052830830702,15.044026236510028,99.98126250000045,26.307131772838932,0,0,0.37474999999999203,Normal
2991,49.85,1.0,12.69276613887316,12.69276613887316,15.038469639787161,99.98126111111156,26.304469631278803,0,0,0.3747777777777698,Normal
2992,49.86666666666667,1.0,12.692479444138169,12.692479444138169,15.032913042987106,99.98125972222267,26.30181312719639,0,0,0.3748055555555476,Normal
2993,49.88333333333333,1.0,12.692192746626679,12.692192746626679,15.027356446109861,99.98125833333378,26.299162248653502,0,0,0.3748333333333254,Normal
2994,49.9,1.0,12.691906046339632,12.691906046339632,15.021799849155427,99.9812569444449,26.296516983737234,0,0,0.3748611111111032,Normal
2995,49.916666666666664,1.0,12.69161934327798,12.69161934327798,15.016243252123802,99.981255555556,26.293877320559908,0,0,0.374888888888881,Normal
2996,49.93333333333333,1.0,12.691332637442667,12.691332637442667,15.010686655014988,99.98125416666711,26.291243247259015,0,0,0.3749166666666588,Normal
2997,49.95,1.0,12.691045928834647,12.691045928834647,15.005130057828985,99.98125277777822,26.288614751997173,0,0,0.3749444444444366,Normal
2998,49.96666666666667,1.0,12.690759217454861,12.690759217454861,14.999573460565793,99.98125138888933,26.28599182296206,0,0,0.3749722222222144,Normal
2999,49.983333333333334,1.0,12.690472503304258,12.690472503304258,14.994016863225411,99.98125000000044,26.283374448366377,0,0,0.3749999999999922,Normal
3000,50.0,2.0,12.599882189198384,25.199764378396768,14.982903668390268,99.98124722222266,26.28108032307572,0,0,0.3750555555555477,Normal
3001,50.016666666666666,2.0,12.59930873902062,25.19861747804124,14.971790473246367,99.98124444444488,26.278791055944502,0,0,0.37511111111110323,Normal
3002,50.03333333333333,2.0,12.598735277778555,25.19747055555711,14.960677277793708,99.9812416666671,26.276506636684854,0,0,0.37516666666665877,Normal
3003,50.05,2.0,12.598161805479776,25.196323610959553,14.949564082032293,99.98123888888932,26.274227055030696,0,0,0.3752222222222143,Normal
3004,50.06666666666667,2.0,12.59758832213187,25.19517664426374,14.93845088596212,99.98123611111154,26.27195230073769,0,0,0.3752777777777698,Normal
3005,50.083333333333336,2.0,12.597014827742427,25.194029655484854,14.927337689583188,99.98123333333376,26.26968236358319,0,0,0.37533333333332536,Normal
3006,50.1,2.0,12.596441322319038,25.192882644638075,14.916224492895498,99.98123055555598,26.26741723336619,0,0,0.3753888888888809,Normal
3007,50.11666666666667,2.0,12.595867805869293,25.191735611738586,14.90511129589905,99.9812277777782,26.265156899907296,0,0,0.3754444444444364,Normal
3008,50.13333333333333,2.0,12.59529427840079,25.19058855680158,14.893998098593846,99.98122500000042,26.26290135304867,0,0,0.37549999999999195,Normal
3009,50.15,2.0,12.594720739921119,25.189441479842237,14.882884900979883,99.98122222222264,26.260650582653977,0,0,0.3755555555555475,Normal
3010,50.166666666666664,2.0,12.59414719043788,25.18829438087576,14.871771703057162,99.98121944444486,26.258404578608356,0,0,0.375611111111103,Normal
3011,50.18333333333333,2.0,12.59357362995867,25.18714725991734,14.860658504825683,99.98121666666708,26.256163330818364,0,0,0.37566666666665854,Normal
3012,50.2,2.0,12.593000058491082,25.186000116982164,14.849545306285446,99.9812138888893,26.253926829211924,0,0,0.3757222222222141,Normal
3013,50.21666666666667,2.0,12.592426476042727,25.184852952085453,14.838432107436452,99.98121111111152,26.2516950637383,0,0,0.3757777777777696,Normal
3014,50.233333333333334,2.0,12.591852882621199,25.183705765242397,14.827318908278698,99.98120833333374,26.24946802436803,0,0,0.37583333333332514,Normal
3015,50.25,2.0,12.591279278234099,25.182558556468198,14.816205708812188,99.98120555555596,26.2472457010929,0,0,0.37588888888888067,Normal
3016,50.266666666666666,2.0,12.590705662889038,25.181411325778075,14.80509250903692,99.98120277777818,26.24502808392588,0,0,0.3759444444444362,Normal
3017,50.28333333333333,2.0,12.59013203659362,25.18026407318724,14.793979308952892,99.9812000000004,26.242815162901096,0,0,0.37599999999999173,Normal
3018,50.3,2.0,12.58955839935545,25.1791167987109,14.782866108560107,99.98119722222262,26.240606928073774,0,0,0.37605555555554726,Normal
3019,50.31666666666667,2.0,12.588984751182133,25.177969502364267,14.771752907858565,99.98119444444484,26.238403369520206,0,0,0.3761111111111028,Normal
3020,50.333333333333336,2.0,12.588411092081286,25.17682218416257,14.760639706848263,99.98119166666706,26.236204477337694,0,0,0.3761666666666583,Normal
3021,50.35,2.0,12.587837422060513,25.175674844121026,14.749526505529204,99.98118888888928,26.23401024164451,0,0,0.37622222222221385,Normal
3022,50.36666666666667,2.0,12.587263741127433,25.174527482254867,14.738413303901387,99.9811861111115,26.23182065257985,0,0,0.3762777777777694,Normal
3023,50.38333333333333,2.0,12.586690049289656,25.17338009857931,14.727300101964811,99.98118333333372,26.2296357003038,0,0,0.3763333333333249,Normal
3024,50.4,2.0,12.586116346554793,25.172232693109585,14.716186899719478,99.98118055555594,26.227455374997273,0,0,0.37638888888888045,Normal
3025,50.416666666666664,2.0,12.585542632930466,25.17108526586093,14.705073697165385,99.98117777777816,26.225279666861987,0,0,0.376444444444436,Normal
3026,50.43333333333333,2.0,12.584968908424292,25.169937816848584,14.693960494302535,99.98117500000038,26.223108566120395,0,0,0.3764999999999915,Normal
3027,50.45,2.0,12.584395173043887,25.168790346087775,14.682847291130928,99.9811722222226,26.22094206301567,0,0,0.37655555555554704,Normal
3028,50.46666666666667,2.0,12.583821426796874,25.167642853593748,14.671734087650561,99.98116944444482,26.218780147811636,0,0,0.37661111111110257,Normal
3029,50.483333333333334,2.0,12.58324766969087,25.16649533938174,14.660620883861437,99.98116666666704,26.21662281079274,0,0,0.3766666666666581,Normal
3030,50.5,2.0,12.582673901733504,25.165347803467007,14.649507679763554,99.98116388888926,26.214470042264,0,0,0.37672222222221363,Normal
3031,50.516666666666666,2.0,12.582100122932397,25.164200245864794,14.638394475356913,99.98116111111148,26.21232183255097,0,0,0.37677777777776916,Normal
3032,50.53333333333333,2.0,12.581526333295175,25.16305266659035,14.627281270641513,99.9811583333337,26.210178171999686,0,0,0.3768333333333247,Normal
3033,50.55,2.0,12.580952532829464,25.161905065658928,14.616168065617355,99.98115555555592,26.208039050976627,0,0,0.3768888888888802,Normal
3034,50.56666666666667,2.0,12.580378721542893,25.160757443085785,14.605054860284438,99.98115277777814,26.205904459868677,0,0,0.37694444444443576,Normal
3035,50.583333333333336,2.0,12.579804899443092,25.159609798886184,14.593941654642764,99.98115000000035,26.203774389083073,0,0,0.3769999999999913,Normal
3036,50.6,2.0,12.57923106653769,25.15846213307538,14.58282844869233,99.98114722222257,26.201648829047368,0,0,0.3770555555555468,Normal
3037,50.61666666666667,2.0,12.57865722283432,25.15731444566864,14.57171524243314,99.9811444444448,26.199527770209386,0,0,0.37711111111110235,Normal
3038,50.63333333333333,2.0,12.578083368340614,25.15616673668123,14.56060203586519,99.98114166666701,26.197411203037177,0,0,0.3771666666666579,Normal
3039,50.65,2.0,12.577509503064212,25.155019006128423,14.549488828988482,99.98113888888923,26.19529911801898,0,0,0.3772222222222134,Normal
3040,50.666666666666664,2.0,12.576935627012745,25.15387125402549,14.538375621803015,99.98113611111145,26.193191505663176,0,0,0.37727777777776894,Normal
3041,50.68333333333333,2.0,12.576361740193848,25.152723480387696,14.52726241430879,99.98113333333367,26.19108835649824,0,0,0.37733333333332447,Normal
3042,50.7,2.0,12.575787842615167,25.151575685230334,14.516149206505807,99.9811305555559,26.188989661072714,0,0,0.37738888888888,Normal
3043,50.71666666666667,2.0,12.575213934284335,25.15042786856867,14.505035998394066,99.98112777777811,26.18689540995515,0,0,0.37744444444443553,Normal
3044,50.733333333333334,2.0,12.574640015209,25.149280030418,14.493922789973565,99.98112500000033,26.18480559373407,0,0,0.37749999999999106,Normal
3045,50.75,2.0,12.574066085396801,25.148132170793602,14.482809581244306,99.98112222222255,26.182720203017926,0,0,0.3775555555555466,Normal
3046,50.766666666666666,2.0,12.573492144855377,25.146984289710755,14.471696372206289,99.98111944444477,26.180639228435066,0,0,0.3776111111111021,Normal
3047,50.78333333333333,2.0,12.572918193592383,25.145836387184765,14.460583162859512,99.98111666666699,26.178562660633673,0,0,0.37766666666665766,Normal
3048,50.8,2.0,12.57234423161546,25.14468846323092,14.449469953203979,99.98111388888921,26.176490490281743,0,0,0.3777222222222132,Normal
3049,50.81666666666667,2.0,12.571770258932256,25.143540517864512,14.438356743239686,99.98111111111143,26.17442270806703,0,0,0.3777777777777687,Normal
3050,50.833333333333336,2.0,12.57119627555042,25.14239255110084,14.427243532966633,99.98110833333365,26.172359304697007,0,0,0.37783333333332425,Normal
3051,50.85,2.0,12.570622281477602,25.141244562955205,14.416130322384824,99.98110555555587,26.170300270898824,0,0,0.3778888888888798,Normal
3052,50.86666666666667,2.0,12.570048276721456,25.140096553442913,14.405017111494255,99.98110277777809,26.168245597419276,0,0,0.3779444444444353,Normal
3053,50.88333333333333,2.0,12.569474261289635,25.13894852257927,14.393903900294927,99.98110000000031,26.16619527502474,0,0,0.37799999999999084,Normal
3054,50.9,2.0,12.568900235189789,25.137800470379577,14.38279068878684,99.98109722222253,26.164149294501158,0,0,0.3780555555555464,Normal
3055,50.916666666666664,2.0,12.568326198429578,25.136652396859155,14.371677476969996,99.98109444444475,26.16210764665398,0,0,0.3781111111111019,Normal
3056,50.93333333333333,2.0,12.567752151016657,25.135504302033315,14.360564264844392,99.98109166666697,26.160070322308123,0,0,0.37816666666665744,Normal
3057,50.95,2.0,12.567178092958688,25.134356185917376,14.34945105241003,99.98108888888919,26.15803731230794,0,0,0.37822222222221297,Normal
3058,50.96666666666667,2.0,12.566604024263324,25.133208048526647,14.33833783966691,99.98108611111141,26.15600860751717,0,0,0.3782777777777685,Normal
3059,50.983333333333334,2.0,12.56602994493823,25.13205988987646,14.32722462661503,99.98108333333363,26.153984198818897,0,0,0.37833333333332403,Normal
3060,51.0,2.0,12.565455854991066,25.130911709982133,14.31611141325439,99.98108055555585,26.151964077115515,0,0,0.37838888888887956,Normal
3061,51.016666666666666,2.0,12.5648817544295,25.129763508859,14.304998199584993,99.98107777777807,26.149948233328683,0,0,0.3784444444444351,Normal
3062,51.03333333333333,2.0,12.564307643261191,25.128615286522383,14.293884985606837,99.98107500000029,26.14793665839928,0,0,0.3784999999999906,Normal
3063,51.05,2.0,12.563733521493807,25.127467042987615,14.282771771319922,99.98107222222251,26.145929343287378,0,0,0.37855555555554615,Normal
3064,51.06666666666667,2.0,12.563159389135016,25.126318778270033,14.271658556724248,99.98106944444473,26.14392627897218,0,0,0.3786111111111017,Normal
3065,51.083333333333336,2.0,12.562585246192489,25.125170492384978,14.260545341819816,99.98106666666695,26.141927456452006,0,0,0.3786666666666572,Normal
3066,51.1,2.0,12.56201109267389,25.12402218534778,14.249432126606624,99.98106388888917,26.139932866744225,0,0,0.37872222222221275,Normal
3067,51.11666666666667,2.0,12.561436928586893,25.122873857173786,14.238318911084674,99.98106111111139,26.137942500885238,0,0,0.3787777777777683,Normal
3068,51.13333333333333,2.0,12.560862753939173,25.121725507878345,14.227205695253964,99.9810583333336,26.13595634993042,0,0,0.3788333333333238,Normal
3069,51.15,2.0,12.560288568738397,25.120577137476793,14.216092479114495,99.98105555555583,26.1339744049541,0,0,0.37888888888887934,Normal
3070,51.166666666666664,2.0,12.559714372992248,25.119428745984496,14.204979262666269,99.98105277777805,26.13199665704949,0,0,0.37894444444443487,Normal
3071,51.18333333333333,2.0,12.5591401667084,25.1182803334168,14.193866045909283,99.98105000000027,26.13002309732868,0,0,0.3789999999999904,Normal
3072,51.2,2.0,12.558565949894525,25.11713189978905,14.182752828843538,99.98104722222249,26.128053716922572,0,0,0.37905555555554593,Normal
3073,51.21666666666667,2.0,12.557991722558308,25.115983445116616,14.171639611469034,99.9810444444447,26.126088506980853,0,0,0.37911111111110146,Normal
3074,51.233333333333334,2.0,12.557417484707429,25.114834969414858,14.160526393785771,99.98104166666693,26.124127458671953,0,0,0.379166666666657,Normal
3075,51.25,2.0,12.556843236349565,25.11368647269913,14.149413175793748,99.98103888888915,26.122170563183,0,0,0.3792222222222125,Normal
3076,51.266666666666666,2.0,12.556268977492403,25.112537954984806,14.138299957492967,99.98103611111137,26.12021781171979,0,0,0.37927777777776805,Normal
3077,51.28333333333333,2.0,12.555694708143625,25.11138941628725,14.127186738883427,99.98103333333358,26.118269195506738,0,0,0.3793333333333236,Normal
3078,51.3,2.0,12.555120428310916,25.110240856621832,14.116073519965129,99.9810305555558,26.11632470578684,0,0,0.3793888888888791,Normal
3079,51.31666666666667,2.0,12.554546138001964,25.109092276003928,14.104960300738071,99.98102777777802,26.114384333821647,0,0,0.37944444444443465,Normal
3080,51.333333333333336,2.0,12.553971837224456,25.10794367444891,14.093847081202254,99.98102500000024,26.1124480708912,0,0,0.3794999999999902,Normal
3081,51.35,2.0,12.55339752598608,25.10679505197216,14.082733861357678,99.98102222222246,26.11051590829402,0,0,0.3795555555555457,Normal
3082,51.36666666666667,2.0,12.552823204294526,25.105646408589052,14.071620641204342,99.98101944444468,26.108587837347045,0,0,0.37961111111110124,Normal
3083,51.38333333333333,2.0,12.552248872157492,25.104497744314983,14.060507420742248,99.9810166666669,26.106663849385605,0,0,0.37966666666665677,Normal
3084,51.4,2.0,12.55167452958266,25.10334905916532,14.049394199971394,99.98101388888912,26.104743935763377,0,0,0.3797222222222123,Normal
3085,51.416666666666664,2.0,12.551100176577734,25.102200353155467,14.03828097889178,99.98101111111134,26.102828087852348,0,0,0.37977777777776783,Normal
3086,51.43333333333333,2.0,12.550525813150404,25.10105162630081,14.027167757503408,99.98100833333356,26.10091629704278,0,0,0.37983333333332336,Normal
3087,51.45,2.0,12.549951439308371,25.099902878616742,14.016054535806276,99.98100555555578,26.09900855474316,0,0,0.3798888888888789,Normal
3088,51.46666666666667,2.0,12.549377055059326,25.09875411011865,14.004941313800385,99.981002777778,26.097104852380177,0,0,0.3799444444444344,Normal
3089,51.483333333333334,2.0,12.548802660410974,25.09760532082195,13.993828091485735,99.98100000000022,26.095205181398665,0,0,0.37999999999998996,Normal
3090,51.5,2.0,12.548228255371015,25.09645651074203,13.982714868862326,99.98099722222244,26.093309533261586,0,0,0.3800555555555455,Normal
3091,51.516666666666666,2.0,12.54765383994715,25.0953076798943,13.971601645930157,99.98099444444466,26.091417899449972,0,0,0.380111111111101,Normal
3092,51.53333333333333,2.0,12.547079414147083,25.094158828294166,13.96048842268923,99.98099166666688,26.089530271462902,0,0,0.38016666666665655,Normal
3093,51.55,2.0,12.546504977978515,25.09300995595703,13.949375199139542,99.9809888888891,26.08764664081745,0,0,0.3802222222222121,Normal
3094,51.56666666666667,2.0,12.545930531449155,25.09186106289831,13.938261975281096,99.98098611111132,26.08576699904866,0,0,0.3802777777777676,Normal
3095,51.583333333333336,2.0,12.545356074566707,25.090712149133413,13.92714875111389,99.98098333333354,26.083891337709495,0,0,0.38033333333332314,Normal
3096,51.6,2.0,12.544781607338884,25.089563214677767,13.916035526637925,99.98098055555576,26.082019648370817,0,0,0.3803888888888787,Normal
3097,51.61666666666667,2.0,12.544207129773389,25.088414259546777,13.9049223018532,99.98097777777798,26.080151922621326,0,0,0.3804444444444342,Normal
3098,51.63333333333333,2.0,12.543632641877936,25.087265283755873,13.893809076759714,99.9809750000002,26.07828815206754,0,0,0.38049999999998974,Normal
3099,51.65,2.0,12.543058143660238,25.086116287320475,13.88269585135747,99.98097222222242,26.07642832833375,0,0,0.38055555555554527,Normal
3100,51.666666666666664,2.0,12.542483635128008,25.084967270256016,13.871582625646466,99.98096944444464,26.074572443061985,0,0,0.3806111111111008,Normal
3101,51.68333333333333,2.0,12.541909116288956,25.08381823257791,13.860469399626703,99.98096666666686,26.072720487911972,0,0,0.38066666666665633,Normal
3102,51.7,2.0,12.541334587150802,25.082669174301603,13.849356173298181,99.98096388888908,26.0708724545611,0,0,0.38072222222221186,Normal
3103,51.71666666666667,2.0,12.54076004772126,25.08152009544252,13.8382429466609,99.9809611111113,26.069028334704385,0,0,0.3807777777777674,Normal
3104,51.733333333333334,2.0,12.540185498008054,25.080370996016107,13.82712971971486,99.98095833333352,26.06718812005442,0,0,0.3808333333333229,Normal
3105,51.75,2.0,12.539610938018898,25.079221876037796,13.816016492460058,99.98095555555574,26.065351802341365,0,0,0.38088888888887845,Normal
3106,51.766666666666666,2.0,12.539036367761511,25.078072735523023,13.804903264896497,99.98095277777796,26.06351937331288,0,0,0.380944444444434,Normal
3107,51.78333333333333,2.0,12.538461787243621,25.076923574487243,13.793790037024177,99.98095000000018,26.0616908247341,0,0,0.3809999999999895,Normal
3108,51.8,2.0,12.537887196472948,25.075774392945895,13.782676808843098,99.9809472222224,26.059866148387606,0,0,0.38105555555554504,Normal
3109,51.81666666666667,2.0,12.537312595457216,25.074625190914432,13.77156358035326,99.98094444444462,26.058045336073373,0,0,0.3811111111111006,Normal
3110,51.833333333333336,2.0,12.536737984204152,25.073475968408303,13.76045035155466,99.98094166666684,26.056228379608747,0,0,0.3811666666666561,Normal
3111,51.85,2.0,12.53616336272148,25.07232672544296,13.7493371224473,99.98093888888906,26.0544152708284,0,0,0.38122222222221164,Normal
3112,51.86666666666667,2.0,12.53558873101693,25.07117746203386,13.738223893031183,99.98093611111128,26.052606001584294,0,0,0.38127777777776717,Normal
3113,51.88333333333333,2.0,12.535014089098235,25.07002817819647,13.727110663306306,99.9809333333335,26.050800563745646,0,0,0.3813333333333227,Normal
3114,51.9,2.0,12.534439436973118,25.068878873946236,13.715997433272667,99.98093055555572,26.04899894919889,0,0,0.38138888888887823,Normal
3115,51.916666666666664,2.0,12.533864774649318,25.067729549298637,13.70488420293027,99.98092777777794,26.047201149847645,0,0,0.38144444444443376,Normal
3116,51.93333333333333,2.0,12.533290102134563,25.066580204269126,13.693770972279113,99.98092500000016,26.045407157612672,0,0,0.3814999999999893,Normal
3117,51.95,2.0,12.532715419436592,25.065430838873183,13.682657741319197,99.98092222222238,26.043616964431845,0,0,0.3815555555555448,Normal
3118,51.96666666666667,2.0,12.532140726563139,25.064281453126277,13.67154451005052,99.9809194444446,26.041830562260106,0,0,0.38161111111110035,Normal
3119,51.983333333333334,2.0,12.53156602352194,25.06313204704388,13.660431278473084,99.98091666666681,26.04004794306944,0,0,0.3816666666666559,Normal
3120,52.0,6.0,12.169773123517155,73.01863874110293,13.627091582814495,99.98090833333349,26.041657981037055,0,0,0.38183333333332253,Normal
3121,52.016666666666666,6.0,12.168048832281308,73.00829299368785,13.593751884377069,99.98090000000016,26.043264609830153,0,0,0.3819999999999892,Normal
3122,52.03333333333333,6.0,12.166324450023497,72.99794670014099,13.560412183160803,99.98089166666684,26.04486783666816,0,0,0.38216666666665583,Normal
3123,52.05,6.0,12.164599976952912,72.98759986171747,13.527072479165698,99.98088333333351,26.046467668755216,0,0,0.3823333333333225,Normal
3124,52.06666666666667,6.0,12.162875413278853,72.97725247967311,13.493732772391754,99.98087500000018,26.048064113280205,0,0,0.3824999999999891,Normal
3125,52.083333333333336,6.0,12.16115075921071,72.96690455526425,13.460393062838968,99.98086666666686,26.049657177416787,0,0,0.3826666666666558,Normal
3126,52.1,6.0,12.15942601495798,72.95655608974788,13.427053350507341,99.98085833333353,26.051246868323435,0,0,0.3828333333333224,Normal
3127,52.11666666666667,6.0,12.15770118073025,72.9462070843815,13.393713635396875,99.9808500000002,26.052833193143456,0,0,0.38299999999998907,Normal
3128,52.13333333333333,6.0,12.155976256737215,72.93585754042329,13.360373917507566,99.98084166666688,26.054416159005036,0,0,0.3831666666666557,Normal
3129,52.15,6.0,12.154251243188662,72.92550745913198,13.327034196839415,99.98083333333355,26.055995773021262,0,0,0.38333333333332237,Normal
3130,52.166666666666664,6.0,12.15252614029448,72.91515684176687,13.29369447339242,99.98082500000022,26.057572042290158,0,0,0.383499999999989,Normal
3131,52.18333333333333,6.0,12.150800948264655,72.90480568958793,13.260354747166584,99.9808166666669,26.05914497389472,0,0,0.38366666666665566,Normal
3132,52.2,6.0,12.149075667309267,72.8944540038556,13.227015018161904,99.98080833333357,26.060714574902946,0,0,0.3838333333333223,Normal
3133,52.21666666666667,6.0,12.147350297638502,72.884101785831,13.19367528637838,99.98080000000024,26.062280852367856,0,0,0.38399999999998896,Normal
3134,52.233333333333334,6.0,12.14562483946263,72.87374903677579,13.16033555181601,99.98079166666692,26.063843813327548,0,0,0.3841666666666556,Normal
3135,52.25,6.0,12.143899292992032,72.86339575795219,13.126995814474796,99.98078333333359,26.065403464805208,0,0,0.38433333333332226,Normal
3136,52.266666666666666,6.0,12.142173658437176,72.85304195062307,13.093656074354737,99.98077500000026,26.06695981380915,0,0,0.3844999999999889,Normal
3137,52.28333333333333,6.0,12.140447936008632,72.84268761605179,13.060316331455832,99.98076666666694,26.068512867332846,0,0,0.38466666666665555,Normal
3138,52.3,6.0,12.138722125917067,72.83233275550239,13.02697658577808,99.98075833333361,26.070062632354965,0,0,0.3848333333333222,Normal
3139,52.31666666666667,6.0,12.136996228373237,72.82197737023942,12.99363683732148,99.98075000000028,26.07160911583939,0,0,0.38499999999998885,Normal
3140,52.333333333333336,6.0,12.135270243588002,72.811621461528,12.960297086086035,99.98074166666696,26.07315232473526,0,0,0.3851666666666555,Normal
3141,52.35,6.0,12.133544171772314,72.80126503063389,12.92695733207174,99.98073333333363,26.074692265977,0,0,0.38533333333332215,Normal
3142,52.36666666666667,6.0,12.13181801313722,72.79090807882332,12.893617575278599,99.9807250000003,26.076228946484342,0,0,0.3854999999999888,Normal
3143,52.38333333333333,6.0,12.130091767893862,72.78055060736318,12.860277815706608,99.98071666666698,26.077762373162376,0,0,0.38566666666665544,Normal
3144,52.4,6.0,12.128365436253478,72.77019261752088,12.826938053355768,99.98070833333365,26.07929255290156,0,0,0.3858333333333221,Normal
3145,52.416666666666664,6.0,12.126639018427403,72.75983411056441,12.793598288226079,99.98070000000033,26.080819492577767,0,0,0.38599999999998874,Normal
3146,52.43333333333333,6.0,12.124912514627061,72.74947508776236,12.760258520317539,99.980691666667,26.082343199052307,0,0,0.3861666666666554,Normal
3147,52.45,6.0,12.123185925063975,72.73911555038384,12.72691874963015,99.98068333333367,26.083863679171962,0,0,0.38633333333332204,Normal
3148,52.46666666666667,6.0,12.12145924994976,72.72875549969856,12.693578976163908,99.98067500000035,26.08538093976901,0,0,0.3864999999999887,Normal
3149,52.483333333333334,6.0,12.119732489496126,72.71839493697675,12.660239199918815,99.98066666666702,26.086894987661264,0,0,0.38666666666665533,Normal
3150,52.5,6.0,12.118005643914874,72.70803386348925,12.62689942089487,99.9806583333337,26.0884058296521,0,0,0.386833333333322,Normal
3151,52.516666666666666,6.0,12.116278713417904,72.69767228050742,12.593559639092074,99.98065000000037,26.089913472530483,0,0,0.38699999999998863,Normal
3152,52.53333333333333,6.0,12.1145516982172,72.6873101893032,12.560219854510425,99.98064166666704,26.091417923071006,0,0,0.3871666666666553,Normal
3153,52.55,6.0,12.112824598524847,72.67694759114909,12.526880067149921,99.98063333333371,26.092919188033914,0,0,0.3873333333333219,Normal
3154,52.56666666666667,6.0,12.111097414553019,72.66658448731812,12.493540277010565,99.98062500000039,26.094417274165135,0,0,0.3874999999999886,Normal
3155,52.583333333333336,6.0,12.109370146513982,72.65622087908389,12.460200484092354,99.98061666666706,26.095912188196316,0,0,0.3876666666666552,Normal
3156,52.6,6.0,12.107642794620098,72.64585676772059,12.426860688395289,99.98060833333373,26.09740393684484,0,0,0.3878333333333219,Normal
3157,52.61666666666667,6.0,12.105915359083816,72.6354921545029,12.393520889919367,99.98060000000041,26.098892526813877,0,0,0.3879999999999885,Normal
3158,52.63333333333333,6.0,12.104187840117682,72.62512704070609,12.360181088664591,99.98059166666708,26.10037796479239,0,0,0.38816666666665517,Normal
3159,52.65,6.0,12.102460237934327,72.61476142760597,12.326841284630959,99.98058333333375,26.101860257455183,0,0,0.3883333333333218,Normal
3160,52.666666666666664,6.0,12.100732552746477,72.60439531647886,12.29350147781847,99.98057500000043,26.103339411462926,0,0,0.38849999999998847,Normal
3161,52.68333333333333,6.0,12.099004784766949,72.5940287086017,12.260161668227123,99.9805666666671,26.104815433462182,0,0,0.3886666666666551,Normal
3162,52.7,6.0,12.09727693420865,72.5836616052519,12.226821855856919,99.98055833333378,26.106288330085437,0,0,0.38883333333332176,Normal
3163,52.71666666666667,6.0,12.095549001284581,72.57329400770749,12.193482040707858,99.98055000000045,26.10775810795114,0,0,0.3889999999999884,Normal
3164,52.733333333333334,6.0,12.09382098620783,72.56292591724697,12.160142222779937,99.98054166666712,26.109224773663712,0,0,0.38916666666665506,Normal
3165,52.75,6.0,12.092092889191571,72.55255733514943,12.126802402073158,99.9805333333338,26.110688333813602,0,0,0.3893333333333217,Normal
3166,52.766666666666666,6.0,12.090364710449073,72.54218826269444,12.09346257858752,99.98052500000047,26.11214879497729,0,0,0.38949999999998836,Normal
3167,52.78333333333333,6.0,12.0886364501937,72.5318187011622,12.060122752323021,99.98051666666714,26.11360616371734,0,0,0.389666666666655,Normal
3168,52.8,6.0,12.086908108638893,72.52144865183335,12.026782923279663,99.98050833333382,26.115060446582408,0,0,0.38983333333332165,Normal
3169,52.81666666666667,6.0,12.08517968599819,72.51107811598914,11.993443091457443,99.98050000000049,26.11651165010729,0,0,0.3899999999999883,Normal
3170,52.833333333333336,6.0,12.083451182485215,72.50070709491129,11.960103256856364,99.98049166666716,26.117959780812946,0,0,0.39016666666665495,Normal
3171,52.85,6.0,12.081722598313684,72.49033558988211,11.926763419476423,99.98048333333384,26.119404845206518,0,0,0.3903333333333216,Normal
3172,52.86666666666667,6.0,12.079993933697397,72.47996360218438,11.893423579317618,99.98047500000051,26.120846849781373,0,0,0.39049999999998825,Normal
3173,52.88333333333333,6.0,12.078265188850247,72.46959113310149,11.860083736379952,99.98046666666718,26.122285801017128,0,0,0.3906666666666549,Normal
3174,52.9,6.0,12.076536363986213,72.45921818391727,11.826743890663423,99.98045833333386,26.12372170537968,0,0,0.39083333333332154,Normal
3175,52.916666666666664,6.0,12.074807459319358,72.44884475591614,11.79340404216803,99.98045000000053,26.12515456932123,0,0,0.3909999999999882,Normal
3176,52.93333333333333,6.0,12.07307847506384,72.43847085038304,11.760064190893772,99.9804416666672,26.12658439928031,0,0,0.39116666666665484,Normal
3177,52.95,6.0,12.071349411433895,72.42809646860337,11.72672433684065,99.98043333333388,26.128011201681836,0,0,0.3913333333333215,Normal
3178,52.96666666666667,6.0,12.069620268643854,72.41772161186313,11.693384480008664,99.98042500000055,26.1294349829371,0,0,0.39149999999998814,Normal
3179,52.983333333333334,6.0,12.067891046908132,72.4073462814488,11.660044620397812,99.98041666666722,26.13085574944382,0,0,0.3916666666666548,Normal
3180,53.0,6.0,12.06616174644123,72.39697047864738,11.626704758008094,99.9804083333339,26.132273507586177,0,0,0.39183333333332143,Normal
3181,53.016666666666666,6.0,12.064432367457735,72.38659420474642,11.59336489283951,99.98040000000057,26.13368826373482,0,0,0.3919999999999881,Normal
3182,53.03333333333333,6.0,12.062702910172318,72.3762174610339,11.56002502489206,99.98039166666724,26.13510002424691,0,0,0.39216666666665473,Normal
3183,53.05,6.0,12.060973374799746,72.36584024879848,11.526685154165742,99.98038333333392,26.136508795466153,0,0,0.3923333333333214,Normal
3184,53.06666666666667,6.0,12.05924376155486,72.35546256932916,11.493345280660556,99.98037500000059,26.13791458372281,0,0,0.392499999999988,Normal
3185,53.083333333333336,6.0,12.057514070652589,72.34508442391554,11.460005404376503,99.98036666666727,26.13931739533375,0,0,0.3926666666666547,Normal
3186,53.1,6.0,12.05578430230795,72.3347058138477,11.426665525313581,99.98035833333394,26.140717236602455,0,0,0.3928333333333213,Normal
3187,53.11666666666667,6.0,12.054054456736045,72.32432674041627,11.393325643471789,99.98035000000061,26.142114113819062,0,0,0.39299999999998797,Normal
3188,53.13333333333333,6.0,12.052324534152056,72.31394720491234,11.359985758851128,99.98034166666729,26.143508033260385,0,0,0.3931666666666546,Normal
3189,53.15,6.0,12.050594534771257,72.30356720862754,11.326645871451596,99.98033333333396,26.144899001189952,0,0,0.39333333333332127,Normal
3190,53.166666666666664,6.0,12.048864458809001,72.29318675285401,11.293305981273194,99.98032500000063,26.14628702385802,0,0,0.3934999999999879,Normal
3191,53.18333333333333,6.0,12.047134306480723,72.28280583888434,11.259966088315922,99.9803166666673,26.147672107501613,0,0,0.39366666666665456,Normal
3192,53.2,6.0,12.045404078001948,72.27242446801168,11.226626192579777,99.98030833333398,26.149054258344552,0,0,0.3938333333333212,Normal
3193,53.21666666666667,6.0,12.043673773588282,72.26204264152969,11.193286294064762,99.98030000000065,26.15043348259747,0,0,0.39399999999998786,Normal
3194,53.233333333333334,6.0,12.041943393455409,72.25166036073244,11.159946392770875,99.98029166666733,26.151809786457854,0,0,0.3941666666666545,Normal
3195,53.25,6.0,12.040212937819103,72.24127762691461,11.126606488698114,99.980283333334,26.153183176110062,0,0,0.39433333333332116,Normal
3196,53.266666666666666,6.0,12.038482406895216,72.2308944413713,11.09326658184648,99.98027500000067,26.15455365772536,0,0,0.3944999999999878,Normal
3197,53.28333333333333,6.0,12.036751800899689,72.22051080539813,11.059926672215973,99.98026666666735,26.15592123746194,0,0,0.39466666666665445,Normal
3198,53.3,6.0,12.035021120048537,72.21012672029121,11.026586759806591,99.98025833333402,26.15728592146496,0,0,0.3948333333333211,Normal
3199,53.31666666666667,6.0,12.033290364557864,72.19974218734718,10.993246844618334,99.9802500000007,26.158647715866564,0,0,0.39499999999998775,Normal
3200,53.333333333333336,6.0,12.031559534643852,72.18935720786311,10.959906926651202,99.98024166666737,26.160006626785904,0,0,0.3951666666666544,Normal
3201,53.35,6.0,12.029828630522765,72.17897178313659,10.926567005905195,99.98023333333404,26.161362660329182,0,0,0.39533333333332105,Normal
3202,53.36666666666667,6.0,12.028097652410949,72.1685859144657,10.893227082380312,99.98022500000071,26.16271582258966,0,0,0.3954999999999877,Normal
3203,53.38333333333333,6.0,12.026366600524833,72.158199603149,10.859887156076553,99.98021666666739,26.164066119647707,0,0,0.39566666666665434,Normal
3204,53.4,6.0,12.024635475080922,72.14781285048554,10.826547226993917,99.98020833333406,26.165413557570805,0,0,0.395833333333321,Normal
3205,53.416666666666664,6.0,12.022904276295804,72.13742565777483,10.793207295132403,99.98020000000074,26.166758142413595,0,0,0.39599999999998764,Normal
3206,53.43333333333333,6.0,12.021173004386153,72.12703802631691,10.759867360492011,99.98019166666741,26.168099880217895,0,0,0.3961666666666543,Normal
3207,53.45,6.0,12.019441659568713,72.11664995741228,10.72652742307274,99.98018333333408,26.169438777012726,0,0,0.39633333333332094,Normal
3208,53.46666666666667,6.0,12.017710242060316,72.10626145236189,10.693187482874592,99.98017500000076,26.170774838814346,0,0,0.3964999999999876,Normal
3209,53.483333333333334,6.0,12.01597875207787,72.09587251246722,10.659847539897564,99.98016666666743,26.17210807162627,0,0,0.39666666666665423,Normal
3210,53.5,6.0,12.014247189838365,72.08548313903019,10.626507594141657,99.9801583333341,26.173438481439295,0,0,0.3968333333333209,Normal
3211,53.516666666666666,6.0,12.012515555558863,72.07509333335318,10.593167645606869,99.98015000000078,26.174766074231542,0,0,0.39699999999998753,Normal
3212,53.53333333333333,6.0,12.010783849456516,72.0647030967391,10.5598276942932,99.98014166666745,26.176090855968464,0,0,0.3971666666666542,Normal
3213,53.55,6.0,12.009052071748545,72.05431243049128,10.526487740200649,99.98013333333412,26.177412832602883,0,0,0.3973333333333208,Normal
3214,53.56666666666667,6.0,12.00732022265226,72.04392133591355,10.493147783329217,99.9801250000008,26.178732010075016,0,0,0.3974999999999875,Normal
3215,53.583333333333336,6.0,12.005588302385034,72.0335298143102,10.459807823678904,99.98011666666747,26.180048394312504,0,0,0.3976666666666541,Normal
3216,53.6,6.0,12.003856311164334,72.023137866986,10.426467861249709,99.98010833333414,26.181361991230432,0,0,0.39783333333332077,Normal
3217,53.61666666666667,6.0,12.002124249207696,72.01274549524618,10.39312789604163,99.98010000000082,26.182672806731354,0,0,0.3979999999999874,Normal
3218,53.63333333333333,6.0,12.000392116732735,72.00235270039641,10.359787928054667,99.98009166666749,26.183980846705335,0,0,0.39816666666665407,Normal
3219,53.65,6.0,12.0,72.0,10.32644795728882,99.98008333333416,26.18528611702996,0,1,0.3983333333333207,UNDER-VOLTAGE PROTECTION
3220,53.666666666666664,6.0,12.0,72.0,10.29310798374409,99.98007500000084,26.18658862357037,0,1,0.39849999999998736,UNDER-VOLTAGE PROTECTION
3221,53.68333333333333,6.0,12.0,72.0,10.259768007420474,99.98006666666751,26.18788837217928,0,1,0.398666666666654,UNDER-VOLTAGE PROTECTION
3222,53.7,6.0,12.0,72.0,10.226428028317974,99.98005833333418,26.189185368697018,0,1,0.39883333333332066,UNDER-VOLTAGE PROTECTION
3223,53.71666666666667,6.0,12.0,72.0,10.193088046436587,99.98005000000086,26.190479618951542,0,1,0.3989999999999873,UNDER-VOLTAGE PROTECTION
3224,53.733333333333334,6.0,12.0,72.0,10.159748061776314,99.98004166666753,26.191771128758468,0,1,0.39916666666665396,UNDER-VOLTAGE PROTECTION
3225,53.75,6.0,12.0,72.0,10.126408074337155,99.9800333333342,26.193059903921096,0,1,0.3993333333333206,UNDER-VOLTAGE PROTECTION
3226,53.766666666666666,6.0,12.0,72.0,10.093068084119109,99.98002500000088,26.19434595023044,0,1,0.39949999999998725,UNDER-VOLTAGE PROTECTION
3227,53.78333333333333,6.0,12.0,72.0,10.059728091122174,99.98001666666755,26.195629273465244,0,1,0.3996666666666539,UNDER-VOLTAGE PROTECTION
3228,53.8,6.0,12.0,72.0,10.026388095346352,99.98000833333423,26.196909879392024,0,1,0.39983333333332055,UNDER-VOLTAGE PROTECTION
3229,53.81666666666667,6.0,12.0,72.0,9.993048096791641,99.9800000000009,26.198187773765078,0,1,0.3999999999999872,UNDER-VOLTAGE PROTECTION
3230,53.833333333333336,6.0,12.0,72.0,9.959708095458042,99.97999166666757,26.199462962326518,0,1,0.40016666666665385,UNDER-VOLTAGE PROTECTION
3231,53.85,6.0,12.0,72.0,9.926368091345553,99.97998333333425,26.200735450806295,0,1,0.4003333333333205,UNDER-VOLTAGE PROTECTION
3232,53.86666666666667,6.0,12.0,72.0,9.893028084454174,99.97997500000092,26.202005244922233,0,1,0.40049999999998714,UNDER-VOLTAGE PROTECTION
3233,53.88333333333333,6.0,12.0,72.0,9.859688074783906,99.9799666666676,26.203272350380043,0,1,0.4006666666666538,UNDER-VOLTAGE PROTECTION
3234,53.9,6.0,12.0,72.0,9.826348062334745,99.97995833333427,26.204536772873357,0,1,0.40083333333332044,UNDER-VOLTAGE PROTECTION
3235,53.916666666666664,6.0,12.0,72.0,9.793008047106692,99.97995000000094,26.205798518083743,0,1,0.4009999999999871,UNDER-VOLTAGE PROTECTION
3236,53.93333333333333,6.0,12.0,72.0,9.75966802909975,99.97994166666761,26.20705759168074,0,1,0.40116666666665374,UNDER-VOLTAGE PROTECTION
3237,53.95,6.0,12.0,72.0,9.726328008313914,99.97993333333429,26.208313999321888,0,1,0.4013333333333204,UNDER-VOLTAGE PROTECTION
3238,53.96666666666667,6.0,12.0,72.0,9.692987984749186,99.97992500000096,26.209567746652734,0,1,0.40149999999998703,UNDER-VOLTAGE PROTECTION
3239,53.983333333333334,6.0,12.0,72.0,9.659647958405564,99.97991666666763,26.21081883930688,0,1,0.4016666666666537,UNDER-VOLTAGE PROTECTION
3240,54.0,9.0,12.0,108.0,9.609637914721791,99.97990416666764,26.216832946454527,0,1,0.40191666666665365,UNDER-VOLTAGE PROTECTION
3241,54.016666666666666,9.0,12.0,108.0,9.559627864785506,99.97989166666764,26.22283431891792,0,1,0.4021666666666536,UNDER-VOLTAGE PROTECTION
3242,54.03333333333333,9.0,12.0,108.0,9.509617808596708,99.97987916666764,26.22882298366462,0,1,0.4024166666666536,UNDER-VOLTAGE PROTECTION
3243,54.05,9.0,12.0,108.0,9.459607746155395,99.97986666666765,26.234798967605094,0,1,0.40266666666665357,UNDER-VOLTAGE PROTECTION
3244,54.06666666666667,9.0,12.0,108.0,9.409597677461566,99.97985416666765,26.240762297592813,0,1,0.40291666666665354,UNDER-VOLTAGE PROTECTION
3245,54.083333333333336,9.0,12.0,108.0,9.359587602515218,99.97984166666765,26.246713000424382,0,1,0.4031666666666535,UNDER-VOLTAGE PROTECTION
3246,54.1,9.0,12.0,108.0,9.30957752131635,99.97982916666766,26.25265110283966,0,1,0.4034166666666535,UNDER-VOLTAGE PROTECTION
3247,54.11666666666667,9.0,12.0,108.0,9.25956743386496,99.97981666666766,26.258576631521883,0,1,0.40366666666665346,UNDER-VOLTAGE PROTECTION
3248,54.13333333333333,9.0,12.0,108.0,9.209557340161048,99.97980416666766,26.26448961309778,0,1,0.40391666666665343,UNDER-VOLTAGE PROTECTION
3249,54.15,9.0,12.0,108.0,9.159547240204612,99.97979166666767,26.27039007413769,0,1,0.4041666666666534,UNDER-VOLTAGE PROTECTION
3250,54.166666666666664,9.0,12.0,108.0,9.10953713399565,99.97977916666767,26.27627804115569,0,1,0.4044166666666534,UNDER-VOLTAGE PROTECTION
3251,54.18333333333333,9.0,12.0,108.0,9.05952702153416,99.97976666666767,26.282153540609716,0,1,0.40466666666665335,UNDER-VOLTAGE PROTECTION
3252,54.2,9.0,12.0,108.0,9.009516902820142,99.97975416666768,26.28801659890166,0,1,0.4049166666666533,UNDER-VOLTAGE PROTECTION
3253,54.21666666666667,9.0,12.0,108.0,8.959506777853592,99.97974166666768,26.293867242377516,0,1,0.4051666666666533,UNDER-VOLTAGE PROTECTION
3254,54.233333333333334,9.0,12.0,108.0,8.90949664663451,99.97972916666768,26.29970549732748,0,1,0.40541666666665327,UNDER-VOLTAGE PROTECTION
3255,54.25,9.0,12.0,108.0,8.859486509162894,99.97971666666768,26.30553138998608,0,1,0.40566666666665324,UNDER-VOLTAGE PROTECTION
3256,54.266666666666666,9.0,12.0,108.0,8.809476365438742,99.97970416666769,26.311344946532284,0,1,0.4059166666666532,UNDER-VOLTAGE PROTECTION
3257,54.28333333333333,9.0,12.0,108.0,8.759466215462053,99.97969166666769,26.317146193089627,0,1,0.4061666666666532,UNDER-VOLTAGE PROTECTION
3258,54.3,9.0,12.0,108.0,8.709456059232826,99.9796791666677,26.32293515572632,0,1,0.40641666666665316,UNDER-VOLTAGE PROTECTION
3259,54.31666666666667,9.0,12.0,108.0,8.659445896751059,99.9796666666677,26.32871186045537,0,1,0.40666666666665313,UNDER-VOLTAGE PROTECTION
3260,54.333333333333336,9.0,12.0,108.0,8.60943572801675,99.9796541666677,26.3344763332347,0,1,0.4069166666666531,UNDER-VOLTAGE PROTECTION
3261,54.35,9.0,12.0,108.0,8.559425553029898,99.9796416666677,26.34022859996726,0,1,0.4071666666666531,UNDER-VOLTAGE PROTECTION
3262,54.36666666666667,9.0,12.0,108.0,8.509415371790501,99.9796291666677,26.345968686501156,0,1,0.40741666666665305,UNDER-VOLTAGE PROTECTION
3263,54.38333333333333,9.0,12.0,108.0,8.459405184298559,99.97961666666771,26.35169661862974,0,1,0.407666666666653,UNDER-VOLTAGE PROTECTION
3264,54.4,9.0,12.0,108.0,8.409394990554068,99.97960416666771,26.357412422091762,0,1,0.407916666666653,UNDER-VOLTAGE PROTECTION
3265,54.416666666666664,9.0,12.0,108.0,8.359384790557028,99.97959166666772,26.36311612257145,0,1,0.40816666666665297,UNDER-VOLTAGE PROTECTION
3266,54.43333333333333,9.0,12.0,108.0,8.309374584307436,99.97957916666772,26.368807745698653,0,1,0.40841666666665294,UNDER-VOLTAGE PROTECTION
3267,54.45,9.0,12.0,108.0,8.259364371805292,99.97956666666772,26.37448731704894,0,1,0.4086666666666529,UNDER-VOLTAGE PROTECTION
3268,54.46666666666667,9.0,12.0,108.0,8.209354153050594,99.97955416666773,26.380154862143716,0,1,0.4089166666666529,UNDER-VOLTAGE PROTECTION
3269,54.483333333333334,9.0,12.0,108.0,8.15934392804334,99.97954166666773,26.385810406450354,0,1,0.40916666666665286,UNDER-VOLTAGE PROTECTION
3270,54.5,9.0,12.0,108.0,8.109333696783528,99.97952916666773,26.391453975382284,0,1,0.40941666666665283,UNDER-VOLTAGE PROTECTION
3271,54.516666666666666,9.0,12.0,108.0,8.059323459271157,99.97951666666773,26.39708559429912,0,1,0.4096666666666528,UNDER-VOLTAGE PROTECTION
3272,54.53333333333333,9.0,12.0,108.0,8.009313215506227,99.97950416666774,26.40270528850678,0,1,0.4099166666666528,UNDER-VOLTAGE PROTECTION
3273,54.55,9.0,12.0,108.0,7.959302965488734,99.97949166666774,26.40831308325759,0,1,0.41016666666665275,UNDER-VOLTAGE PROTECTION
3274,54.56666666666667,9.0,12.0,108.0,7.909292709218678,99.97947916666774,26.413909003750398,0,1,0.4104166666666527,UNDER-VOLTAGE PROTECTION
3275,54.583333333333336,9.0,12.0,108.0,7.859282446696057,99.97946666666775,26.419493075130692,0,1,0.4106666666666527,UNDER-VOLTAGE PROTECTION
3276,54.6,9.0,12.0,108.0,7.809272177920869,99.97945416666775,26.42506532249071,0,1,0.41091666666665266,UNDER-VOLTAGE PROTECTION
3277,54.61666666666667,9.0,12.0,108.0,7.759261902893113,99.97944166666775,26.430625770869554,0,1,0.41116666666665264,UNDER-VOLTAGE PROTECTION
3278,54.63333333333333,9.0,12.0,108.0,7.709251621612787,99.97942916666776,26.4361744452533,0,1,0.4114166666666526,UNDER-VOLTAGE PROTECTION
3279,54.65,9.0,12.0,108.0,7.65924133407989,99.97941666666776,26.441711370575117,0,1,0.4116666666666526,UNDER-VOLTAGE PROTECTION
3280,54.666666666666664,9.0,12.0,108.0,7.60923104029442,99.97940416666776,26.44723657171537,0,1,0.41191666666665255,UNDER-VOLTAGE PROTECTION
3281,54.68333333333333,9.0,12.0,108.0,7.559220740256375,99.97939166666777,26.452750073501736,0,1,0.4121666666666525,UNDER-VOLTAGE PROTECTION
3282,54.7,9.0,12.0,108.0,7.509210433965754,99.97937916666777,26.45825190070932,0,1,0.4124166666666525,UNDER-VOLTAGE PROTECTION
3283,54.71666666666667,9.0,12.0,108.0,7.459200121422556,99.97936666666777,26.46374207806076,0,1,0.41266666666665247,UNDER-VOLTAGE PROTECTION
3284,54.733333333333334,9.0,12.0,108.0,7.409189802626778,99.97935416666778,26.46922063022634,0,1,0.41291666666665244,UNDER-VOLTAGE PROTECTION
3285,54.75,9.0,12.0,108.0,7.35917947757842,99.97934166666778,26.474687581824096,0,1,0.4131666666666524,UNDER-VOLTAGE PROTECTION
3286,54.766666666666666,9.0,12.0,108.0,7.309169146277479,99.97932916666778,26.48014295741994,0,1,0.4134166666666524,UNDER-VOLTAGE PROTECTION
3287,54.78333333333333,9.0,12.0,108.0,7.259158808723955,99.97931666666778,26.485586781527758,0,1,0.41366666666665236,UNDER-VOLTAGE PROTECTION
3288,54.8,9.0,12.0,108.0,7.209148464917845,99.97930416666779,26.491019078609522,0,1,0.41391666666665233,UNDER-VOLTAGE PROTECTION
3289,54.81666666666667,9.0,12.0,108.0,7.1591381148591475,99.97929166666779,26.496439873075406,0,1,0.4141666666666523,UNDER-VOLTAGE PROTECTION
3290,54.833333333333336,9.0,12.0,108.0,7.109127758547862,99.9792791666678,26.501849189283895,0,1,0.4144166666666523,UNDER-VOLTAGE PROTECTION
3291,54.85,9.0,12.0,108.0,7.059117395983986,99.9792666666678,26.50724705154188,0,1,0.41466666666665225,UNDER-VOLTAGE PROTECTION
3292,54.86666666666667,9.0,12.0,108.0,7.009107027167518,99.9792541666678,26.512633484104793,0,1,0.4149166666666522,UNDER-VOLTAGE PROTECTION
3293,54.88333333333333,9.0,12.0,108.0,6.959096652098458,99.9792416666678,26.51800851117669,0,1,0.4151666666666522,UNDER-VOLTAGE PROTECTION
3294,54.9,9.0,12.0,108.0,6.909086270776802,99.9792291666678,26.523372156910373,0,1,0.41541666666665217,UNDER-VOLTAGE PROTECTION
3295,54.916666666666664,9.0,12.0,108.0,6.85907588320255,99.97921666666781,26.528724445407505,0,1,0.41566666666665214,UNDER-VOLTAGE PROTECTION
3296,54.93333333333333,9.0,12.0,108.0,6.8090654893757,99.97920416666781,26.5340654007187,0,1,0.4159166666666521,UNDER-VOLTAGE PROTECTION
3297,54.95,9.0,12.0,108.0,6.759055089296251,99.97919166666782,26.539395046843648,0,1,0.4161666666666521,UNDER-VOLTAGE PROTECTION
3298,54.96666666666667,9.0,12.0,108.0,6.709044682964201,99.97917916666782,26.544713407731216,0,1,0.41641666666665206,UNDER-VOLTAGE PROTECTION
3299,54.983333333333334,9.0,12.0,108.0,6.659034270379548,99.97916666666782,26.550020507279548,0,1,0.41666666666665203,UNDER-VOLTAGE PROTECTION
3300,55.0,9.0,12.0,108.0,6.609023851542291,99.97915416666783,26.55531636933619,0,1,0.416916666666652,UNDER-VOLTAGE PROTECTION
3301,55.016666666666666,9.0,12.0,108.0,6.559013426452428,99.97914166666783,26.560601017698183,0,1,0.417166666666652,UNDER-VOLTAGE PROTECTION
3302,55.03333333333333,9.0,12.0,108.0,6.509002995109958,99.97912916666783,26.565874476112175,0,1,0.41741666666665195,UNDER-VOLTAGE PROTECTION
3303,55.05,9.0,12.0,108.0,6.458992557514879,99.97911666666784,26.571136768274524,0,1,0.4176666666666519,UNDER-VOLTAGE PROTECTION
3304,55.06666666666667,9.0,12.0,108.0,6.408982113667189,99.97910416666784,26.576387917831415,0,1,0.4179166666666519,UNDER-VOLTAGE PROTECTION
3305,55.083333333333336,9.0,12.0,108.0,6.358971663566888,99.97909166666784,26.581627948378948,0,1,0.41816666666665187,UNDER-VOLTAGE PROTECTION
3306,55.1,9.0,12.0,108.0,6.308961207213973,99.97907916666784,26.586856883463263,0,1,0.41841666666665184,UNDER-VOLTAGE PROTECTION
3307,55.11666666666667,9.0,12.0,108.0,6.258950744608443,99.97906666666785,26.592074746580636,0,1,0.4186666666666518,UNDER-VOLTAGE PROTECTION
3308,55.13333333333333,9.0,12.0,108.0,6.208940275750296,99.97905416666785,26.59728156117758,0,1,0.4189166666666518,UNDER-VOLTAGE PROTECTION
3309,55.15,9.0,12.0,108.0,6.15892980063953,99.97904166666785,26.60247735065097,0,1,0.41916666666665175,UNDER-VOLTAGE PROTECTION
3310,55.166666666666664,9.0,12.0,108.0,6.108919319276145,99.97902916666786,26.60766213834812,0,1,0.4194166666666517,UNDER-VOLTAGE PROTECTION
3311,55.18333333333333,9.0,12.0,108.0,6.058908831660139,99.97901666666786,26.612835947566914,0,1,0.4196666666666517,UNDER-VOLTAGE PROTECTION
3312,55.2,9.0,12.0,108.0,6.008898337791509,99.97900416666786,26.61799880155589,0,1,0.4199166666666517,UNDER-VOLTAGE PROTECTION
3313,55.21666666666667,9.0,12.0,108.0,5.958887837670255,99.97899166666787,26.623150723514357,0,1,0.42016666666665164,UNDER-VOLTAGE PROTECTION
3314,55.233333333333334,9.0,12.0,108.0,5.908877331296375,99.97897916666787,26.6282917365925,0,1,0.4204166666666516,UNDER-VOLTAGE PROTECTION
3315,55.25,9.0,12.0,108.0,5.858866818669867,99.97896666666787,26.63342186389148,0,1,0.4206666666666516,UNDER-VOLTAGE PROTECTION
3316,55.266666666666666,9.0,12.0,108.0,5.80885629979073,99.97895416666788,26.638541128463533,0,1,0.42091666666665156,UNDER-VOLTAGE PROTECTION
3317,55.28333333333333,9.0,12.0,108.0,5.758845774658962,99.97894166666788,26.64364955331208,0,1,0.42116666666665153,UNDER-VOLTAGE PROTECTION
3318,55.3,9.0,12.0,108.0,5.708835243274562,99.97892916666788,26.64874716139183,0,1,0.4214166666666515,UNDER-VOLTAGE PROTECTION
3319,55.31666666666667,9.0,12.0,108.0,5.658824705637528,99.97891666666789,26.653833975608883,0,1,0.4216666666666515,UNDER-VOLTAGE PROTECTION
3320,55.333333333333336,9.0,12.0,108.0,5.608814161747858,99.97890416666789,26.65891001882083,0,1,0.42191666666665145,UNDER-VOLTAGE PROTECTION
3321,55.35,9.0,12.0,108.0,5.558803611605552,99.97889166666789,26.663975313836858,0,1,0.4221666666666514,UNDER-VOLTAGE PROTECTION
3322,55.36666666666667,9.0,12.0,108.0,5.5087930552106075,99.9788791666679,26.66902988341785,0,1,0.4224166666666514,UNDER-VOLTAGE PROTECTION
3323,55.38333333333333,9.0,12.0,108.0,5.458782492563023,99.9788666666679,26.674073750276495,0,1,0.42266666666665137,UNDER-VOLTAGE PROTECTION
3324,55.4,9.0,12.0,108.0,5.408771923662796,99.9788541666679,26.67910693707738,0,1,0.42291666666665134,UNDER-VOLTAGE PROTECTION
3325,55.416666666666664,9.0,12.0,108.0,5.358761348509925,99.9788416666679,26.684129466437096,0,1,0.4231666666666513,UNDER-VOLTAGE PROTECTION
3326,55.43333333333333,9.0,12.0,108.0,5.30875076710441,99.97882916666791,26.689141360924346,0,1,0.4234166666666513,UNDER-VOLTAGE PROTECTION
3327,55.45,9.0,12.0,108.0,5.2587401794462485,99.97881666666791,26.694142643060037,0,1,0.42366666666665126,UNDER-VOLTAGE PROTECTION
3328,55.46666666666667,9.0,12.0,108.0,5.208729585535439,99.97880416666791,26.69913333531738,0,1,0.42391666666665123,UNDER-VOLTAGE PROTECTION
3329,55.483333333333334,9.0,12.0,108.0,5.15871898537198,99.97879166666792,26.704113460122002,0,1,0.4241666666666512,UNDER-VOLTAGE PROTECTION
3330,55.5,9.0,12.0,108.0,5.108708378955869,99.97877916666792,26.70908303985204,0,1,0.4244166666666512,UNDER-VOLTAGE PROTECTION
3331,55.516666666666666,9.0,12.0,108.0,5.058697766287106,99.97876666666792,26.714042096838234,0,1,0.42466666666665115,UNDER-VOLTAGE PROTECTION
3332,55.53333333333333,9.0,12.0,108.0,5.0086871473656895,99.97875416666793,26.71899065336405,0,1,0.4249166666666511,UNDER-VOLTAGE PROTECTION
3333,55.55,9.0,12.0,108.0,4.958676522191617,99.97874166666793,26.723928731665747,0,1,0.4251666666666511,UNDER-VOLTAGE PROTECTION; CRITICAL LOW SOC
3334,55.56666666666667,9.0,12.0,108.0,4.908665890764887,99.97872916666793,26.728856353932514,0,1,0.42541666666665107,UNDER-VOLTAGE PROTECTION; CRITICAL LOW SOC
3335,55.583333333333336,9.0,12.0,108.0,4.858655253085498,99.97871666666794,26.73377354230654,0,1,0.42566666666665104,UNDER-VOLTAGE PROTECTION; CRITICAL LOW SOC
3336,55.6,9.0,12.0,108.0,4.808644609153449,99.97870416666794,26.738680318883127,0,1,0.425916666666651,UNDER-VOLTAGE PROTECTION; CRITICAL LOW SOC
3337,55.61666666666667,9.0,12.0,108.0,4.758633958968737,99.97869166666794,26.743576705710787,0,1,0.426166666666651,UNDER-VOLTAGE PROTECTION; CRITICAL LOW SOC
3338,55.63333333333333,9.0,12.0,108.0,4.708623302531362,99.97867916666794,26.74846272479134,0,1,0.42641666666665096,UNDER-VOLTAGE PROTECTION; CRITICAL LOW SOC
3339,55.65,9.0,12.0,108.0,4.658612639841322,99.97866666666795,26.753338398080018,0,1,0.42666666666665093,UNDER-VOLTAGE PROTECTION; CRITICAL LOW SOC
3340,55.666666666666664,9.0,12.0,108.0,4.608601970898615,99.97865416666795,26.758203747485556,0,1,0.4269166666666509,UNDER-VOLTAGE PROTECTION; CRITICAL LOW SOC
3341,55.68333333333333,9.0,12.0,108.0,4.5585912957032395,99.97864166666795,26.763058794870293,0,1,0.4271666666666509,UNDER-VOLTAGE PROTECTION; CRITICAL LOW SOC
3342,55.7,9.0,12.0,108.0,4.5085806142551945,99.97862916666796,26.767903562050275,0,1,0.42741666666665085,UNDER-VOLTAGE PROTECTION; CRITICAL LOW SOC
3343,55.71666666666667,9.0,12.0,108.0,4.458569926554477,99.97861666666796,26.772738070795345,0,1,0.4276666666666508,UNDER-VOLTAGE PROTECTION; CRITICAL LOW SOC
3344,55.733333333333334,9.0,12.0,108.0,4.408559232601088,99.97860416666796,26.77756234282925,0,1,0.4279166666666508,UNDER-VOLTAGE PROTECTION; CRITICAL LOW SOC
3345,55.75,9.0,12.0,108.0,4.358548532395024,99.97859166666797,26.78237639982973,0,1,0.42816666666665076,UNDER-VOLTAGE PROTECTION; CRITICAL LOW SOC
3346,55.766666666666666,9.0,12.0,108.0,4.308537825936283,99.97857916666797,26.78718026342862,0,1,0.42841666666665074,UNDER-VOLTAGE PROTECTION; CRITICAL LOW SOC
3347,55.78333333333333,9.0,12.0,108.0,4.258527113224865,99.97856666666797,26.791973955211947,0,1,0.4286666666666507,UNDER-VOLTAGE PROTECTION; CRITICAL LOW SOC
3348,55.8,9.0,12.0,108.0,4.2085163942607675,99.97855416666798,26.796757496720026,0,1,0.4289166666666507,UNDER-VOLTAGE PROTECTION; CRITICAL LOW SOC
3349,55.81666666666667,9.0,12.0,108.0,4.158505669043989,99.97854166666798,26.80153090944756,0,1,0.42916666666665065,UNDER-VOLTAGE PROTECTION; CRITICAL LOW SOC
3350,55.833333333333336,9.0,12.0,108.0,4.1084949375745285,99.97852916666798,26.80629421484373,0,1,0.4294166666666506,UNDER-VOLTAGE PROTECTION; CRITICAL LOW SOC
3351,55.85,9.0,12.0,108.0,4.058484199852384,99.97851666666799,26.811047434312297,0,1,0.4296666666666506,UNDER-VOLTAGE PROTECTION; CRITICAL LOW SOC
3352,55.86666666666667,9.0,12.0,108.0,4.008473455877555,99.97850416666799,26.815790589211694,0,1,0.42991666666665057,UNDER-VOLTAGE PROTECTION; CRITICAL LOW SOC
3353,55.88333333333333,9.0,12.0,108.0,3.958462705650038,99.97849166666799,26.82052370085513,0,1,0.43016666666665054,UNDER-VOLTAGE PROTECTION; CRITICAL LOW SOC
3354,55.9,9.0,12.0,108.0,3.9084519491698324,99.978479166668,26.825246790510672,0,1,0.4304166666666505,UNDER-VOLTAGE PROTECTION; CRITICAL LOW SOC
3355,55.916666666666664,9.0,12.0,108.0,3.8584411864369366,99.978466666668,26.829959879401354,0,1,0.4306666666666505,UNDER-VOLTAGE PROTECTION; CRITICAL LOW SOC
3356,55.93333333333333,9.0,12.0,108.0,3.808430417451349,99.978454166668,26.83466298870527,0,1,0.43091666666665046,UNDER-VOLTAGE PROTECTION; CRITICAL LOW SOC
3357,55.95,9.0,12.0,108.0,3.758419642213068,99.978441666668,26.839356139555658,0,1,0.43116666666665043,UNDER-VOLTAGE PROTECTION; CRITICAL LOW SOC
3358,55.96666666666667,9.0,12.0,108.0,3.708408860722092,99.97842916666801,26.844039353041012,0,1,0.4314166666666504,UNDER-VOLTAGE PROTECTION; CRITICAL LOW SOC
3359,55.983333333333334,9.0,12.0,108.0,3.65839807297842,99.97841666666801,26.84871265020516,0,1,0.4316666666666504,UNDER-VOLTAGE PROTECTION; CRITICAL LOW SOC
3360,56.0,-3.0,12.462151298487708,-37.38645389546312,3.6750683376438764,99.97841250000134,26.84575087619149,0,0,0.4317499999999837,CRITICAL LOW SOC
3361,56.016666666666666,-3.0,12.463022183812848,-37.389066551438546,3.6917386030040773,99.97840833333467,26.842795374209558,0,0,0.431833333333317,CRITICAL LOW SOC
3362,56.03333333333333,-3.0,12.463893062826507,-37.39167918847952,3.708408869059023,99.978404166668,26.83984613097741,0,0,0.43191666666665035,CRITICAL LOW SOC
3363,56.05,-3.0,12.464763935500152,-37.394291806500455,3.7250791358087127,99.97840000000133,26.836903133241222,0,0,0.4319999999999837,CRITICAL LOW SOC
3364,56.06666666666667,-3.0,12.465634801805246,-37.39690440541574,3.7417494032531473,99.97839583333466,26.83396636777524,0,0,0.432083333333317,CRITICAL LOW SOC
3365,56.083333333333336,-3.0,12.466505661713258,-37.399516985139776,3.758419671392326,99.97839166666799,26.831035821381715,0,0,0.4321666666666503,CRITICAL LOW SOC
3366,56.1,-3.0,12.467376515195662,-37.40212954558699,3.7750899402262497,99.97838750000132,26.828111480890847,0,0,0.43224999999998365,CRITICAL LOW SOC
3367,56.11666666666667,-3.0,12.468247362223927,-37.40474208667178,3.791760209754918,99.97838333333465,26.825193333160726,0,0,0.43233333333331697,CRITICAL LOW SOC
3368,56.13333333333333,-3.0,12.469118202769527,-37.40735460830858,3.808430479978331,99.97837916666798,26.822281365077266,0,0,0.4324166666666503,CRITICAL LOW SOC
3369,56.15,-3.0,12.469989036803938,-37.40996711041181,3.825100750896489,99.97837500000131,26.81937556355416,0,0,0.4324999999999836,CRITICAL LOW SOC
3370,56.166666666666664,-3.0,12.470859864298635,-37.41257959289591,3.8417710225093917,99.97837083333464,26.81647591553281,0,0,0.43258333333331694,CRITICAL LOW SOC
3371,56.18333333333333,-3.0,12.4717306852251,-37.415192055675305,3.8584412948170392,99.97836666666797,26.81358240798227,0,0,0.43266666666665027,CRITICAL LOW SOC
3372,56.2,-3.0,12.472601499554814,-37.417804498664445,3.875111567819432,99.9783625000013,26.81069502789919,0,0,0.4327499999999836,CRITICAL LOW SOC
3373,56.21666666666667,-3.0,12.473472307259259,-37.42041692177778,3.8917818415165697,99.97835833333463,26.807813762307756,0,0,0.4328333333333169,CRITICAL LOW SOC
3374,56.233333333333334,-3.0,12.474343108309919,-37.42302932492976,3.9084521159084527,99.97835416666796,26.804938598259632,0,0,0.43291666666665024,CRITICAL LOW SOC
3375,56.25,-3.0,12.47521390267828,-37.425641708034846,3.9251223909950808,99.97835000000129,26.802069522833907,0,0,0.43299999999998356,CRITICAL LOW SOC
3376,56.266666666666666,-3.0,12.476084690335831,-37.428254071007494,3.941792666776454,99.97834583333461,26.799206523137023,0,0,0.4330833333333169,CRITICAL LOW SOC
3377,56.28333333333333,-3.0,12.476955471254062,-37.43086641376219,3.9584629432525724,99.97834166666794,26.796349586302732,0,0,0.4331666666666502,CRITICAL LOW SOC
3378,56.3,-3.0,12.477826245404465,-37.433478736213395,3.975133220423436,99.97833750000127,26.793498699492034,0,0,0.43324999999998354,CRITICAL LOW SOC
3379,56.31666666666667,-3.0,12.478697012758534,-37.436091038275606,3.991803498289045,99.9783333333346,26.790653849893108,0,0,0.43333333333331686,CRITICAL LOW SOC
3380,56.333333333333336,-3.0,12.479567773287764,-37.43870331986329,4.008473776849399,99.97832916666793,26.787815024721276,0,0,0.4334166666666502,CRITICAL LOW SOC
3381,56.35,-3.0,12.480438526963654,-37.441315580890965,4.0251440561045,99.97832500000126,26.784982211218924,0,0,0.4334999999999835,CRITICAL LOW SOC
3382,56.36666666666667,-3.0,12.4813092737577,-37.4439278212731,4.041814336054346,99.97832083333459,26.78215539665546,0,0,0.43358333333331683,CRITICAL LOW SOC
3383,56.38333333333333,-3.0,12.482180013641408,-37.44654004092422,4.058484616698937,99.97831666666792,26.77933456832725,0,0,0.43366666666665016,CRITICAL LOW SOC
3384,56.4,-3.0,12.483050746586276,-37.44915223975883,4.075154898038274,99.97831250000125,26.77651971355756,0,0,0.4337499999999835,CRITICAL LOW SOC
3385,56.416666666666664,-3.0,12.483921472563813,-37.451764417691436,4.091825180072357,99.97830833333458,26.773710819696497,0,0,0.4338333333333168,CRITICAL LOW SOC
3386,56.43333333333333,-3.0,12.484792191545525,-37.454376574636576,4.108495462801185,99.97830416666791,26.77090787412096,0,0,0.43391666666665013,CRITICAL LOW SOC
3387,56.45,-3.0,12.485662903502918,-37.45698871050875,4.125165746224759,99.97830000000124,26.768110864234586,0,0,0.43399999999998345,CRITICAL LOW SOC
3388,56.46666666666667,-3.0,12.486533608407509,-37.45960082522252,4.14183603034308,99.97829583333457,26.765319777467678,0,0,0.4340833333333168,CRITICAL LOW SOC
3389,56.483333333333334,-3.0,12.487404306230806,-37.462212918692416,4.158506315156146,99.9782916666679,26.762534601277157,0,0,0.4341666666666501,CRITICAL LOW SOC
3390,56.5,-3.0,12.488274996944323,-37.464824990832966,4.175176600663958,99.97828750000123,26.75975532314651,0,0,0.4342499999999834,CRITICAL LOW SOC
3391,56.516666666666666,-3.0,12.48914568051958,-37.46743704155874,4.191846886866516,99.97828333333456,26.75698193058573,0,0,0.43433333333331675,CRITICAL LOW SOC
3392,56.53333333333333,-3.0,12.490016356928095,-37.470049070784285,4.208517173763821,99.97827916666789,26.754214411131255,0,0,0.4344166666666501,CRITICAL LOW SOC
3393,56.55,-3.0,12.490887026141388,-37.47266107842417,4.225187461355871,99.97827500000122,26.75145275234592,0,0,0.4344999999999834,CRITICAL LOW SOC
3394,56.56666666666667,-3.0,12.491757688130981,-37.475273064392944,4.2418577496426675,99.97827083333455,26.748696941818892,0,0,0.4345833333333167,CRITICAL LOW SOC
3395,56.583333333333336,-3.0,12.4926283428684,-37.4778850286052,4.258528038624211,99.97826666666788,26.74594696716563,0,0,0.43466666666665005,CRITICAL LOW SOC
3396,56.6,-3.0,12.493498990325168,-37.48049697097551,4.2751983283005,99.97826250000121,26.743202816027807,0,0,0.43474999999998337,CRITICAL LOW SOC
3397,56.61666666666667,-3.0,12.49436963047282,-37.48310889141846,4.291868618671536,99.97825833333454,26.740464476073278,0,0,0.4348333333333167,CRITICAL LOW SOC
3398,56.63333333333333,-3.0,12.49524026328288,-37.48572078984864,4.308538909737319,99.97825416666787,26.737731934996006,0,0,0.43491666666665,CRITICAL LOW SOC
3399,56.65,-3.0,12.496110888726886,-37.48833266618065,4.325209201497848,99.9782500000012,26.735005180516016,0,0,0.43499999999998334,CRITICAL LOW SOC
3400,56.666666666666664,-3.0,12.496981506776367,-37.4909445203291,4.341879493953123,99.97824583333453,26.732284200379336,0,0,0.43508333333331667,CRITICAL LOW SOC
3401,56.68333333333333,-3.0,12.497852117402864,-37.49355635220859,4.358549787103145,99.97824166666786,26.729568982357943,0,0,0.43516666666665,CRITICAL LOW SOC
3402,56.7,-3.0,12.498722720577913,-37.496168161733735,4.375220080947914,99.97823750000119,26.726859514249714,0,0,0.4352499999999833,CRITICAL LOW SOC
3403,56.71666666666667,-3.0,12.499593316273057,-37.49877994881917,4.39189037548743,99.97823333333452,26.724155783878363,0,0,0.43533333333331664,CRITICAL LOW SOC
3404,56.733333333333334,-3.0,12.500463904459838,-37.50139171337952,4.408560670721692,99.97822916666784,26.721457779093384,0,0,0.43541666666664997,CRITICAL LOW SOC
3405,56.75,-3.0,12.501334485109801,-37.5040034553294,4.425230966650702,99.97822500000117,26.71876548777001,0,0,0.4354999999999833,CRITICAL LOW SOC
3406,56.766666666666666,-3.0,12.502205058194491,-37.50661517458347,4.441901263274458,99.9782208333345,26.716078897809144,0,0,0.4355833333333166,CRITICAL LOW SOC
3407,56.78333333333333,-3.0,12.50307562368546,-37.50922687105638,4.4585715605929614,99.97821666666783,26.713397997137314,0,0,0.43566666666664994,CRITICAL LOW SOC
3408,56.8,-3.0,12.503946181554257,-37.51183854466277,4.4752418586062115,99.97821250000116,26.71072277370661,0,0,0.43574999999998326,CRITICAL LOW SOC
3409,56.81666666666667,-3.0,12.504816731772435,-37.5144501953173,4.491912157314209,99.97820833333449,26.708053215494644,0,0,0.4358333333333166,CRITICAL LOW SOC
3410,56.833333333333336,-3.0,12.505687274311553,-37.51706182293466,4.508582456716954,99.97820416666782,26.70538931050448,0,0,0.4359166666666499,CRITICAL LOW SOC
3411,56.85,-3.0,12.506557809143162,-37.51967342742949,4.525252756814446,99.97820000000115,26.702731046764587,0,0,0.43599999999998323,CRITICAL LOW SOC
3412,56.86666666666667,-3.0,12.507428336238826,-37.52228500871648,4.541923057606685,99.97819583333448,26.700078412328793,0,0,0.43608333333331656,CRITICAL LOW SOC
3413,56.88333333333333,-3.0,12.508298855570105,-37.52489656671032,4.558593359093672,99.97819166666781,26.697431395276215,0,0,0.4361666666666499,CRITICAL LOW SOC
3414,56.9,-3.0,12.509169367108566,-37.527508101325694,4.5752636612754065,99.97818750000114,26.694789983711217,0,0,0.4362499999999832,CRITICAL LOW SOC
3415,56.916666666666664,-3.0,12.51003987082577,-37.53011961247731,4.591933964151888,99.97818333333447,26.69215416576336,0,0,0.43633333333331653,CRITICAL LOW SOC
3416,56.93333333333333,-3.0,12.510910366693286,-37.53273110007986,4.608604267723117,99.9781791666678,26.68952392958733,0,0,0.43641666666664986,CRITICAL LOW SOC
3417,56.95,-3.0,12.511780854682689,-37.535342564048065,4.6252745719890935,99.97817500000113,26.68689926336291,0,0,0.4364999999999832,CRITICAL LOW SOC
3418,56.96666666666667,-3.0,12.512651334765545,-37.53795400429664,4.641944876949817,99.97817083333446,26.684280155294907,0,0,0.4365833333333165,CRITICAL LOW SOC
3419,56.983333333333334,-3.0,12.513521806913433,-37.5405654207403,4.658615182605289,99.97816666666779,26.681666593613105,0,0,0.4366666666666498,CRITICAL LOW SOC
3420,57.0,4.0,12.0,48.0,4.636388107471663,99.97816111111223,26.67979990492075,0,1,0.43677777777776094,UNDER-VOLTAGE PROTECTION; CRITICAL LOW SOC
3421,57.016666666666666,4.0,12.0,48.0,4.614161031102929,99.97815555555667,26.67793716931033,0,1,0.43688888888887206,UNDER-VOLTAGE PROTECTION; CRITICAL LOW SOC
3422,57.03333333333333,4.0,12.0,48.0,4.591933953499089,99.97815000000111,26.67607837841061,0,1,0.4369999999999832,UNDER-VOLTAGE PROTECTION; CRITICAL LOW SOC
3423,57.05,4.0,12.0,48.0,4.56970687466014,99.97814444444555,26.674223523868093,0,1,0.4371111111110943,UNDER-VOLTAGE PROTECTION; CRITICAL LOW SOC
3424,57.06666666666667,4.0,12.0,48.0,4.547479794586084,99.97813888888999,26.67237259734696,0,1,0.4372222222222054,UNDER-VOLTAGE PROTECTION; CRITICAL LOW SOC
3425,57.083333333333336,4.0,12.0,48.0,4.52525271327692,99.97813333333443,26.67052559052905,0,1,0.43733333333331653,UNDER-VOLTAGE PROTECTION; CRITICAL LOW SOC
3426,57.1,4.0,12.0,48.0,4.503025630732648,99.97812777777887,26.66868249511381,0,1,0.43744444444442765,UNDER-VOLTAGE PROTECTION; CRITICAL LOW SOC
3427,57.11666666666667,4.0,12.0,48.0,4.4807985469532685,99.9781222222233,26.666843302818275,0,1,0.43755555555553877,UNDER-VOLTAGE PROTECTION; CRITICAL LOW SOC
3428,57.13333333333333,4.0,12.0,48.0,4.458571461938781,99.97811666666774,26.665008005377015,0,1,0.4376666666666499,UNDER-VOLTAGE PROTECTION; CRITICAL LOW SOC
3429,57.15,4.0,12.0,48.0,4.436344375689185,99.97811111111218,26.663176594542097,0,1,0.437777777777761,UNDER-VOLTAGE PROTECTION; CRITICAL LOW SOC
3430,57.166666666666664,4.0,12.0,48.0,4.41411728820448,99.97810555555662,26.661349062083065,0,1,0.4378888888888721,UNDER-VOLTAGE PROTECTION; CRITICAL LOW SOC
3431,57.18333333333333,4.0,12.0,48.0,4.391890199484666,99.97810000000106,26.65952539978689,0,1,0.43799999999998324,UNDER-VOLTAGE PROTECTION; CRITICAL LOW SOC
3432,57.2,4.0,12.0,48.0,4.3696631095297445,99.9780944444455,26.65770559945793,0,1,0.43811111111109435,UNDER-VOLTAGE PROTECTION; CRITICAL LOW SOC
3433,57.21666666666667,4.0,12.0,48.0,4.347436018339714,99.97808888888994,26.655889652917903,0,1,0.43822222222220547,UNDER-VOLTAGE PROTECTION; CRITICAL LOW SOC
3434,57.233333333333334,4.0,12.0,48.0,4.325208925914573,99.97808333333438,26.65407755200584,0,1,0.4383333333333166,UNDER-VOLTAGE PROTECTION; CRITICAL LOW SOC
3435,57.25,4.0,12.0,48.0,4.302981832254324,99.97807777777882,26.652269288578065,0,1,0.4384444444444277,UNDER-VOLTAGE PROTECTION; CRITICAL LOW SOC
3436,57.266666666666666,4.0,12.0,48.0,4.280754737358966,99.97807222222326,26.650464854508137,0,1,0.4385555555555388,UNDER-VOLTAGE PROTECTION; CRITICAL LOW SOC
3437,57.28333333333333,4.0,12.0,48.0,4.258527641228498,99.9780666666677,26.648664241686824,0,1,0.43866666666664994,UNDER-VOLTAGE PROTECTION; CRITICAL LOW SOC
3438,57.3,4.0,12.0,48.0,4.23630054386292,99.97806111111214,26.646867442022074,0,1,0.43877777777776106,UNDER-VOLTAGE PROTECTION; CRITICAL LOW SOC
3439,57.31666666666667,4.0,12.0,48.0,4.214073445262232,99.97805555555658,26.64507444743897,0,1,0.4388888888888722,UNDER-VOLTAGE PROTECTION; CRITICAL LOW SOC
3440,57.333333333333336,4.0,12.0,48.0,4.191846345426435,99.97805000000102,26.643285249879685,0,1,0.4389999999999833,UNDER-VOLTAGE PROTECTION; CRITICAL LOW SOC
3441,57.35,4.0,12.0,48.0,4.169619244355528,99.97804444444546,26.64149984130347,0,1,0.4391111111110944,UNDER-VOLTAGE PROTECTION; CRITICAL LOW SOC
3442,57.36666666666667,4.0,12.0,48.0,4.147392142049511,99.9780388888899,26.639718213686592,0,1,0.4392222222222055,UNDER-VOLTAGE PROTECTION; CRITICAL LOW SOC
3443,57.38333333333333,4.0,12.0,48.0,4.125165038508383,99.97803333333434,26.637940359022316,0,1,0.43933333333331664,UNDER-VOLTAGE PROTECTION; CRITICAL LOW SOC
3444,57.4,4.0,12.0,48.0,4.102937933732146,99.97802777777878,26.636166269320857,0,1,0.43944444444442776,UNDER-VOLTAGE PROTECTION; CRITICAL LOW SOC
3445,57.416666666666664,4.0,12.0,48.0,4.0807108277207975,99.97802222222322,26.634395936609355,0,1,0.4395555555555389,UNDER-VOLTAGE PROTECTION; CRITICAL LOW SOC
3446,57.43333333333333,4.0,12.0,48.0,4.058483720474339,99.97801666666766,26.63262935293183,0,1,0.43966666666665,UNDER-VOLTAGE PROTECTION; CRITICAL LOW SOC
3447,57.45,4.0,12.0,48.0,4.036256611992769,99.9780111111121,26.63086651034915,0,1,0.4397777777777611,UNDER-VOLTAGE PROTECTION; CRITICAL LOW SOC
3448,57.46666666666667,4.0,12.0,48.0,4.014029502276088,99.97800555555654,26.629107400939,0,1,0.43988888888887223,UNDER-VOLTAGE PROTECTION; CRITICAL LOW SOC
3449,57.483333333333334,4.0,12.0,48.0,3.9918023913242964,99.97800000000097,26.627352016795832,0,1,0.43999999999998335,UNDER-VOLTAGE PROTECTION; CRITICAL LOW SOC
3450,57.5,4.0,12.0,48.0,3.969575279137393,99.97799444444541,26.625600350030854,0,1,0.44011111111109447,UNDER-VOLTAGE PROTECTION; CRITICAL LOW SOC
3451,57.516666666666666,4.0,12.0,48.0,3.9473481657153786,99.97798888888985,26.623852392771965,0,1,0.4402222222222056,UNDER-VOLTAGE PROTECTION; CRITICAL LOW SOC
3452,57.53333333333333,4.0,12.0,48.0,3.9251210510582526,99.9779833333343,26.622108137163742,0,1,0.4403333333333167,UNDER-VOLTAGE PROTECTION; CRITICAL LOW SOC
3453,57.55,4.0,12.0,48.0,3.902893935166015,99.97797777777873,26.620367575367396,0,1,0.4404444444444278,UNDER-VOLTAGE PROTECTION; CRITICAL LOW SOC
3454,57.56666666666667,4.0,12.0,48.0,3.8806668180386654,99.97797222222317,26.618630699560736,0,1,0.44055555555553894,UNDER-VOLTAGE PROTECTION; CRITICAL LOW SOC
3455,57.583333333333336,4.0,12.0,48.0,3.8584396996762043,99.97796666666761,26.616897501938137,0,1,0.44066666666665005,UNDER-VOLTAGE PROTECTION; CRITICAL LOW SOC
3456,57.6,4.0,12.0,48.0,3.836212580078631,99.97796111111205,26.615167974710502,0,1,0.44077777777776117,UNDER-VOLTAGE PROTECTION; CRITICAL LOW SOC
3457,57.61666666666667,4.0,12.0,48.0,3.8139854592459455,99.97795555555649,26.613442110105233,0,1,0.4408888888888723,UNDER-VOLTAGE PROTECTION; CRITICAL LOW SOC
3458,57.63333333333333,4.0,12.0,48.0,3.791758337178148,99.97795000000093,26.611719900366186,0,1,0.4409999999999834,UNDER-VOLTAGE PROTECTION; CRITICAL LOW SOC
3459,57.65,4.0,12.0,48.0,3.7695312138752377,99.97794444444537,26.610001337753644,0,1,0.4411111111110945,UNDER-VOLTAGE PROTECTION; CRITICAL LOW SOC
3460,57.666666666666664,4.0,12.0,48.0,3.7473040893372147,99.97793888888981,26.608286414544285,0,1,0.44122222222220564,UNDER-VOLTAGE PROTECTION; CRITICAL LOW SOC
3461,57.68333333333333,4.0,12.0,48.0,3.7250769635640792,99.97793333333425,26.60657512303113,0,1,0.44133333333331676,UNDER-VOLTAGE PROTECTION; CRITICAL LOW SOC
3462,57.7,4.0,12.0,48.0,3.702849836555831,99.97792777777869,26.604867455523536,0,1,0.4414444444444279,UNDER-VOLTAGE PROTECTION; CRITICAL LOW SOC
3463,57.71666666666667,4.0,12.0,48.0,3.680622708312469,99.97792222222313,26.603163404347132,0,1,0.441555555555539,UNDER-VOLTAGE PROTECTION; CRITICAL LOW SOC
3464,57.733333333333334,4.0,12.0,48.0,3.6583955788339946,99.97791666666757,26.601462961843808,0,1,0.4416666666666501,UNDER-VOLTAGE PROTECTION; CRITICAL LOW SOC
3465,57.75,4.0,12.0,48.0,3.6361684481204066,99.97791111111201,26.59976612037167,0,1,0.4417777777777612,UNDER-VOLTAGE PROTECTION; CRITICAL LOW SOC
3466,57.766666666666666,4.0,12.0,48.0,3.6139413161717053,99.97790555555645,26.598072872305,0,1,0.44188888888887234,UNDER-VOLTAGE PROTECTION; CRITICAL LOW SOC
3467,57.78333333333333,4.0,12.0,48.0,3.5917141829878902,99.97790000000089,26.596383210034237,0,1,0.44199999999998346,UNDER-VOLTAGE PROTECTION; CRITICAL LOW SOC
3468,57.8,4.0,12.0,48.0,3.569487048568962,99.97789444444533,26.59469712596593,0,1,0.4421111111110946,UNDER-VOLTAGE PROTECTION; CRITICAL LOW SOC
3469,57.81666666666667,4.0,12.0,48.0,3.547259912914919,99.97788888888977,26.59301461252271,0,1,0.4422222222222057,UNDER-VOLTAGE PROTECTION; CRITICAL LOW SOC
3470,57.833333333333336,4.0,12.0,48.0,3.5250327760257627,99.9778833333342,26.591335662143248,0,1,0.4423333333333168,UNDER-VOLTAGE PROTECTION; CRITICAL LOW SOC
3471,57.85,4.0,12.0,48.0,3.502805637901492,99.97787777777864,26.589660267282238,0,1,0.44244444444442793,UNDER-VOLTAGE PROTECTION; CRITICAL LOW SOC
3472,57.86666666666667,4.0,12.0,48.0,3.480578498542107,99.97787222222308,26.587988420410344,0,1,0.44255555555553905,UNDER-VOLTAGE PROTECTION; CRITICAL LOW SOC
3473,57.88333333333333,4.0,12.0,48.0,3.458351357947608,99.97786666666752,26.586320114014182,0,1,0.44266666666665017,UNDER-VOLTAGE PROTECTION; CRITICAL LOW SOC
3474,57.9,4.0,12.0,48.0,3.436124216117994,99.97786111111196,26.58465534059627,0,1,0.4427777777777613,UNDER-VOLTAGE PROTECTION; CRITICAL LOW SOC
3475,57.916666666666664,4.0,12.0,48.0,3.4138970730532656,99.9778555555564,26.58299409267501,0,1,0.4428888888888724,UNDER-VOLTAGE PROTECTION; CRITICAL LOW SOC
3476,57.93333333333333,4.0,12.0,48.0,3.3916699287534224,99.97785000000084,26.581336362784636,0,1,0.4429999999999835,UNDER-VOLTAGE PROTECTION; CRITICAL LOW SOC
3477,57.95,4.0,12.0,48.0,3.3694427832184646,99.97784444444528,26.57968214347521,0,1,0.44311111111109464,UNDER-VOLTAGE PROTECTION; CRITICAL LOW SOC
3478,57.96666666666667,4.0,12.0,48.0,3.3472156364483916,99.97783888888972,26.578031427312556,0,1,0.44322222222220575,UNDER-VOLTAGE PROTECTION; CRITICAL LOW SOC
3479,57.983333333333334,4.0,12.0,48.0,3.3249884884432035,99.97783333333416,26.57638420687825,0,1,0.44333333333331687,UNDER-VOLTAGE PROTECTION; CRITICAL LOW SOC
3480,58.0,4.0,12.0,48.0,3.3027613392029,99.9778277777786,26.574740474769566,0,1,0.443444444444428,UNDER-VOLTAGE PROTECTION; CRITICAL LOW SOC
3481,58.016666666666666,4.0,12.0,48.0,3.2805341887274806,99.97782222222304,26.573100223599464,0,1,0.4435555555555391,UNDER-VOLTAGE PROTECTION; CRITICAL LOW SOC
3482,58.03333333333333,4.0,12.0,48.0,3.258307037016946,99.97781666666748,26.57146344599655,0,1,0.4436666666666502,UNDER-VOLTAGE PROTECTION; CRITICAL LOW SOC
3483,58.05,4.0,12.0,48.0,3.2360798840712954,99.97781111111192,26.569830134605027,0,1,0.44377777777776134,UNDER-VOLTAGE PROTECTION; CRITICAL LOW SOC
3484,58.06666666666667,4.0,12.0,48.0,3.213852729890529,99.97780555555636,26.568200282084685,0,1,0.44388888888887246,UNDER-VOLTAGE PROTECTION; CRITICAL LOW SOC
3485,58.083333333333336,4.0,12.0,48.0,3.1916255744746467,99.9778000000008,26.56657388111086,0,1,0.4439999999999836,UNDER-VOLTAGE PROTECTION; CRITICAL LOW SOC
3486,58.1,4.0,12.0,48.0,3.1693984178236483,99.97779444444524,26.56495092437439,0,1,0.4441111111110947,UNDER-VOLTAGE PROTECTION; CRITICAL LOW SOC
3487,58.11666666666667,4.0,12.0,48.0,3.1471712599375334,99.97778888888968,26.563331404581596,0,1,0.4442222222222058,UNDER-VOLTAGE PROTECTION; CRITICAL LOW SOC
3488,58.13333333333333,4.0,12.0,48.0,3.124944100816302,99.97778333333412,26.561715314454247,0,1,0.4443333333333169,UNDER-VOLTAGE PROTECTION; CRITICAL LOW SOC
3489,58.15,4.0,12.0,48.0,3.1027169404599544,99.97777777777856,26.560102646729522,0,1,0.44444444444442804,UNDER-VOLTAGE PROTECTION; CRITICAL LOW SOC
3490,58.166666666666664,4.0,12.0,48.0,3.0804897788684897,99.977772222223,26.558493394159978,0,1,0.44455555555553916,UNDER-VOLTAGE PROTECTION; CRITICAL LOW SOC
3491,58.18333333333333,4.0,12.0,48.0,3.058262616041908,99.97776666666743,26.556887549513522,0,1,0.4446666666666503,UNDER-VOLTAGE PROTECTION; CRITICAL LOW SOC
3492,58.2,4.0,12.0,48.0,3.0360354519802097,99.97776111111187,26.555285105573375,0,1,0.4447777777777614,UNDER-VOLTAGE PROTECTION; CRITICAL LOW SOC
3493,58.21666666666667,4.0,12.0,48.0,3.0138082866833944,99.97775555555631,26.553686055138044,0,1,0.4448888888888725,UNDER-VOLTAGE PROTECTION; CRITICAL LOW SOC
3494,58.233333333333334,4.0,12.0,48.0,2.9915811201514617,99.97775000000075,26.55209039102128,0,1,0.44499999999998363,UNDER-VOLTAGE PROTECTION; CRITICAL LOW SOC
3495,58.25,4.0,12.0,48.0,2.9693539523844117,99.9777444444452,26.55049810605206,0,1,0.44511111111109475,UNDER-VOLTAGE PROTECTION; CRITICAL LOW SOC
3496,58.266666666666666,4.0,12.0,48.0,2.947126783382244,99.97773888888963,26.54890919307454,0,1,0.44522222222220587,UNDER-VOLTAGE PROTECTION; CRITICAL LOW SOC
3497,58.28333333333333,4.0,12.0,48.0,2.9248996131449583,99.97773333333407,26.54732364494803,0,1,0.445333333333317,UNDER-VOLTAGE PROTECTION; CRITICAL LOW SOC
3498,58.3,4.0,12.0,48.0,2.902672441672555,99.97772777777851,26.545741454546963,0,1,0.4454444444444281,UNDER-VOLTAGE PROTECTION; CRITICAL LOW SOC
3499,58.31666666666667,4.0,12.0,48.0,2.8804452689650337,99.97772222222295,26.544162614760864,0,1,0.4455555555555392,UNDER-VOLTAGE PROTECTION; CRITICAL LOW SOC
3500,58.333333333333336,4.0,12.0,48.0,2.8582180950223943,99.97771666666739,26.54258711849431,0,1,0.44566666666665034,UNDER-VOLTAGE PROTECTION; CRITICAL LOW SOC
3501,58.35,4.0,12.0,48.0,2.8359909198446367,99.97771111111183,26.54101495866691,0,1,0.44577777777776145,UNDER-VOLTAGE PROTECTION; CRITICAL LOW SOC
3502,58.36666666666667,4.0,12.0,48.0,2.813763743431761,99.97770555555627,26.539446128213264,0,1,0.44588888888887257,UNDER-VOLTAGE PROTECTION; CRITICAL LOW SOC
3503,58.38333333333333,4.0,12.0,48.0,2.7915365657837663,99.97770000000071,26.53788062008293,0,1,0.4459999999999837,UNDER-VOLTAGE PROTECTION; CRITICAL LOW SOC
3504,58.4,4.0,12.0,48.0,2.769309386900653,99.97769444444515,26.536318427240403,0,1,0.4461111111110948,UNDER-VOLTAGE PROTECTION; CRITICAL LOW SOC
3505,58.416666666666664,4.0,12.0,48.0,2.747082206782421,99.97768888888959,26.53475954266507,0,1,0.4462222222222059,UNDER-VOLTAGE PROTECTION; CRITICAL LOW SOC
3506,58.43333333333333,4.0,12.0,48.0,2.7248550254290707,99.97768333333403,26.53320395935119,0,1,0.44633333333331704,UNDER-VOLTAGE PROTECTION; CRITICAL LOW SOC
3507,58.45,4.0,12.0,48.0,2.702627842840601,99.97767777777847,26.53165167030786,0,1,0.44644444444442816,UNDER-VOLTAGE PROTECTION; CRITICAL LOW SOC
3508,58.46666666666667,4.0,12.0,48.0,2.680400659017012,99.9776722222229,26.53010266855897,0,1,0.4465555555555393,UNDER-VOLTAGE PROTECTION; CRITICAL LOW SOC
3509,58.483333333333334,4.0,12.0,48.0,2.658173473958304,99.97766666666735,26.528556947143198,0,1,0.4466666666666504,UNDER-VOLTAGE PROTECTION; CRITICAL LOW SOC
3510,58.5,4.0,12.0,48.0,2.6359462876644764,99.97766111111179,26.527014499113953,0,1,0.4467777777777615,UNDER-VOLTAGE PROTECTION; CRITICAL LOW SOC
3511,58.516666666666666,4.0,12.0,48.0,2.613719100135529,99.97765555555623,26.52547531753936,0,1,0.4468888888888726,UNDER-VOLTAGE PROTECTION; CRITICAL LOW SOC
3512,58.53333333333333,4.0,12.0,48.0,2.591491911371462,99.97765000000066,26.523939395502218,0,1,0.44699999999998374,UNDER-VOLTAGE PROTECTION; CRITICAL LOW SOC
3513,58.55,4.0,12.0,48.0,2.569264721372275,99.9776444444451,26.522406726099977,0,1,0.44711111111109486,UNDER-VOLTAGE PROTECTION; CRITICAL LOW SOC
3514,58.56666666666667,4.0,12.0,48.0,2.5470375301379677,99.97763888888954,26.520877302444706,0,1,0.447222222222206,UNDER-VOLTAGE PROTECTION; CRITICAL LOW SOC
3515,58.583333333333336,4.0,12.0,48.0,2.5248103376685407,99.97763333333398,26.51935111766306,0,1,0.4473333333333171,UNDER-VOLTAGE PROTECTION; CRITICAL LOW SOC
3516,58.6,4.0,12.0,48.0,2.502583143963993,99.97762777777842,26.517828164896244,0,1,0.4474444444444282,UNDER-VOLTAGE PROTECTION; CRITICAL LOW SOC
3517,58.61666666666667,4.0,12.0,48.0,2.480355949024325,99.97762222222286,26.516308437299994,0,1,0.44755555555553933,UNDER-VOLTAGE PROTECTION; CRITICAL LOW SOC
3518,58.63333333333333,4.0,12.0,48.0,2.458128752849537,99.9776166666673,26.514791928044534,0,1,0.44766666666665045,UNDER-VOLTAGE PROTECTION; CRITICAL LOW SOC
3519,58.65,4.0,12.0,48.0,2.435901555439628,99.97761111111174,26.51327863031456,0,1,0.44777777777776157,UNDER-VOLTAGE PROTECTION; CRITICAL LOW SOC
3520,58.666666666666664,1.0,12.0370311817816,12.0370311817816,2.4303447557783704,99.97760972222285,26.510179946334187,0,0,0.44780555555553936,CRITICAL LOW SOC
3521,58.68333333333333,1.0,12.036740754827191,12.036740754827191,2.4247879560399177,99.97760833333396,26.507087824274304,0,0,0.44783333333331715,CRITICAL LOW SOC
3522,58.7,1.0,12.03645032740489,12.03645032740489,2.4192311562242703,99.97760694444507,26.504002250239076,0,0,0.44786111111109494,CRITICAL LOW SOC
3523,58.71666666666667,1.0,12.036159899515761,12.036159899515761,2.413674356331428,99.97760555555618,26.5009232103621,0,0,0.44788888888887274,CRITICAL LOW SOC
3524,58.733333333333334,1.0,12.035869471160863,12.035869471160863,2.40811755636139,99.97760416666729,26.497850690806334,0,0,0.44791666666665053,CRITICAL LOW SOC
3525,58.75,1.0,12.035579042341258,12.035579042341258,2.4025607563141573,99.9776027777784,26.494784677764038,0,0,0.4479444444444283,CRITICAL LOW SOC
3526,58.766666666666666,1.0,12.035288613058007,12.035288613058007,2.3970039561897294,99.97760138888951,26.491725157456713,0,0,0.4479722222222061,CRITICAL LOW SOC
3527,58.78333333333333,1.0,12.03499818331217,12.03499818331217,2.3914471559881063,99.97760000000062,26.48867211613504,0,0,0.4479999999999839,CRITICAL LOW SOC
3528,58.8,1.0,12.034707753104808,12.034707753104808,2.3858903557092885,99.97759861111173,26.48562554007881,0,0,0.4480277777777617,CRITICAL LOW SOC
3529,58.81666666666667,1.0,12.034417322436983,12.034417322436983,2.3803335553532756,99.97759722222284,26.48258541559688,0,0,0.4480555555555395,CRITICAL LOW SOC
3530,58.833333333333336,1.0,12.034126891309757,12.034126891309757,2.3747767549200676,99.97759583333395,26.479551729027087,0,0,0.4480833333333173,CRITICAL LOW SOC
3531,58.85,1.0,12.033836459724188,12.033836459724188,2.3692199544096644,99.97759444444506,26.476524466736205,0,0,0.4481111111110951,CRITICAL LOW SOC
3532,58.86666666666667,1.0,12.033546027681341,12.033546027681341,2.363663153822066,99.97759305555617,26.47350361511988,0,0,0.4481388888888729,CRITICAL LOW SOC
3533,58.88333333333333,1.0,12.033255595182275,12.033255595182275,2.3581063531572726,99.97759166666728,26.47048916060257,0,0,0.44816666666665067,CRITICAL LOW SOC
3534,58.9,1.0,12.03296516222805,12.03296516222805,2.352549552415284,99.97759027777839,26.46748108963747,0,0,0.44819444444442846,CRITICAL LOW SOC
3535,58.916666666666664,1.0,12.032674728819726,12.032674728819726,2.3469927515961,99.9775888888895,26.464479388706472,0,0,0.44822222222220626,CRITICAL LOW SOC
3536,58.93333333333333,1.0,12.03238429495837,12.03238429495837,2.3414359506997218,99.97758750000061,26.461484044320095,0,0,0.44824999999998405,CRITICAL LOW SOC
3537,58.95,1.0,12.032093860645038,12.032093860645038,2.335879149726148,99.97758611111172,26.458495043017418,0,0,0.44827777777776184,CRITICAL LOW SOC
3538,58.96666666666667,1.0,12.03180342588079,12.03180342588079,2.3303223486753795,99.97758472222283,26.45551237136603,0,0,0.44830555555553964,CRITICAL LOW SOC
3539,58.983333333333334,1.0,12.031512990666691,12.031512990666691,2.3247655475474156,99.97758333333394,26.45253601596196,0,0,0.44833333333331743,CRITICAL LOW SOC
3540,59.0,1.0,12.031222555003803,12.031222555003803,2.3192087463422566,99.97758194444505,26.44956596342963,0,0,0.4483611111110952,CRITICAL LOW SOC
3541,59.016666666666666,1.0,12.030932118893181,12.030932118893181,2.3136519450599025,99.97758055555616,26.44660220042178,0,0,0.448388888888873,CRITICAL LOW SOC
3542,59.03333333333333,1.0,12.030641682335894,12.030641682335894,2.308095143700353,99.97757916666727,26.443644713619417,0,0,0.4484166666666508,CRITICAL LOW SOC
3543,59.05,1.0,12.030351245332996,12.030351245332996,2.3025383422636088,99.97757777777838,26.440693489731753,0,0,0.4484444444444286,CRITICAL LOW SOC
3544,59.06666666666667,1.0,12.030060807885553,12.030060807885553,2.296981540749669,99.97757638888949,26.437748515496146,0,0,0.4484722222222064,CRITICAL LOW SOC
3545,59.083333333333336,1.0,12.029770369994624,12.029770369994624,2.2914247391585345,99.9775750000006,26.434809777678037,0,0,0.4484999999999842,CRITICAL LOW SOC
3546,59.1,1.0,12.029479931661275,12.029479931661275,2.2858679374902047,99.97757361111171,26.431877263070895,0,0,0.448527777777762,CRITICAL LOW SOC
3547,59.11666666666667,1.0,12.029189492886557,12.029189492886557,2.2803111357446797,99.97757222222282,26.428950958496156,0,0,0.4485555555555398,CRITICAL LOW SOC
3548,59.13333333333333,1.0,12.028899053671543,12.028899053671543,2.27475433392196,99.97757083333393,26.426030850803166,0,0,0.44858333333331757,CRITICAL LOW SOC
3549,59.15,1.0,12.028608614017287,12.028608614017287,2.269197532022045,99.97756944444504,26.423116926869113,0,0,0.44861111111109536,CRITICAL LOW SOC
3550,59.166666666666664,1.0,12.028318173924852,12.028318173924852,2.2636407300449353,99.97756805555615,26.42020917359898,0,0,0.44863888888887316,CRITICAL LOW SOC
3551,59.18333333333333,1.0,12.0280277333953,12.0280277333953,2.25808392799063,99.97756666666726,26.417307577925477,0,0,0.44866666666665095,CRITICAL LOW SOC
3552,59.2,1.0,12.02773729242969,12.02773729242969,2.25252712585913,99.97756527777837,26.414412126808987,0,0,0.44869444444442874,CRITICAL LOW SOC
3553,59.21666666666667,1.0,12.027446851029088,12.027446851029088,2.2469703236504346,99.97756388888948,26.41152280723751,0,0,0.44872222222220653,CRITICAL LOW SOC
3554,59.233333333333334,1.0,12.027156409194548,12.027156409194548,2.241413521364544,99.97756250000059,26.408639606226597,0,0,0.44874999999998433,CRITICAL LOW SOC
3555,59.25,1.0,12.026865966927142,12.026865966927142,2.2358567190014584,99.9775611111117,26.405762510819294,0,0,0.4487777777777621,CRITICAL LOW SOC
3556,59.266666666666666,1.0,12.02657552422792,12.02657552422792,2.2302999165611777,99.97755972222281,26.40289150808609,0,0,0.4488055555555399,CRITICAL LOW SOC
3557,59.28333333333333,1.0,12.026285081097951,12.026285081097951,2.2247431140437017,99.97755833333392,26.40002658512485,0,0,0.4488333333333177,CRITICAL LOW SOC
3558,59.3,1.0,12.025994637538295,12.025994637538295,2.2191863114490307,99.97755694444503,26.39716772906076,0,0,0.4488611111110955,CRITICAL LOW SOC
3559,59.31666666666667,1.0,12.025704193550013,12.025704193550013,2.2136295087771645,99.97755555555614,26.39431492704628,0,0,0.4488888888888733,CRITICAL LOW SOC
3560,59.333333333333336,1.0,12.025413749134165,12.025413749134165,2.208072706028103,99.97755416666725,26.391468166261067,0,0,0.4489166666666511,CRITICAL LOW SOC
3561,59.35,1.0,12.02512330429181,12.02512330429181,2.2025159032018466,99.97755277777836,26.388627433911925,0,0,0.4489444444444289,CRITICAL LOW SOC
3562,59.36666666666667,1.0,12.024832859024016,12.024832859024016,2.196959100298395,99.97755138888947,26.385792717232757,0,0,0.4489722222222067,CRITICAL LOW SOC
3563,59.38333333333333,1.0,12.024542413331842,12.024542413331842,2.1914022973177483,99.97755000000058,26.3829640034845,0,0,0.44899999999998447,CRITICAL LOW SOC
3564,59.4,1.0,12.02425196721635,12.02425196721635,2.1858454942599064,99.97754861111169,26.380141279955062,0,0,0.44902777777776226,CRITICAL LOW SOC
3565,59.416666666666664,1.0,12.023961520678597,12.023961520678597,2.1802886911248693,99.9775472222228,26.377324533959275,0,0,0.44905555555554005,CRITICAL LOW SOC
3566,59.43333333333333,1.0,12.02367107371965,12.02367107371965,2.174731887912637,99.9775458333339,26.374513752838833,0,0,0.44908333333331785,CRITICAL LOW SOC
3567,59.45,1.0,12.023380626340568,12.023380626340568,2.16917508462321,99.97754444444502,26.371708923962235,0,0,0.44911111111109564,CRITICAL LOW SOC
3568,59.46666666666667,1.0,12.023090178542411,12.023090178542411,2.1636182812565874,99.97754305555613,26.368910034724728,0,0,0.44913888888887343,CRITICAL LOW SOC
3569,59.483333333333334,1.0,12.022799730326245,12.022799730326245,2.15806147781277,99.97754166666724,26.366117072548253,0,0,0.4491666666666512,CRITICAL LOW SOC
3570,59.5,1.0,12.022509281693127,12.022509281693127,2.152504674291757,99.97754027777835,26.363330024881385,0,0,0.449194444444429,CRITICAL LOW SOC
3571,59.516666666666666,1.0,12.022218832644121,12.022218832644121,2.1469478706935488,99.97753888888946,26.360548879199282,0,0,0.4492222222222068,CRITICAL LOW SOC
3572,59.53333333333333,1.0,12.021928383180288,12.021928383180288,2.1413910670181453,99.97753750000057,26.357773623003624,0,0,0.4492499999999846,CRITICAL LOW SOC
3573,59.55,1.0,12.021637933302692,12.021637933302692,2.1358342632655467,99.97753611111168,26.355004243822556,0,0,0.4492777777777624,CRITICAL LOW SOC
3574,59.56666666666667,1.0,12.02134748301239,12.02134748301239,2.130277459435753,99.97753472222279,26.35224072921064,0,0,0.4493055555555402,CRITICAL LOW SOC
3575,59.583333333333336,1.0,12.021057032310448,12.021057032310448,2.124720655528764,99.9775333333339,26.349483066748782,0,0,0.449333333333318,CRITICAL LOW SOC
3576,59.6,1.0,12.020766581197925,12.020766581197925,2.11916385154458,99.977531944445,26.346731244044197,0,0,0.4493611111110958,CRITICAL LOW SOC
3577,59.61666666666667,1.0,12.020476129675883,12.020476129675883,2.113607047483201,99.97753055555611,26.343985248730338,0,0,0.44938888888887357,CRITICAL LOW SOC
3578,59.63333333333333,1.0,12.020185677745385,12.020185677745385,2.1080502433446267,99.97752916666722,26.34124506846685,0,0,0.44941666666665137,CRITICAL LOW SOC
3579,59.65,1.0,12.019895225407488,12.019895225407488,2.1024934391288572,99.97752777777833,26.338510690939508,0,0,0.44944444444442916,CRITICAL LOW SOC
3580,59.666666666666664,1.0,12.019604772663262,12.019604772663262,2.0969366348358927,99.97752638888944,26.335782103860165,0,0,0.44947222222220695,CRITICAL LOW SOC
3581,59.68333333333333,1.0,12.01931431951376,12.01931431951376,2.091379830465733,99.97752500000055,26.333059294966695,0,0,0.44949999999998475,CRITICAL LOW SOC
3582,59.7,1.0,12.019023865960053,12.019023865960053,2.085823026018378,99.97752361111166,26.33034225202294,0,0,0.44952777777776254,CRITICAL LOW SOC
3583,59.71666666666667,1.0,12.018733412003192,12.018733412003192,2.0802662214938277,99.97752222222277,26.327630962818656,0,0,0.44955555555554033,CRITICAL LOW SOC
3584,59.733333333333334,1.0,12.018442957644247,12.018442957644247,2.074709416892082,99.97752083333388,26.324925415169453,0,0,0.4495833333333181,CRITICAL LOW SOC
3585,59.75,1.0,12.018152502884279,12.018152502884279,2.0691526122131414,99.977519444445,26.32222559691674,0,0,0.4496111111110959,CRITICAL LOW SOC
3586,59.766666666666666,1.0,12.017862047724343,12.017862047724343,2.0635958074570055,99.9775180555561,26.31953149592768,0,0,0.4496388888888737,CRITICAL LOW SOC
3587,59.78333333333333,1.0,12.017571592165508,12.017571592165508,2.0580390026236746,99.97751666666721,26.316843100095127,0,0,0.4496666666666515,CRITICAL LOW SOC
3588,59.8,1.0,12.017281136208833,12.017281136208833,2.0524821977131484,99.97751527777832,26.314160397337574,0,0,0.4496944444444293,CRITICAL LOW SOC
3589,59.81666666666667,1.0,12.01699067985538,12.01699067985538,2.046925392725427,99.97751388888943,26.311483375599096,0,0,0.4497222222222071,CRITICAL LOW SOC
3590,59.833333333333336,1.0,12.016700223106211,12.016700223106211,2.0413685876605103,99.97751250000054,26.3088120228493,0,0,0.4497499999999849,CRITICAL LOW SOC
3591,59.85,1.0,12.016409765962388,12.016409765962388,2.0358117825183983,99.97751111111165,26.306146327083265,0,0,0.4497777777777627,CRITICAL LOW SOC
3592,59.86666666666667,1.0,12.016119308424974,12.016119308424974,2.030254977299091,99.97750972222276,26.3034862763215,0,0,0.44980555555554047,CRITICAL LOW SOC
3593,59.88333333333333,1.0,12.015828850495026,12.015828850495026,2.024698172002589,99.97750833333387,26.30083185860988,0,0,0.44983333333331826,CRITICAL LOW SOC
3594,59.9,1.0,12.015538392173614,12.015538392173614,2.0191413666288915,99.97750694444498,26.298183062019586,0,0,0.44986111111109606,CRITICAL LOW SOC
3595,59.916666666666664,1.0,12.01524793346179,12.01524793346179,2.013584561177999,99.97750555555609,26.295539874647073,0,0,0.44988888888887385,CRITICAL LOW SOC
3596,59.93333333333333,1.0,12.014957474360626,12.014957474360626,2.008027755649911,99.9775041666672,26.292902284613998,0,0,0.44991666666665164,CRITICAL LOW SOC
3597,59.95,1.0,12.014667014871174,12.014667014871174,2.0024709500446276,99.97750277777831,26.29027028006717,0,0,0.44994444444442944,CRITICAL LOW SOC
3598,59.96666666666667,1.0,12.014376554994504,12.014376554994504,1.9969141443621492,99.97750138888942,26.287643849178497,0,0,0.44997222222220723,CRITICAL LOW SOC
3599,59.983333333333334,1.0,12.014086094731674,12.014086094731674,1.9913573386024757,99.97750000000053,26.285022980144944,0,0,0.449999999999985,CRITICAL LOW SOC
